ISO-10303-21;
HEADER;
FILE_DESCRIPTION (( 'STEP AP214' ),
    '1' );
FILE_NAME ('Ê÷Ý®ÅÉ4b¶¥¿Ç.STEP',
    '2026-04-10T13:01:59',
    ( '' ),
    ( '' ),
    'SwSTEP 2.0',
    'SolidWorks 2025',
    '' );
FILE_SCHEMA (( 'AUTOMOTIVE_DESIGN' ));
ENDSEC;

DATA;
#1 = AXIS2_PLACEMENT_3D ( 'NONE', #2123, #2104, #68 ) ;
#2 = ORIENTED_EDGE ( 'NONE', *, *, #522, .F. ) ;
#3 = DIRECTION ( 'NONE',  ( -0.5000000000000000000, 0.000000000000000000, -0.8660254037844385966 ) ) ;
#4 = ORIENTED_EDGE ( 'NONE', *, *, #457, .T. ) ;
#5 = LINE ( 'NONE', #2539, #4486 ) ;
#6 = AXIS2_PLACEMENT_3D ( 'NONE', #2842, #4536, #4115 ) ;
#7 = CARTESIAN_POINT ( 'NONE',  ( 0.7499999999999867883, -5.000000000000000000, 11.99999999999999112 ) ) ;
#8 = VECTOR ( 'NONE', #3063, 1000.000000000000000 ) ;
#9 = EDGE_CURVE ( 'NONE', #2570, #1115, #1148, .T. ) ;
#10 = LINE ( 'NONE', #1760, #355 ) ;
#11 = LINE ( 'NONE', #2205, #3201 ) ;
#12 = ORIENTED_EDGE ( 'NONE', *, *, #5246, .T. ) ;
#13 = ADVANCED_FACE ( 'NONE', ( #2790 ), #1128, .T. ) ;
#14 = ORIENTED_EDGE ( 'NONE', *, *, #3767, .T. ) ;
#15 = DIRECTION ( 'NONE',  ( 0.000000000000000000, 1.000000000000000000, 0.000000000000000000 ) ) ;
#16 = DIRECTION ( 'NONE',  ( 0.000000000000000000, 0.000000000000000000, 1.000000000000000000 ) ) ;
#17 = EDGE_LOOP ( 'NONE', ( #1295, #3587, #1697, #2594, #5123, #4719 ) ) ;
#18 = FACE_OUTER_BOUND ( 'NONE', #5301, .T. ) ;
#19 = LINE ( 'NONE', #3406, #97 ) ;
#20 = EDGE_CURVE ( 'NONE', #4674, #4108, #2042, .T. ) ;
#21 = VERTEX_POINT ( 'NONE', #4122 ) ;
#22 = ADVANCED_FACE ( 'NONE', ( #285 ), #3342, .F. ) ;
#23 = CARTESIAN_POINT ( 'NONE',  ( -16.04297823929769251, -5.000000000000000000, 22.98825573115782817 ) ) ;
#24 = ORIENTED_EDGE ( 'NONE', *, *, #2147, .F. ) ;
#25 = DIRECTION ( 'NONE',  ( 0.000000000000000000, 1.000000000000000000, 0.000000000000000000 ) ) ;
#26 = VERTEX_POINT ( 'NONE', #1957 ) ;
#27 = AXIS2_PLACEMENT_3D ( 'NONE', #1807, #3508, #1948 ) ;
#28 = DIRECTION ( 'NONE',  ( 0.000000000000000000, 1.000000000000000000, -0.000000000000000000 ) ) ;
#29 = ORIENTED_EDGE ( 'NONE', *, *, #1233, .T. ) ;
#30 = FACE_OUTER_BOUND ( 'NONE', #4774, .T. ) ;
#31 = VECTOR ( 'NONE', #2744, 1000.000000000000000 ) ;
#32 = DIRECTION ( 'NONE',  ( 0.4999999999999997224, 0.000000000000000000, -0.8660254037844388186 ) ) ;
#33 = ORIENTED_EDGE ( 'NONE', *, *, #3080, .T. ) ;
#34 = CARTESIAN_POINT ( 'NONE',  ( 0.7499999999999867883, -5.000000000000000000, -11.99999999999999112 ) ) ;
#35 = DIRECTION ( 'NONE',  ( -1.000000000000000000, 0.000000000000000000, 5.551115123125782702E-17 ) ) ;
#36 = VECTOR ( 'NONE', #3765, 1000.000000000000000 ) ;
#37 = VECTOR ( 'NONE', #2591, 1000.000000000000000 ) ;
#38 = DIRECTION ( 'NONE',  ( 0.4999999999999998890, -0.000000000000000000, 0.8660254037844387076 ) ) ;
#39 = ORIENTED_EDGE ( 'NONE', *, *, #1930, .T. ) ;
#40 = VECTOR ( 'NONE', #2560, 1000.000000000000000 ) ;
#41 = DIRECTION ( 'NONE',  ( -0.5000000000000000000, 0.000000000000000000, 0.8660254037844385966 ) ) ;
#42 = AXIS2_PLACEMENT_3D ( 'NONE', #1354, #3048, #1826 ) ;
#43 = EDGE_LOOP ( 'NONE', ( #4526, #2952, #3613, #3109 ) ) ;
#44 = VERTEX_POINT ( 'NONE', #5038 ) ;
#45 = CARTESIAN_POINT ( 'NONE',  ( 7.921912957190708759, 0.000000000000000000, 13.88212814779782001 ) ) ;
#46 = DIRECTION ( 'NONE',  ( -0.5000000000000000000, 0.000000000000000000, 0.8660254037844385966 ) ) ;
#47 = ORIENTED_EDGE ( 'NONE', *, *, #4425, .T. ) ;
#48 = DIRECTION ( 'NONE',  ( -2.775557561562891351E-16, 0.000000000000000000, 1.000000000000000000 ) ) ;
#49 = CARTESIAN_POINT ( 'NONE',  ( -31.17191295719072031, 0.000000000000000000, 16.04719165725891727 ) ) ;
#50 = VERTEX_POINT ( 'NONE', #4491 ) ;
#51 = EDGE_CURVE ( 'NONE', #3785, #1259, #2878, .T. ) ;
#52 = CARTESIAN_POINT ( 'NONE',  ( -39.00000000000000711, -2.000000000000000000, -24.50000000000000355 ) ) ;
#53 = ORIENTED_EDGE ( 'NONE', *, *, #265, .F. ) ;
#54 = DIRECTION ( 'NONE',  ( 0.000000000000000000, 0.000000000000000000, 1.000000000000000000 ) ) ;
#55 = ORIENTED_EDGE ( 'NONE', *, *, #2627, .T. ) ;
#56 = VECTOR ( 'NONE', #3439, 999.9999999999998863 ) ;
#57 = ADVANCED_FACE ( 'NONE', ( #1985 ), #684, .T. ) ;
#58 = CARTESIAN_POINT ( 'NONE',  ( -28.67191295719072386, 0.000000000000000000, 11.71706463833672274 ) ) ;
#59 = VERTEX_POINT ( 'NONE', #4957 ) ;
#60 = DIRECTION ( 'NONE',  ( -0.5000000000000001110, 0.000000000000000000, -0.8660254037844387076 ) ) ;
#61 = CARTESIAN_POINT ( 'NONE',  ( 17.96489119648838440, -5.000000000000000000, 20.82319222169673267 ) ) ;
#62 = EDGE_LOOP ( 'NONE', ( #4078, #579 ) ) ;
#63 = FACE_OUTER_BOUND ( 'NONE', #1004, .T. ) ;
#64 = CYLINDRICAL_SURFACE ( 'NONE', #3719, 1.449999999999999956 ) ;
#65 = EDGE_CURVE ( 'NONE', #3511, #4469, #2846, .T. ) ;
#66 = EDGE_CURVE ( 'NONE', #2111, #3332, #4541, .T. ) ;
#67 = EDGE_CURVE ( 'NONE', #3075, #2423, #736, .T. ) ;
#68 = DIRECTION ( 'NONE',  ( 0.000000000000000000, 0.000000000000000000, 1.000000000000000000 ) ) ;
#69 = ORIENTED_EDGE ( 'NONE', *, *, #2088, .T. ) ;
#70 = LINE ( 'NONE', #4233, #4888 ) ;
#71 = ORIENTED_EDGE ( 'NONE', *, *, #365, .F. ) ;
#72 = ORIENTED_EDGE ( 'NONE', *, *, #4206, .F. ) ;
#73 = LINE ( 'NONE', #434, #5110 ) ;
#74 = DIRECTION ( 'NONE',  ( -0.5000000000000000000, 0.000000000000000000, -0.8660254037844385966 ) ) ;
#75 = EDGE_CURVE ( 'NONE', #2001, #1272, #1309, .T. ) ;
#76 = ORIENTED_EDGE ( 'NONE', *, *, #3894, .T. ) ;
#77 = DIRECTION ( 'NONE',  ( -0.5000000000000000000, 0.000000000000000000, 0.8660254037844385966 ) ) ;
#78 = CARTESIAN_POINT ( 'NONE',  ( -18.30529690060109260, -2.000000000000000000, -10.56856809315805457 ) ) ;
#79 = ORIENTED_EDGE ( 'NONE', *, *, #3791, .T. ) ;
#80 = EDGE_CURVE ( 'NONE', #3359, #788, #3315, .T. ) ;
#81 = DIRECTION ( 'NONE',  ( 1.000000000000000000, 0.000000000000000000, 2.775557561562891351E-16 ) ) ;
#82 = ORIENTED_EDGE ( 'NONE', *, *, #303, .T. ) ;
#83 = ADVANCED_FACE ( 'NONE', ( #4596 ), #2402, .T. ) ;
#84 = CARTESIAN_POINT ( 'NONE',  ( 16.71489119648838440, -5.000000000000000000, -4.776000564437810958 ) ) ;
#85 = EDGE_LOOP ( 'NONE', ( #4063, #2002, #1971, #3399 ) ) ;
#86 = EDGE_LOOP ( 'NONE', ( #2619, #3877, #5274, #3848 ) ) ;
#87 = EDGE_CURVE ( 'NONE', #1323, #1156, #790, .T. ) ;
#88 = LINE ( 'NONE', #142, #4283 ) ;
#89 = CARTESIAN_POINT ( 'NONE',  ( -31.17191295719072031, -5.000000000000000000, 16.04719165725891727 ) ) ;
#90 = ORIENTED_EDGE ( 'NONE', *, *, #775, .T. ) ;
#91 = DIRECTION ( 'NONE',  ( 0.000000000000000000, 0.000000000000000000, 1.000000000000000000 ) ) ;
#92 = DIRECTION ( 'NONE',  ( 0.000000000000000000, 1.000000000000000000, -0.000000000000000000 ) ) ;
#93 = VECTOR ( 'NONE', #38, 1000.000000000000000 ) ;
#94 = VECTOR ( 'NONE', #2766, 1000.000000000000000 ) ;
#95 = CARTESIAN_POINT ( 'NONE',  ( 5.941434717893034900, -2.000000000000000000, 3.430288933748129043 ) ) ;
#96 = DIRECTION ( 'NONE',  ( -0.5000000000000000000, 0.000000000000000000, -0.8660254037844385966 ) ) ;
#97 = VECTOR ( 'NONE', #4346, 1000.000000000000000 ) ;
#98 = VECTOR ( 'NONE', #3489, 999.9999999999998863 ) ;
#99 = DIRECTION ( 'NONE',  ( 0.000000000000000000, 0.000000000000000000, 1.000000000000000000 ) ) ;
#100 = VERTEX_POINT ( 'NONE', #4175 ) ;
#101 = CIRCLE ( 'NONE', #5332, 1.399999999999995026 ) ;
#102 = CIRCLE ( 'NONE', #5241, 1.449999999999999956 ) ;
#103 = LINE ( 'NONE', #880, #5471 ) ;
#104 = DIRECTION ( 'NONE',  ( -0.000000000000000000, -1.000000000000000000, 0.000000000000000000 ) ) ;
#105 = ORIENTED_EDGE ( 'NONE', *, *, #5326, .F. ) ;
#106 = LINE ( 'NONE', #4734, #1484 ) ;
#107 = CARTESIAN_POINT ( 'NONE',  ( -37.46489119648840926, -2.000000000000000000, 6.941064073898911779 ) ) ;
#108 = VERTEX_POINT ( 'NONE', #373 ) ;
#109 = CARTESIAN_POINT ( 'NONE',  ( -31.17191295719072386, -5.000000000000000000, -2.165063509461093716 ) ) ;
#110 = ORIENTED_EDGE ( 'NONE', *, *, #253, .T. ) ;
#111 = CARTESIAN_POINT ( 'NONE',  ( 17.96489119648838440, -5.000000000000000000, -6.941064073898906450 ) ) ;
#112 = ORIENTED_EDGE ( 'NONE', *, *, #4986, .T. ) ;
#113 = ADVANCED_FACE ( 'NONE', ( #3763 ), #709, .T. ) ;
#114 = ORIENTED_EDGE ( 'NONE', *, *, #2333, .T. ) ;
#115 = DIRECTION ( 'NONE',  ( 0.4999999999999997224, 0.000000000000000000, -0.8660254037844387076 ) ) ;
#116 = ORIENTED_EDGE ( 'NONE', *, *, #1893, .F. ) ;
#117 = LINE ( 'NONE', #978, #4045 ) ;
#118 = VERTEX_POINT ( 'NONE', #4930 ) ;
#119 = FACE_BOUND ( 'NONE', #3950, .T. ) ;
#120 = LINE ( 'NONE', #5171, #5403 ) ;
#121 = VECTOR ( 'NONE', #2976, 1000.000000000000000 ) ;
#122 = DIRECTION ( 'NONE',  ( 0.000000000000000000, 1.000000000000000000, -0.000000000000000000 ) ) ;
#123 = LINE ( 'NONE', #1845, #5322 ) ;
#124 = CIRCLE ( 'NONE', #4379, 2.499999999999998668 ) ;
#125 = ADVANCED_FACE ( 'NONE', ( #4097 ), #5372, .T. ) ;
#126 = EDGE_CURVE ( 'NONE', #1553, #3083, #1730, .T. ) ;
#127 = CARTESIAN_POINT ( 'NONE',  ( 16.71489119648838440, -2.000000000000000000, 9.106127583360008160 ) ) ;
#128 = ORIENTED_EDGE ( 'NONE', *, *, #1489, .F. ) ;
#129 = VECTOR ( 'NONE', #2822, 1000.000000000000000 ) ;
#130 = DIRECTION ( 'NONE',  ( -0.000000000000000000, 0.000000000000000000, 1.000000000000000000 ) ) ;
#131 = LINE ( 'NONE', #1468, #5088 ) ;
#132 = AXIS2_PLACEMENT_3D ( 'NONE', #4656, #2630, #2547 ) ;
#133 = ORIENTED_EDGE ( 'NONE', *, *, #3715, .T. ) ;
#134 = LINE ( 'NONE', #2655, #4748 ) ;
#135 = CARTESIAN_POINT ( 'NONE',  ( 0.7499999999999871214, -2.000000000000000000, -14.49999999999999112 ) ) ;
#136 = ORIENTED_EDGE ( 'NONE', *, *, #5341, .F. ) ;
#137 = LINE ( 'NONE', #666, #4648 ) ;
#138 = PLANE ( 'NONE',  #2519 ) ;
#139 = ORIENTED_EDGE ( 'NONE', *, *, #327, .F. ) ;
#140 = ORIENTED_EDGE ( 'NONE', *, *, #2152, .F. ) ;
#141 = ORIENTED_EDGE ( 'NONE', *, *, #3372, .T. ) ;
#142 = CARTESIAN_POINT ( 'NONE',  ( -27.35423730601228343, -2.000000000000000000, -15.79297627210309685 ) ) ;
#143 = ORIENTED_EDGE ( 'NONE', *, *, #4689, .F. ) ;
#144 = DIRECTION ( 'NONE',  ( 1.000000000000000000, 0.000000000000000000, 2.775557561562891351E-16 ) ) ;
#145 = ORIENTED_EDGE ( 'NONE', *, *, #2277, .F. ) ;
#146 = LINE ( 'NONE', #1841, #2349 ) ;
#147 = DIRECTION ( 'NONE',  ( 0.000000000000000000, 0.000000000000000000, 1.000000000000000000 ) ) ;
#148 = VECTOR ( 'NONE', #3126, 1000.000000000000000 ) ;
#149 = LINE ( 'NONE', #2647, #2942 ) ;
#150 = CARTESIAN_POINT ( 'NONE',  ( 9.691434717893031348, -2.000000000000000000, -5.595352443209225868 ) ) ;
#151 = LINE ( 'NONE', #4459, #3381 ) ;
#152 = VERTEX_POINT ( 'NONE', #870 ) ;
#153 = DIRECTION ( 'NONE',  ( 1.000000000000000000, -0.000000000000000000, 0.000000000000000000 ) ) ;
#154 = CARTESIAN_POINT ( 'NONE',  ( -28.67191295719072031, 0.000000000000000000, 2.165063509461098157 ) ) ;
#155 = EDGE_CURVE ( 'NONE', #4575, #3531, #484, .T. ) ;
#156 = VERTEX_POINT ( 'NONE', #1759 ) ;
#157 = LINE ( 'NONE', #1045, #4502 ) ;
#158 = CARTESIAN_POINT ( 'NONE',  ( 6.628934717893027795, -5.000000000000000000, -9.106127583360004607 ) ) ;
#159 = ORIENTED_EDGE ( 'NONE', *, *, #4329, .F. ) ;
#160 = FACE_OUTER_BOUND ( 'NONE', #3191, .T. ) ;
#161 = DIRECTION ( 'NONE',  ( 0.000000000000000000, 1.000000000000000000, 0.000000000000000000 ) ) ;
#162 = ORIENTED_EDGE ( 'NONE', *, *, #2644, .T. ) ;
#163 = ORIENTED_EDGE ( 'NONE', *, *, #1288, .F. ) ;
#164 = VECTOR ( 'NONE', #4842, 1000.000000000000000 ) ;
#165 = VERTEX_POINT ( 'NONE', #2956 ) ;
#166 = CARTESIAN_POINT ( 'NONE',  ( -36.21489119648840926, -5.000000000000000000, 9.106127583360008160 ) ) ;
#167 = ORIENTED_EDGE ( 'NONE', *, *, #485, .T. ) ;
#168 = FACE_OUTER_BOUND ( 'NONE', #675, .T. ) ;
#169 = EDGE_LOOP ( 'NONE', ( #5379, #2212, #2063, #2561 ) ) ;
#170 = FACE_BOUND ( 'NONE', #1906, .T. ) ;
#171 = DIRECTION ( 'NONE',  ( -0.5000000000000000000, 0.000000000000000000, -0.8660254037844385966 ) ) ;
#172 = EDGE_CURVE ( 'NONE', #118, #2920, #513, .T. ) ;
#173 = CARTESIAN_POINT ( 'NONE',  ( -3.457021760702332802, -5.000000000000000000, 18.65812871223563008 ) ) ;
#174 = PLANE ( 'NONE',  #1774 ) ;
#175 = VECTOR ( 'NONE', #5231, 999.9999999999998863 ) ;
#176 = CARTESIAN_POINT ( 'NONE',  ( -2.651212896130802145E-16, -2.000000000000000000, -4.776000564437813622 ) ) ;
#177 = ORIENTED_EDGE ( 'NONE', *, *, #1290, .T. ) ;
#178 = VECTOR ( 'NONE', #1657, 1000.000000000000227 ) ;
#179 = EDGE_CURVE ( 'NONE', #1705, #1766, #4282, .T. ) ;
#180 = LINE ( 'NONE', #1882, #454 ) ;
#181 = LINE ( 'NONE', #2793, #3502 ) ;
#182 = ORIENTED_EDGE ( 'NONE', *, *, #5202, .T. ) ;
#183 = FACE_OUTER_BOUND ( 'NONE', #244, .T. ) ;
#184 = CARTESIAN_POINT ( 'NONE',  ( 17.96489119648838084, -2.000000000000000000, -6.941064073898905562 ) ) ;
#185 = CARTESIAN_POINT ( 'NONE',  ( 9.171912957190707871, -2.000000000000000000, 11.71706463833672274 ) ) ;
#186 = EDGE_CURVE ( 'NONE', #4773, #2576, #2200, .T. ) ;
#187 = VECTOR ( 'NONE', #622, 1000.000000000000000 ) ;
#188 = ORIENTED_EDGE ( 'NONE', *, *, #4806, .T. ) ;
#189 = DIRECTION ( 'NONE',  ( 0.000000000000000000, 1.000000000000000000, -0.000000000000000000 ) ) ;
#190 = LINE ( 'NONE', #2773, #4475 ) ;
#191 = AXIS2_PLACEMENT_3D ( 'NONE', #287, #2403, #5314 ) ;
#192 = ORIENTED_EDGE ( 'NONE', *, *, #1686, .F. ) ;
#193 = ADVANCED_FACE ( 'NONE', ( #2516 ), #64, .F. ) ;
#194 = EDGE_CURVE ( 'NONE', #1506, #2025, #1346, .T. ) ;
#195 = EDGE_LOOP ( 'NONE', ( #5156, #506 ) ) ;
#196 = CARTESIAN_POINT ( 'NONE',  ( 16.71489119648838440, -5.000000000000000000, 9.106127583360008160 ) ) ;
#197 = ORIENTED_EDGE ( 'NONE', *, *, #1277, .T. ) ;
#198 = DIRECTION ( 'NONE',  ( -5.551115123125782702E-17, 0.000000000000000000, -1.000000000000000000 ) ) ;
#199 = ORIENTED_EDGE ( 'NONE', *, *, #5170, .T. ) ;
#200 = DIRECTION ( 'NONE',  ( -3.469446951953611033E-15, 0.000000000000000000, 1.000000000000000000 ) ) ;
#201 = DIRECTION ( 'NONE',  ( -2.775557561562891351E-16, 0.000000000000000000, 1.000000000000000000 ) ) ;
#202 = LINE ( 'NONE', #5254, #2664 ) ;
#203 = DIRECTION ( 'NONE',  ( -0.5000000000000000000, 0.000000000000000000, -0.8660254037844385966 ) ) ;
#204 = FACE_OUTER_BOUND ( 'NONE', #2831, .T. ) ;
#205 = AXIS2_PLACEMENT_3D ( 'NONE', #5446, #4636, #2532 ) ;
#206 = ORIENTED_EDGE ( 'NONE', *, *, #253, .F. ) ;
#207 = DIRECTION ( 'NONE',  ( 0.000000000000000000, 0.000000000000000000, 1.000000000000000000 ) ) ;
#208 = DIRECTION ( 'NONE',  ( 0.000000000000000000, 0.000000000000000000, 1.000000000000000000 ) ) ;
#209 = VECTOR ( 'NONE', #3055, 1000.000000000000000 ) ;
#210 = DIRECTION ( 'NONE',  ( -0.8660254037844387076, 0.000000000000000000, 0.4999999999999999445 ) ) ;
#211 = ORIENTED_EDGE ( 'NONE', *, *, #281, .F. ) ;
#212 = DIRECTION ( 'NONE',  ( 0.000000000000000000, 1.000000000000000000, -0.000000000000000000 ) ) ;
#213 = LINE ( 'NONE', #1914, #1081 ) ;
#214 = EDGE_LOOP ( 'NONE', ( #4532, #2004, #1833, #5097 ) ) ;
#215 = DIRECTION ( 'NONE',  ( 0.000000000000000000, 1.000000000000000000, 0.000000000000000000 ) ) ;
#216 = DIRECTION ( 'NONE',  ( 0.000000000000000000, 1.000000000000000000, 0.000000000000000000 ) ) ;
#217 = AXIS2_PLACEMENT_3D ( 'NONE', #4414, #2301, #1831 ) ;
#218 = EDGE_LOOP ( 'NONE', ( #564, #940, #5481, #2479, #4675, #3926 ) ) ;
#219 = VECTOR ( 'NONE', #2372, 1000.000000000000000 ) ;
#220 = VECTOR ( 'NONE', #3420, 1000.000000000000000 ) ;
#221 = ORIENTED_EDGE ( 'NONE', *, *, #710, .F. ) ;
#222 = PLANE ( 'NONE',  #5082 ) ;
#223 = ORIENTED_EDGE ( 'NONE', *, *, #1931, .F. ) ;
#224 = DIRECTION ( 'NONE',  ( -1.000000000000000000, 0.000000000000000000, -6.938893903907510790E-15 ) ) ;
#225 = ORIENTED_EDGE ( 'NONE', *, *, #1160, .F. ) ;
#226 = CARTESIAN_POINT ( 'NONE',  ( 2.878934717893027795, 0.000000000000000000, -6.941064073898906450 ) ) ;
#227 = CARTESIAN_POINT ( 'NONE',  ( -33.71489119648840926, -5.000000000000000000, -4.776000564437812734 ) ) ;
#228 = EDGE_CURVE ( 'NONE', #4503, #21, #4204, .T. ) ;
#229 = VECTOR ( 'NONE', #1940, 1000.000000000000000 ) ;
#230 = CARTESIAN_POINT ( 'NONE',  ( -23.25000000000001421, -5.000000000000000000, 13.44999999999999218 ) ) ;
#231 = FACE_OUTER_BOUND ( 'NONE', #86, .T. ) ;
#232 = ADVANCED_FACE ( 'NONE', ( #2564 ), #5119, .T. ) ;
#233 = CARTESIAN_POINT ( 'NONE',  ( 23.00000000000000355, -2.000000000000000000, 25.00000000000001066 ) ) ;
#234 = VERTEX_POINT ( 'NONE', #1786 ) ;
#235 = EDGE_CURVE ( 'NONE', #5313, #969, #4646, .T. ) ;
#236 = VECTOR ( 'NONE', #5067, 1000.000000000000114 ) ;
#237 = CARTESIAN_POINT ( 'NONE',  ( -23.25000000000001421, -5.000000000000000000, -10.54999999999999183 ) ) ;
#238 = DIRECTION ( 'NONE',  ( -1.000000000000000000, 0.000000000000000000, 5.551115123125782702E-17 ) ) ;
#239 = DIRECTION ( 'NONE',  ( -1.000000000000000000, 0.000000000000000000, 5.551115123125782702E-17 ) ) ;
#240 = EDGE_LOOP ( 'NONE', ( #673, #1069, #3454, #1565 ) ) ;
#241 = SHAPE_DEFINITION_REPRESENTATION ( #1973, #3219 ) ;
#242 = CARTESIAN_POINT ( 'NONE',  ( -28.67191295719072386, -5.000000000000000000, 11.71706463833672274 ) ) ;
#243 = DIRECTION ( 'NONE',  ( 0.4999999999999999445, 0.000000000000000000, 0.8660254037844387076 ) ) ;
#244 = EDGE_LOOP ( 'NONE', ( #3252, #1134, #2813, #2131 ) ) ;
#245 = CARTESIAN_POINT ( 'NONE',  ( 6.628934717893026018, -2.000000000000000000, 22.98825573115782461 ) ) ;
#246 = CARTESIAN_POINT ( 'NONE',  ( 4.453990414615389630E-15, -2.000000000000000000, -16.04719165725890662 ) ) ;
#247 = EDGE_LOOP ( 'NONE', ( #2861, #2918 ) ) ;
#248 = EDGE_CURVE ( 'NONE', #3388, #2824, #4985, .T. ) ;
#249 = VERTEX_POINT ( 'NONE', #3042 ) ;
#250 = EDGE_CURVE ( 'NONE', #353, #1651, #4724, .T. ) ;
#251 = DIRECTION ( 'NONE',  ( 0.000000000000000000, 1.000000000000000000, -0.000000000000000000 ) ) ;
#252 = ORIENTED_EDGE ( 'NONE', *, *, #3212, .T. ) ;
#253 = EDGE_CURVE ( 'NONE', #2681, #412, #2122, .T. ) ;
#254 = CARTESIAN_POINT ( 'NONE',  ( 0.7499999999999867883, 0.000000000000000000, -11.99999999999999112 ) ) ;
#255 = ORIENTED_EDGE ( 'NONE', *, *, #2036, .T. ) ;
#256 = DIRECTION ( 'NONE',  ( -0.5000000000000001110, 0.000000000000000000, 0.8660254037844387076 ) ) ;
#257 = EDGE_CURVE ( 'NONE', #26, #4889, #3792, .T. ) ;
#258 = DIRECTION ( 'NONE',  ( 0.000000000000000000, 0.000000000000000000, 1.000000000000000000 ) ) ;
#259 = PLANE ( 'NONE',  #2615 ) ;
#260 = DIRECTION ( 'NONE',  ( 0.000000000000000000, 0.000000000000000000, 1.000000000000000000 ) ) ;
#261 = CARTESIAN_POINT ( 'NONE',  ( -30.32757253518500917, -2.000000000000000000, 17.50963216705696723 ) ) ;
#262 = CYLINDRICAL_SURFACE ( 'NONE', #191, 1.449999999999999956 ) ;
#263 = LINE ( 'NONE', #2880, #841 ) ;
#264 = CARTESIAN_POINT ( 'NONE',  ( 0.7499999999999870104, 0.000000000000000000, 10.54999999999999183 ) ) ;
#265 = EDGE_CURVE ( 'NONE', #1577, #4886, #5483, .T. ) ;
#266 = ORIENTED_EDGE ( 'NONE', *, *, #468, .F. ) ;
#267 = DIRECTION ( 'NONE',  ( 0.8660254037844387076, 0.000000000000000000, -0.5000000000000001110 ) ) ;
#268 = CYLINDRICAL_SURFACE ( 'NONE', #2963, 14.00000000000000000 ) ;
#269 = ORIENTED_EDGE ( 'NONE', *, *, #4597, .F. ) ;
#270 = DIRECTION ( 'NONE',  ( -0.5000000000000000000, 0.000000000000000000, 0.8660254037844385966 ) ) ;
#271 = CARTESIAN_POINT ( 'NONE',  ( -27.42191295719072386, -5.000000000000000000, 3.181541164974270327E-15 ) ) ;
#272 = ORIENTED_EDGE ( 'NONE', *, *, #5013, .F. ) ;
#273 = VECTOR ( 'NONE', #3515, 1000.000000000000000 ) ;
#274 = ORIENTED_EDGE ( 'NONE', *, *, #4990, .T. ) ;
#275 = DIRECTION ( 'NONE',  ( -0.5000000000000000000, 0.000000000000000000, 0.8660254037844385966 ) ) ;
#276 = ORIENTED_EDGE ( 'NONE', *, *, #3487, .F. ) ;
#277 = CIRCLE ( 'NONE', #2504, 1.399999999999998579 ) ;
#278 = FACE_BOUND ( 'NONE', #1734, .T. ) ;
#279 = ORIENTED_EDGE ( 'NONE', *, *, #2949, .T. ) ;
#280 = CARTESIAN_POINT ( 'NONE',  ( -5.957021760702331470, -5.000000000000000000, 22.98825573115782817 ) ) ;
#281 = EDGE_CURVE ( 'NONE', #1861, #3827, #930, .T. ) ;
#282 = CARTESIAN_POINT ( 'NONE',  ( -39.00000000000000711, 0.000000000000000000, 23.10000000000002984 ) ) ;
#283 = DIRECTION ( 'NONE',  ( -1.000000000000000000, 0.000000000000000000, 5.551115123125782702E-17 ) ) ;
#284 = DIRECTION ( 'NONE',  ( 0.000000000000000000, 1.000000000000000000, -0.000000000000000000 ) ) ;
#285 = FACE_OUTER_BOUND ( 'NONE', #2418, .T. ) ;
#286 = ADVANCED_FACE ( 'NONE', ( #1701 ), #848, .T. ) ;
#287 = CARTESIAN_POINT ( 'NONE',  ( -23.25000000000001421, -5.000000000000000000, -11.99999999999999112 ) ) ;
#288 = DIRECTION ( 'NONE',  ( -0.5000000000000000000, 0.000000000000000000, 0.8660254037844385966 ) ) ;
#289 = CARTESIAN_POINT ( 'NONE',  ( -0.2030269535353231569, -2.000000000000000000, -0.1172176662763684679 ) ) ;
#290 = EDGE_CURVE ( 'NONE', #2920, #1323, #4456, .T. ) ;
#291 = ADVANCED_FACE ( 'NONE', ( #2231 ), #3143, .T. ) ;
#292 = CARTESIAN_POINT ( 'NONE',  ( -23.25000000000001421, -2.000000000000000000, -14.49999999999999112 ) ) ;
#293 = ORIENTED_EDGE ( 'NONE', *, *, #2472, .T. ) ;
#294 = ORIENTED_EDGE ( 'NONE', *, *, #1620, .F. ) ;
#295 = VECTOR ( 'NONE', #1089, 1000.000000000000000 ) ;
#296 = CARTESIAN_POINT ( 'NONE',  ( -27.42191295719072741, -2.000000000000000000, 13.88212814779782356 ) ) ;
#297 = CARTESIAN_POINT ( 'NONE',  ( -27.37893471789305266, 0.000000000000000000, 20.82319222169673267 ) ) ;
#298 = EDGE_CURVE ( 'NONE', #3286, #783, #344, .T. ) ;
#299 = ORIENTED_EDGE ( 'NONE', *, *, #5382, .T. ) ;
#300 = VECTOR ( 'NONE', #243, 999.9999999999998863 ) ;
#301 = EDGE_CURVE ( 'NONE', #718, #1132, #3452, .T. ) ;
#302 = ADVANCED_FACE ( 'NONE', ( #621 ), #1901, .T. ) ;
#303 = EDGE_CURVE ( 'NONE', #3982, #2283, #3568, .T. ) ;
#304 = VERTEX_POINT ( 'NONE', #595 ) ;
#305 = AXIS2_PLACEMENT_3D ( 'NONE', #1496, #4960, #2074 ) ;
#306 = DIRECTION ( 'NONE',  ( 0.000000000000000000, 1.000000000000000000, -0.000000000000000000 ) ) ;
#307 = ORIENTED_EDGE ( 'NONE', *, *, #4235, .T. ) ;
#308 = AXIS2_PLACEMENT_3D ( 'NONE', #955, #3139, #4363 ) ;
#309 = LINE ( 'NONE', #3645, #935 ) ;
#310 = ORIENTED_EDGE ( 'NONE', *, *, #3428, .T. ) ;
#311 = CARTESIAN_POINT ( 'NONE',  ( 7.878934717893026907, -5.000000000000000000, 6.941064073898911779 ) ) ;
#312 = CIRCLE ( 'NONE', #132, 1.000000000000000888 ) ;
#313 = EDGE_CURVE ( 'NONE', #2576, #3282, #1369, .T. ) ;
#314 = PLANE ( 'NONE',  #3741 ) ;
#315 = EDGE_LOOP ( 'NONE', ( #1143, #1441, #293, #3300 ) ) ;
#316 = PLANE ( 'NONE',  #1466 ) ;
#317 = CARTESIAN_POINT ( 'NONE',  ( 11.67191295719070787, -5.000000000000000000, 16.04719165725891727 ) ) ;
#318 = CARTESIAN_POINT ( 'NONE',  ( -23.25000000000001421, -5.000000000000000000, -11.99999999999999112 ) ) ;
#319 = EDGE_CURVE ( 'NONE', #3928, #2194, #2312, .T. ) ;
#320 = FACE_OUTER_BOUND ( 'NONE', #3869, .T. ) ;
#321 = PLANE ( 'NONE',  #2435 ) ;
#322 = VECTOR ( 'NONE', #2207, 1000.000000000000227 ) ;
#323 = DIRECTION ( 'NONE',  ( -0.000000000000000000, -1.000000000000000000, 0.000000000000000000 ) ) ;
#324 = DIRECTION ( 'NONE',  ( 0.4999999999999997224, 0.000000000000000000, -0.8660254037844387076 ) ) ;
#325 = ORIENTED_EDGE ( 'NONE', *, *, #1178, .F. ) ;
#326 = ORIENTED_EDGE ( 'NONE', *, *, #3600, .F. ) ;
#327 = EDGE_CURVE ( 'NONE', #4303, #5030, #120, .T. ) ;
#328 = CARTESIAN_POINT ( 'NONE',  ( -31.17191295719073096, -2.000000000000000000, -16.04719165725891372 ) ) ;
#329 = CARTESIAN_POINT ( 'NONE',  ( -27.42191295719072386, -5.000000000000000000, 13.88212814779782001 ) ) ;
#330 = ORIENTED_EDGE ( 'NONE', *, *, #5170, .F. ) ;
#331 = LINE ( 'NONE', #2550, #4890 ) ;
#332 = VECTOR ( 'NONE', #2177, 1000.000000000000000 ) ;
#333 = ORIENTED_EDGE ( 'NONE', *, *, #450, .T. ) ;
#334 = CARTESIAN_POINT ( 'NONE',  ( 0.7499999999999870104, -5.000000000000000000, 10.54999999999999183 ) ) ;
#335 = VERTEX_POINT ( 'NONE', #4753 ) ;
#336 = LINE ( 'NONE', #1589, #4120 ) ;
#337 = ORIENTED_EDGE ( 'NONE', *, *, #2978, .T. ) ;
#338 = DIRECTION ( 'NONE',  ( -0.5000000000000000000, 0.000000000000000000, 0.8660254037844385966 ) ) ;
#339 = LINE ( 'NONE', #2038, #540 ) ;
#340 = ORIENTED_EDGE ( 'NONE', *, *, #2634, .T. ) ;
#341 = DIRECTION ( 'NONE',  ( -0.8660254037844387076, 0.000000000000000000, -0.5000000000000001110 ) ) ;
#342 = DIRECTION ( 'NONE',  ( 0.000000000000000000, 1.000000000000000000, -0.000000000000000000 ) ) ;
#343 = CARTESIAN_POINT ( 'NONE',  ( 2.878934717893026018, -5.000000000000000000, 20.82319222169673267 ) ) ;
#344 = CIRCLE ( 'NONE', #1593, 1.399999999999995026 ) ;
#345 = CARTESIAN_POINT ( 'NONE',  ( -36.21489119648840926, 0.000000000000000000, -4.776000564437811846 ) ) ;
#346 = DIRECTION ( 'NONE',  ( -0.5000000000000001110, 0.000000000000000000, -0.8660254037844387076 ) ) ;
#347 = DIRECTION ( 'NONE',  ( -1.000000000000000000, 0.000000000000000000, 5.551115123125782702E-17 ) ) ;
#348 = ORIENTED_EDGE ( 'NONE', *, *, #2494, .F. ) ;
#349 = ADVANCED_FACE ( 'NONE', ( #1062 ), #4016, .T. ) ;
#350 = ORIENTED_EDGE ( 'NONE', *, *, #4528, .F. ) ;
#351 = CARTESIAN_POINT ( 'NONE',  ( 18.99999999999999645, -2.000000000000000000, -25.90000000000000213 ) ) ;
#352 = PLANE ( 'NONE',  #3585 ) ;
#353 = VERTEX_POINT ( 'NONE', #1816 ) ;
#354 = DIRECTION ( 'NONE',  ( 0.000000000000000000, 1.000000000000000000, -0.000000000000000000 ) ) ;
#355 = VECTOR ( 'NONE', #1318, 999.9999999999998863 ) ;
#356 = ORIENTED_EDGE ( 'NONE', *, *, #2101, .F. ) ;
#357 = AXIS2_PLACEMENT_3D ( 'NONE', #5053, #862, #471 ) ;
#358 = LINE ( 'NONE', #805, #1630 ) ;
#359 = ORIENTED_EDGE ( 'NONE', *, *, #1987, .T. ) ;
#360 = VECTOR ( 'NONE', #968, 1000.000000000000000 ) ;
#361 = EDGE_CURVE ( 'NONE', #156, #1927, #3595, .T. ) ;
#362 = CARTESIAN_POINT ( 'NONE',  ( 12.96489119648838440, 0.000000000000000000, 6.941064073898911779 ) ) ;
#363 = VERTEX_POINT ( 'NONE', #1398 ) ;
#364 = CARTESIAN_POINT ( 'NONE',  ( 9.171912957190707871, -5.000000000000000000, 11.71706463833672274 ) ) ;
#365 = EDGE_CURVE ( 'NONE', #2254, #2977, #2754, .T. ) ;
#366 = VECTOR ( 'NONE', #4339, 1000.000000000000000 ) ;
#367 = EDGE_CURVE ( 'NONE', #3669, #1092, #566, .T. ) ;
#368 = AXIS2_PLACEMENT_3D ( 'NONE', #2944, #1190, #4160 ) ;
#369 = VECTOR ( 'NONE', #1569, 1000.000000000000000 ) ;
#370 = CARTESIAN_POINT ( 'NONE',  ( -5.957021760702331470, -5.000000000000000000, 22.98825573115782817 ) ) ;
#371 = ORIENTED_EDGE ( 'NONE', *, *, #1880, .F. ) ;
#372 = LINE ( 'NONE', #1515, #2700 ) ;
#373 = CARTESIAN_POINT ( 'NONE',  ( -16.04297823929769251, 0.000000000000000000, 22.98825573115782817 ) ) ;
#374 = FACE_OUTER_BOUND ( 'NONE', #824, .T. ) ;
#375 = DIRECTION ( 'NONE',  ( 0.000000000000000000, 1.000000000000000000, 0.000000000000000000 ) ) ;
#376 = CARTESIAN_POINT ( 'NONE',  ( 12.96489119648838440, -2.000000000000000000, 6.941064073898911779 ) ) ;
#377 = CARTESIAN_POINT ( 'NONE',  ( -2.207021760702331914, -5.000000000000000000, 20.82319222169673267 ) ) ;
#378 = ORIENTED_EDGE ( 'NONE', *, *, #4953, .F. ) ;
#379 = ORIENTED_EDGE ( 'NONE', *, *, #1050, .T. ) ;
#380 = DIRECTION ( 'NONE',  ( -0.5000000000000001110, 0.000000000000000000, -0.8660254037844387076 ) ) ;
#381 = CYLINDRICAL_SURFACE ( 'NONE', #2877, 1.399999999999998579 ) ;
#382 = EDGE_LOOP ( 'NONE', ( #1587, #3751, #2653, #3872 ) ) ;
#383 = CARTESIAN_POINT ( 'NONE',  ( -36.21489119648840926, 0.000000000000000000, 9.106127583360008160 ) ) ;
#384 = AXIS2_PLACEMENT_3D ( 'NONE', #5165, #3111, #1313 ) ;
#385 = EDGE_LOOP ( 'NONE', ( #3138, #4877, #1294, #3890 ) ) ;
#386 = EDGE_CURVE ( 'NONE', #4981, #2973, #3984, .T. ) ;
#387 = DIRECTION ( 'NONE',  ( 0.000000000000000000, 1.000000000000000000, 0.000000000000000000 ) ) ;
#388 = ORIENTED_EDGE ( 'NONE', *, *, #301, .T. ) ;
#389 = CARTESIAN_POINT ( 'NONE',  ( 6.628934717893027795, 0.000000000000000000, 9.106127583360008160 ) ) ;
#390 = VERTEX_POINT ( 'NONE', #958 ) ;
#391 = VECTOR ( 'NONE', #639, 1000.000000000000227 ) ;
#392 = AXIS2_PLACEMENT_3D ( 'NONE', #3199, #3626, #5309 ) ;
#393 = AXIS2_PLACEMENT_3D ( 'NONE', #4941, #5439, #4156 ) ;
#394 = EDGE_LOOP ( 'NONE', ( #877, #3446, #1413, #2191 ) ) ;
#395 = LINE ( 'NONE', #3338, #5187 ) ;
#396 = VERTEX_POINT ( 'NONE', #2646 ) ;
#397 = AXIS2_PLACEMENT_3D ( 'NONE', #3605, #629, #208 ) ;
#398 = LINE ( 'NONE', #4694, #3061 ) ;
#399 = AXIS2_PLACEMENT_3D ( 'NONE', #2425, #1624, #4121 ) ;
#400 = EDGE_CURVE ( 'NONE', #3347, #1194, #4334, .T. ) ;
#401 = DIRECTION ( 'NONE',  ( -0.5000000000000000000, 0.000000000000000000, 0.8660254037844385966 ) ) ;
#402 = LINE ( 'NONE', #5484, #3594 ) ;
#403 = DIRECTION ( 'NONE',  ( 0.000000000000000000, 1.000000000000000000, -0.000000000000000000 ) ) ;
#404 = EDGE_CURVE ( 'NONE', #1115, #44, #3498, .T. ) ;
#405 = EDGE_CURVE ( 'NONE', #396, #5080, #1842, .T. ) ;
#406 = LINE ( 'NONE', #2105, #416 ) ;
#407 = EDGE_LOOP ( 'NONE', ( #272, #3899, #55, #3160 ) ) ;
#408 = ORIENTED_EDGE ( 'NONE', *, *, #5387, .T. ) ;
#409 = AXIS2_PLACEMENT_3D ( 'NONE', #3548, #4495, #4376 ) ;
#410 = LINE ( 'NONE', #1297, #2183 ) ;
#411 = LINE ( 'NONE', #3248, #1561 ) ;
#412 = VERTEX_POINT ( 'NONE', #3117 ) ;
#413 = DIRECTION ( 'NONE',  ( 0.000000000000000000, 1.000000000000000000, -0.000000000000000000 ) ) ;
#414 = ORIENTED_EDGE ( 'NONE', *, *, #883, .T. ) ;
#415 = CARTESIAN_POINT ( 'NONE',  ( 18.99999999999999645, 0.000000000000000000, -24.50000000000000355 ) ) ;
#416 = VECTOR ( 'NONE', #3796, 1000.000000000000000 ) ;
#417 = ADVANCED_FACE ( 'NONE', ( #4898 ), #1094, .T. ) ;
#418 = VERTEX_POINT ( 'NONE', #1513 ) ;
#419 = CARTESIAN_POINT ( 'NONE',  ( 18.99999999999999645, 0.000000000000000000, 24.50000000000002487 ) ) ;
#420 = ORIENTED_EDGE ( 'NONE', *, *, #5343, .F. ) ;
#421 = EDGE_CURVE ( 'NONE', #3618, #1705, #1529, .T. ) ;
#422 = ORIENTED_EDGE ( 'NONE', *, *, #1480, .F. ) ;
#423 = EDGE_CURVE ( 'NONE', #646, #5306, #3218, .T. ) ;
#424 = CARTESIAN_POINT ( 'NONE',  ( 9.171912957190707871, 0.000000000000000000, -16.04719165725891372 ) ) ;
#425 = ORIENTED_EDGE ( 'NONE', *, *, #2800, .T. ) ;
#426 = CARTESIAN_POINT ( 'NONE',  ( 14.21489119648838440, -2.000000000000000000, 9.106127583360008160 ) ) ;
#427 = EDGE_CURVE ( 'NONE', #304, #3572, #2326, .T. ) ;
#428 = DIRECTION ( 'NONE',  ( -0.8660254037844387076, 0.000000000000000000, -0.5000000000000001110 ) ) ;
#429 = CARTESIAN_POINT ( 'NONE',  ( -31.17191295719072386, 0.000000000000000000, -2.165063509461093716 ) ) ;
#430 = EDGE_CURVE ( 'NONE', #3096, #5188, #124, .T. ) ;
#431 = CARTESIAN_POINT ( 'NONE',  ( -33.36537512330425415, -2.000000000000000000, 19.26350830905255052 ) ) ;
#432 = EDGE_LOOP ( 'NONE', ( #3181, #4840, #1582, #4714 ) ) ;
#433 = ORIENTED_EDGE ( 'NONE', *, *, #2830, .F. ) ;
#434 = CARTESIAN_POINT ( 'NONE',  ( 0.7499999999999870104, -5.000000000000000000, -13.44999999999999218 ) ) ;
#435 = LINE ( 'NONE', #3825, #4210 ) ;
#436 = ORIENTED_EDGE ( 'NONE', *, *, #1867, .F. ) ;
#437 = LINE ( 'NONE', #1798, #5027 ) ;
#438 = CARTESIAN_POINT ( 'NONE',  ( -33.71489119648840926, -5.000000000000000000, 18.65812871223563008 ) ) ;
#439 = VERTEX_POINT ( 'NONE', #662 ) ;
#440 = DIRECTION ( 'NONE',  ( 0.000000000000000000, 1.000000000000000000, -0.000000000000000000 ) ) ;
#441 = ORIENTED_EDGE ( 'NONE', *, *, #2612, .F. ) ;
#442 = LINE ( 'NONE', #2138, #719 ) ;
#443 = ORIENTED_EDGE ( 'NONE', *, *, #2864, .F. ) ;
#444 = CIRCLE ( 'NONE', #1, 2.499999999999998668 ) ;
#445 = FACE_OUTER_BOUND ( 'NONE', #1138, .T. ) ;
#446 = AXIS2_PLACEMENT_3D ( 'NONE', #1602, #769, #3743 ) ;
#447 = ORIENTED_EDGE ( 'NONE', *, *, #9, .F. ) ;
#448 = LINE ( 'NONE', #61, #220 ) ;
#449 = ORIENTED_EDGE ( 'NONE', *, *, #3961, .T. ) ;
#450 = EDGE_CURVE ( 'NONE', #920, #1939, #3579, .T. ) ;
#451 = CARTESIAN_POINT ( 'NONE',  ( 6.628934717893026018, -5.000000000000000000, 9.106127583360008160 ) ) ;
#452 = AXIS2_PLACEMENT_3D ( 'NONE', #5307, #3647, #4114 ) ;
#453 = DIRECTION ( 'NONE',  ( -5.551115123125782702E-17, 0.000000000000000000, -1.000000000000000000 ) ) ;
#454 = VECTOR ( 'NONE', #3573, 1000.000000000000000 ) ;
#455 = FACE_OUTER_BOUND ( 'NONE', #2413, .T. ) ;
#456 = ORIENTED_EDGE ( 'NONE', *, *, #5283, .T. ) ;
#457 = EDGE_CURVE ( 'NONE', #3357, #3851, #4497, .T. ) ;
#458 = CARTESIAN_POINT ( 'NONE',  ( 11.67191295719070787, 0.000000000000000000, 11.71706463833672274 ) ) ;
#459 = ORIENTED_EDGE ( 'NONE', *, *, #5461, .T. ) ;
#460 = ORIENTED_EDGE ( 'NONE', *, *, #965, .F. ) ;
#461 = CARTESIAN_POINT ( 'NONE',  ( 16.71489119648838440, 0.000000000000000000, 4.776000564437813622 ) ) ;
#462 = EDGE_CURVE ( 'NONE', #2206, #2581, #4910, .T. ) ;
#463 = PLANE ( 'NONE',  #42 ) ;
#464 = ORIENTED_EDGE ( 'NONE', *, *, #4760, .F. ) ;
#465 = DIRECTION ( 'NONE',  ( 0.000000000000000000, 1.000000000000000000, 0.000000000000000000 ) ) ;
#466 = DIRECTION ( 'NONE',  ( 0.8660254037844387076, 0.000000000000000000, -0.5000000000000001110 ) ) ;
#467 = EDGE_LOOP ( 'NONE', ( #998, #4827, #3185, #5124, #3917, #1184 ) ) ;
#468 = EDGE_CURVE ( 'NONE', #3560, #920, #5087, .T. ) ;
#469 = DIRECTION ( 'NONE',  ( 1.000000000000000000, 0.000000000000000000, 2.775557561562891351E-16 ) ) ;
#470 = VERTEX_POINT ( 'NONE', #2713 ) ;
#471 = DIRECTION ( 'NONE',  ( 0.4999999999999998890, 0.000000000000000000, 0.8660254037844385966 ) ) ;
#472 = EDGE_LOOP ( 'NONE', ( #90, #3584, #1537, #5487 ) ) ;
#473 = EDGE_CURVE ( 'NONE', #4392, #1896, #4793, .T. ) ;
#474 = VECTOR ( 'NONE', #2073, 1000.000000000000227 ) ;
#475 = ADVANCED_FACE ( 'NONE', ( #4411 ), #268, .F. ) ;
#476 = EDGE_CURVE ( 'NONE', #5353, #664, #1440, .T. ) ;
#477 = DIRECTION ( 'NONE',  ( -0.8660254037844387076, 0.000000000000000000, -0.5000000000000001110 ) ) ;
#478 = ORIENTED_EDGE ( 'NONE', *, *, #1412, .T. ) ;
#479 = CARTESIAN_POINT ( 'NONE',  ( 12.96489119648838440, 0.000000000000000000, 20.82319222169673267 ) ) ;
#480 = VECTOR ( 'NONE', #3975, 1000.000000000000000 ) ;
#481 = FACE_OUTER_BOUND ( 'NONE', #3691, .T. ) ;
#482 = VERTEX_POINT ( 'NONE', #1501 ) ;
#483 = CARTESIAN_POINT ( 'NONE',  ( 21.00000000000001066, -2.000000000000000000, -21.35999999999977916 ) ) ;
#484 = LINE ( 'NONE', #1228, #1915 ) ;
#485 = EDGE_CURVE ( 'NONE', #3989, #1748, #5212, .T. ) ;
#486 = AXIS2_PLACEMENT_3D ( 'NONE', #4965, #4549, #745 ) ;
#487 = CIRCLE ( 'NONE', #2437, 1.000000000000000888 ) ;
#488 = CARTESIAN_POINT ( 'NONE',  ( -37.46489119648840926, 0.000000000000000000, 20.82319222169673267 ) ) ;
#489 = ORIENTED_EDGE ( 'NONE', *, *, #5220, .F. ) ;
#490 = AXIS2_PLACEMENT_3D ( 'NONE', #3008, #1698, #4253 ) ;
#491 = CARTESIAN_POINT ( 'NONE',  ( -39.00000000000000000, -2.000000000000000000, -24.99999999999999645 ) ) ;
#492 = ORIENTED_EDGE ( 'NONE', *, *, #1007, .F. ) ;
#493 = EDGE_CURVE ( 'NONE', #335, #21, #4880, .T. ) ;
#494 = ORIENTED_EDGE ( 'NONE', *, *, #2567, .F. ) ;
#495 = CARTESIAN_POINT ( 'NONE',  ( 0.7499999999999867883, -2.000000000000000000, -11.99999999999999112 ) ) ;
#496 = PLANE ( 'NONE',  #2442 ) ;
#497 = ORIENTED_EDGE ( 'NONE', *, *, #5101, .F. ) ;
#498 = DIRECTION ( 'NONE',  ( 0.4999999999999998890, -0.000000000000000000, 0.8660254037844387076 ) ) ;
#499 = LINE ( 'NONE', #5103, #5060 ) ;
#500 = EDGE_CURVE ( 'NONE', #3282, #1432, #213, .T. ) ;
#501 = VECTOR ( 'NONE', #4766, 1000.000000000000000 ) ;
#502 = VERTEX_POINT ( 'NONE', #1046 ) ;
#503 = CARTESIAN_POINT ( 'NONE',  ( -5.178671023185930738E-15, -2.000000000000000000, 18.65812871223563363 ) ) ;
#504 = ORIENTED_EDGE ( 'NONE', *, *, #1885, .F. ) ;
#505 = CARTESIAN_POINT ( 'NONE',  ( 0.7499999999999867883, -2.000000000000000000, 14.49999999999999112 ) ) ;
#506 = ORIENTED_EDGE ( 'NONE', *, *, #605, .F. ) ;
#507 = VECTOR ( 'NONE', #4578, 999.9999999999998863 ) ;
#508 = ORIENTED_EDGE ( 'NONE', *, *, #1512, .T. ) ;
#509 = CARTESIAN_POINT ( 'NONE',  ( -39.00000000000000711, -2.000000000000000000, -24.50000000000000355 ) ) ;
#510 = CARTESIAN_POINT ( 'NONE',  ( -11.25000000000001421, -2.000000000000000000, 14.00000000000000711 ) ) ;
#511 = EDGE_LOOP ( 'NONE', ( #1111, #4390, #4011, #4657, #1606, #2948 ) ) ;
#512 = FACE_OUTER_BOUND ( 'NONE', #2097, .T. ) ;
#513 = LINE ( 'NONE', #3011, #2891 ) ;
#514 = VECTOR ( 'NONE', #2486, 999.9999999999998863 ) ;
#515 = CARTESIAN_POINT ( 'NONE',  ( 17.00000000000000711, -2.000000000000000000, -21.35999999999977916 ) ) ;
#516 = CARTESIAN_POINT ( 'NONE',  ( -36.21489119648840926, 0.000000000000000000, 9.106127583360008160 ) ) ;
#517 = DIRECTION ( 'NONE',  ( -1.000000000000000000, 0.000000000000000000, 0.000000000000000000 ) ) ;
#518 = ORIENTED_EDGE ( 'NONE', *, *, #4539, .T. ) ;
#519 = LINE ( 'NONE', #3047, #2009 ) ;
#520 = DIRECTION ( 'NONE',  ( 0.4999999999999997224, -0.000000000000000000, -0.8660254037844387076 ) ) ;
#521 = ORIENTED_EDGE ( 'NONE', *, *, #5155, .F. ) ;
#522 = EDGE_CURVE ( 'NONE', #2111, #3459, #2500, .T. ) ;
#523 = CARTESIAN_POINT ( 'NONE',  ( -37.46489119648840926, 0.000000000000000000, 6.941064073898911779 ) ) ;
#524 = DIRECTION ( 'NONE',  ( -1.000000000000000000, 0.000000000000000000, 5.551115123125782702E-17 ) ) ;
#525 = ORIENTED_EDGE ( 'NONE', *, *, #3382, .T. ) ;
#526 = DIRECTION ( 'NONE',  ( 0.000000000000000000, 1.000000000000000000, -0.000000000000000000 ) ) ;
#527 = ORIENTED_EDGE ( 'NONE', *, *, #1289, .F. ) ;
#528 = CARTESIAN_POINT ( 'NONE',  ( 7.878934717893026907, 0.000000000000000000, 6.941064073898911779 ) ) ;
#529 = ORIENTED_EDGE ( 'NONE', *, *, #172, .T. ) ;
#530 = ORIENTED_EDGE ( 'NONE', *, *, #3146, .F. ) ;
#531 = CYLINDRICAL_SURFACE ( 'NONE', #4470, 2.999999999999999112 ) ;
#532 = EDGE_CURVE ( 'NONE', #2610, #4773, #582, .T. ) ;
#533 = EDGE_CURVE ( 'NONE', #562, #2584, #609, .T. ) ;
#534 = FACE_BOUND ( 'NONE', #888, .T. ) ;
#535 = ORIENTED_EDGE ( 'NONE', *, *, #1449, .T. ) ;
#536 = FACE_BOUND ( 'NONE', #4612, .T. ) ;
#537 = DIRECTION ( 'NONE',  ( -0.5000000000000000000, 0.000000000000000000, -0.8660254037844385966 ) ) ;
#538 = VECTOR ( 'NONE', #25, 1000.000000000000000 ) ;
#539 = DIRECTION ( 'NONE',  ( 0.000000000000000000, 1.000000000000000000, -0.000000000000000000 ) ) ;
#540 = VECTOR ( 'NONE', #2371, 1000.000000000000227 ) ;
#541 = LINE ( 'NONE', #4399, #3194 ) ;
#542 = AXIS2_PLACEMENT_3D ( 'NONE', #4792, #3912, #2604 ) ;
#543 = CARTESIAN_POINT ( 'NONE',  ( -13.54297823929769251, 0.000000000000000000, 18.65812871223563008 ) ) ;
#544 = ORIENTED_EDGE ( 'NONE', *, *, #2331, .F. ) ;
#545 = VECTOR ( 'NONE', #4581, 1000.000000000000000 ) ;
#546 = VECTOR ( 'NONE', #5340, 1000.000000000000000 ) ;
#547 = DIRECTION ( 'NONE',  ( 0.000000000000000000, 0.000000000000000000, 1.000000000000000000 ) ) ;
#548 = AXIS2_PLACEMENT_3D ( 'NONE', #735, #2013, #1545 ) ;
#549 = DIRECTION ( 'NONE',  ( -5.551115123125782702E-17, 0.000000000000000000, -1.000000000000000000 ) ) ;
#550 = VERTEX_POINT ( 'NONE', #3996 ) ;
#551 = DIRECTION ( 'NONE',  ( 0.4999999999999999445, 0.000000000000000000, 0.8660254037844387076 ) ) ;
#552 = CARTESIAN_POINT ( 'NONE',  ( -31.17191295719073096, 0.000000000000000000, -16.04719165725891372 ) ) ;
#553 = EDGE_LOOP ( 'NONE', ( #1099, #1613, #2, #3464 ) ) ;
#554 = CARTESIAN_POINT ( 'NONE',  ( -36.21489119648840926, 0.000000000000000000, 18.65812871223563363 ) ) ;
#555 = LINE ( 'NONE', #4770, #3497 ) ;
#556 = VERTEX_POINT ( 'NONE', #185 ) ;
#557 = CARTESIAN_POINT ( 'NONE',  ( -23.25000000000001421, -5.000000000000000000, 14.49999999999999112 ) ) ;
#558 = ORIENTED_EDGE ( 'NONE', *, *, #3261, .F. ) ;
#559 = EDGE_CURVE ( 'NONE', #2581, #5437, #1888, .T. ) ;
#560 = VERTEX_POINT ( 'NONE', #4440 ) ;
#561 = DIRECTION ( 'NONE',  ( 0.000000000000000000, 0.000000000000000000, 1.000000000000000000 ) ) ;
#562 = VERTEX_POINT ( 'NONE', #3611 ) ;
#563 = FACE_OUTER_BOUND ( 'NONE', #641, .T. ) ;
#564 = ORIENTED_EDGE ( 'NONE', *, *, #603, .T. ) ;
#565 = FACE_BOUND ( 'NONE', #3223, .T. ) ;
#566 = LINE ( 'NONE', #4043, #570 ) ;
#567 = AXIS2_PLACEMENT_3D ( 'NONE', #2552, #5132, #3470 ) ;
#568 = CARTESIAN_POINT ( 'NONE',  ( -28.67191295719072386, -5.000000000000000000, 2.165063509461098601 ) ) ;
#569 = DIRECTION ( 'NONE',  ( -5.831003280594313497E-17, 0.000000000000000000, 1.000000000000000000 ) ) ;
#570 = VECTOR ( 'NONE', #171, 1000.000000000000227 ) ;
#571 = CARTESIAN_POINT ( 'NONE',  ( 17.96489119648838440, 0.000000000000000000, -6.941064073898906450 ) ) ;
#572 = VERTEX_POINT ( 'NONE', #1689 ) ;
#573 = AXIS2_PLACEMENT_3D ( 'NONE', #3582, #4031, #2244 ) ;
#574 = LINE ( 'NONE', #3936, #2319 ) ;
#575 = AXIS2_PLACEMENT_3D ( 'NONE', #3566, #5252, #2310 ) ;
#576 = VECTOR ( 'NONE', #3447, 1000.000000000000227 ) ;
#577 = PLANE ( 'NONE',  #1992 ) ;
#578 = CIRCLE ( 'NONE', #2975, 3.000000000000002665 ) ;
#579 = ORIENTED_EDGE ( 'NONE', *, *, #4131, .T. ) ;
#580 =( LENGTH_UNIT ( ) NAMED_UNIT ( * ) SI_UNIT ( .MILLI., .METRE. ) );
#581 = CYLINDRICAL_SURFACE ( 'NONE', #2107, 14.00000000000000000 ) ;
#582 = LINE ( 'NONE', #2272, #2058 ) ;
#583 = ORIENTED_EDGE ( 'NONE', *, *, #4261, .F. ) ;
#584 = LINE ( 'NONE', #3105, #4479 ) ;
#585 = CARTESIAN_POINT ( 'NONE',  ( 15.70257253518499141, -2.000000000000000000, 9.065884480158679537 ) ) ;
#586 = VERTEX_POINT ( 'NONE', #3301 ) ;
#587 = ORIENTED_EDGE ( 'NONE', *, *, #4069, .T. ) ;
#588 = VERTEX_POINT ( 'NONE', #831 ) ;
#589 = CARTESIAN_POINT ( 'NONE',  ( -28.67191295719073096, 0.000000000000000000, -11.71706463833671918 ) ) ;
#590 = ORIENTED_EDGE ( 'NONE', *, *, #2447, .F. ) ;
#591 = DIRECTION ( 'NONE',  ( 0.000000000000000000, 1.000000000000000000, -0.000000000000000000 ) ) ;
#592 = ORIENTED_EDGE ( 'NONE', *, *, #2396, .F. ) ;
#593 = DIRECTION ( 'NONE',  ( 0.000000000000000000, 0.000000000000000000, 1.000000000000000000 ) ) ;
#594 = EDGE_CURVE ( 'NONE', #990, #5163, #1241, .T. ) ;
#595 = CARTESIAN_POINT ( 'NONE',  ( -3.457021760702332802, -2.000000000000000000, 22.98825573115782461 ) ) ;
#596 = LINE ( 'NONE', #2289, #369 ) ;
#597 = EDGE_CURVE ( 'NONE', #783, #3286, #101, .T. ) ;
#598 = CARTESIAN_POINT ( 'NONE',  ( 12.96489119648838440, -5.000000000000000000, -6.941064073898906450 ) ) ;
#599 = VECTOR ( 'NONE', #3237, 1000.000000000000000 ) ;
#600 = DIRECTION ( 'NONE',  ( 0.8660254037844388186, 0.000000000000000000, 0.4999999999999997780 ) ) ;
#601 = ORIENTED_EDGE ( 'NONE', *, *, #1858, .F. ) ;
#602 = FACE_OUTER_BOUND ( 'NONE', #829, .T. ) ;
#603 = EDGE_CURVE ( 'NONE', #4886, #5163, #331, .T. ) ;
#604 = CARTESIAN_POINT ( 'NONE',  ( 4.128934717893025130, -5.000000000000000000, 18.65812871223563363 ) ) ;
#605 = EDGE_CURVE ( 'NONE', #1272, #2001, #3918, .T. ) ;
#606 = VERTEX_POINT ( 'NONE', #2528 ) ;
#607 = LINE ( 'NONE', #1886, #1204 ) ;
#608 = DIRECTION ( 'NONE',  ( -1.000000000000000000, 0.000000000000000000, 5.551115123125782702E-17 ) ) ;
#609 = LINE ( 'NONE', #4468, #4449 ) ;
#610 = ORIENTED_EDGE ( 'NONE', *, *, #2875, .T. ) ;
#611 = CARTESIAN_POINT ( 'NONE',  ( 14.21489119648838262, 0.000000000000000000, 4.776000564437814511 ) ) ;
#612 = DIRECTION ( 'NONE',  ( 0.4999999999999998890, 0.000000000000000000, 0.8660254037844385966 ) ) ;
#613 = ORIENTED_EDGE ( 'NONE', *, *, #3823, .F. ) ;
#614 = VECTOR ( 'NONE', #3483, 1000.000000000000000 ) ;
#615 = EDGE_LOOP ( 'NONE', ( #276, #2711 ) ) ;
#616 = CARTESIAN_POINT ( 'NONE',  ( 0.7499999999999867883, -5.000000000000000000, -11.99999999999999112 ) ) ;
#617 = VERTEX_POINT ( 'NONE', #4552 ) ;
#618 = FACE_OUTER_BOUND ( 'NONE', #2553, .T. ) ;
#619 = EDGE_LOOP ( 'NONE', ( #861, #5057, #535, #337 ) ) ;
#620 = FACE_OUTER_BOUND ( 'NONE', #315, .T. ) ;
#621 = FACE_OUTER_BOUND ( 'NONE', #2946, .T. ) ;
#622 = DIRECTION ( 'NONE',  ( 1.000000000000000000, 0.000000000000000000, 2.775557561562891351E-16 ) ) ;
#623 = LINE ( 'NONE', #2316, #2307 ) ;
#624 = AXIS2_PLACEMENT_3D ( 'NONE', #2903, #1544, #2071 ) ;
#625 = CARTESIAN_POINT ( 'NONE',  ( 2.878934717893026018, -2.000000000000000000, 20.82319222169673267 ) ) ;
#626 = ORIENTED_EDGE ( 'NONE', *, *, #5270, .F. ) ;
#627 = VECTOR ( 'NONE', #2378, 999.9999999999998863 ) ;
#628 = LINE ( 'NONE', #4050, #906 ) ;
#629 = DIRECTION ( 'NONE',  ( 0.000000000000000000, 1.000000000000000000, -0.000000000000000000 ) ) ;
#630 = AXIS2_PLACEMENT_3D ( 'NONE', #2434, #4518, #717 ) ;
#631 = VERTEX_POINT ( 'NONE', #3802 ) ;
#632 = PLANE ( 'NONE',  #3963 ) ;
#633 = FACE_OUTER_BOUND ( 'NONE', #5234, .T. ) ;
#634 = DIRECTION ( 'NONE',  ( -0.5000000000000000000, 0.000000000000000000, -0.8660254037844385966 ) ) ;
#635 = AXIS2_PLACEMENT_3D ( 'NONE', #438, #3276, #3329 ) ;
#636 = AXIS2_PLACEMENT_3D ( 'NONE', #5427, #650, #258 ) ;
#637 = ORIENTED_EDGE ( 'NONE', *, *, #1217, .F. ) ;
#638 = CARTESIAN_POINT ( 'NONE',  ( -11.25000000000001243, -2.000000000000000000, -13.99999999999999289 ) ) ;
#639 = DIRECTION ( 'NONE',  ( -0.5000000000000000000, 0.000000000000000000, 0.8660254037844385966 ) ) ;
#640 = VERTEX_POINT ( 'NONE', #2476 ) ;
#641 = EDGE_LOOP ( 'NONE', ( #266, #2719, #388, #177 ) ) ;
#642 = FACE_OUTER_BOUND ( 'NONE', #1688, .T. ) ;
#643 = ORIENTED_EDGE ( 'NONE', *, *, #4319, .T. ) ;
#644 = EDGE_CURVE ( 'NONE', #4776, #3418, #4968, .T. ) ;
#645 = FACE_BOUND ( 'NONE', #511, .T. ) ;
#646 = VERTEX_POINT ( 'NONE', #383 ) ;
#647 = EDGE_CURVE ( 'NONE', #4166, #797, #1530, .T. ) ;
#648 = FACE_BOUND ( 'NONE', #2330, .T. ) ;
#649 = DIRECTION ( 'NONE',  ( 0.8660254037844387076, 0.000000000000000000, -0.5000000000000001110 ) ) ;
#650 = DIRECTION ( 'NONE',  ( -0.000000000000000000, -1.000000000000000000, 0.000000000000000000 ) ) ;
#651 = DIRECTION ( 'NONE',  ( -0.5000000000000000000, 0.000000000000000000, -0.8660254037844385966 ) ) ;
#652 = CARTESIAN_POINT ( 'NONE',  ( 4.128934717893025130, -5.000000000000000000, 4.776000564437814511 ) ) ;
#653 = VERTEX_POINT ( 'NONE', #4191 ) ;
#654 = CARTESIAN_POINT ( 'NONE',  ( 4.128934717893025130, -5.000000000000000000, 4.776000564437814511 ) ) ;
#655 = CARTESIAN_POINT ( 'NONE',  ( 18.74037512330423993, -2.000000000000000000, 10.81976062215425927 ) ) ;
#656 = VECTOR ( 'NONE', #4857, 1000.000000000000000 ) ;
#657 = LINE ( 'NONE', #1772, #896 ) ;
#658 = VERTEX_POINT ( 'NONE', #2112 ) ;
#659 = EDGE_CURVE ( 'NONE', #2039, #4685, #1612, .T. ) ;
#660 = CARTESIAN_POINT ( 'NONE',  ( -33.71489119648840216, 0.000000000000000000, 22.98825573115782106 ) ) ;
#661 = LINE ( 'NONE', #242, #3524 ) ;
#662 = CARTESIAN_POINT ( 'NONE',  ( 20.00000000000000355, 0.000000000000000000, -27.99999999999999645 ) ) ;
#663 = ADVANCED_FACE ( 'NONE', ( #748 ), #3352, .T. ) ;
#664 = VERTEX_POINT ( 'NONE', #801 ) ;
#665 = EDGE_CURVE ( 'NONE', #572, #3499, #2758, .T. ) ;
#666 = CARTESIAN_POINT ( 'NONE',  ( 9.691434717893031348, -2.000000000000000000, 5.595352443209226756 ) ) ;
#667 = DIRECTION ( 'NONE',  ( 0.000000000000000000, 1.000000000000000000, -0.000000000000000000 ) ) ;
#668 = VECTOR ( 'NONE', #3521, 1000.000000000000000 ) ;
#669 = ORIENTED_EDGE ( 'NONE', *, *, #2269, .F. ) ;
#670 = EDGE_CURVE ( 'NONE', #4674, #3669, #2060, .T. ) ;
#671 = VECTOR ( 'NONE', #4618, 1000.000000000000000 ) ;
#672 = VECTOR ( 'NONE', #5371, 999.9999999999998863 ) ;
#673 = ORIENTED_EDGE ( 'NONE', *, *, #4436, .T. ) ;
#674 = DIRECTION ( 'NONE',  ( -0.5000000000000000000, 0.000000000000000000, -0.8660254037844385966 ) ) ;
#675 = EDGE_LOOP ( 'NONE', ( #379, #4423, #3808, #1308 ) ) ;
#676 = CARTESIAN_POINT ( 'NONE',  ( 9.171912957190709648, -5.000000000000000000, -11.71706463833671918 ) ) ;
#677 = ORIENTED_EDGE ( 'NONE', *, *, #2389, .F. ) ;
#678 = CARTESIAN_POINT ( 'NONE',  ( 11.17590776435771716, -2.000000000000000000, 6.452413356190351834 ) ) ;
#679 = AXIS2_PLACEMENT_3D ( 'NONE', #856, #48, #5157 ) ;
#680 = EDGE_CURVE ( 'NONE', #59, #631, #2503, .T. ) ;
#681 = CARTESIAN_POINT ( 'NONE',  ( 18.99999999999999645, -2.000000000000000000, 24.50000000000002487 ) ) ;
#682 = CARTESIAN_POINT ( 'NONE',  ( 14.21489119648838440, -5.000000000000000000, 9.106127583360008160 ) ) ;
#683 = DIRECTION ( 'NONE',  ( 0.4999999999999998890, -0.000000000000000000, 0.8660254037844387076 ) ) ;
#684 = PLANE ( 'NONE',  #3704 ) ;
#685 = AXIS2_PLACEMENT_3D ( 'NONE', #3549, #4496, #4467 ) ;
#686 = FACE_OUTER_BOUND ( 'NONE', #1417, .T. ) ;
#687 = LINE ( 'NONE', #3711, #3322 ) ;
#688 = CARTESIAN_POINT ( 'NONE',  ( -25.09309948872032336, -2.000000000000000000, 14.48750774461473867 ) ) ;
#689 = VERTEX_POINT ( 'NONE', #1267 ) ;
#690 = CARTESIAN_POINT ( 'NONE',  ( 21.00000000000001066, 0.000000000000000000, -21.35999999999977916 ) ) ;
#691 = DIRECTION ( 'NONE',  ( 0.000000000000000000, 0.000000000000000000, 1.000000000000000000 ) ) ;
#692 = DIRECTION ( 'NONE',  ( 0.000000000000000000, 1.000000000000000000, -0.000000000000000000 ) ) ;
#693 = ORIENTED_EDGE ( 'NONE', *, *, #3603, .T. ) ;
#694 = CARTESIAN_POINT ( 'NONE',  ( -23.25000000000001421, -5.000000000000000000, -9.499999999999992895 ) ) ;
#695 = CARTESIAN_POINT ( 'NONE',  ( 0.000000000000000000, -2.000000000000000000, -15.35999999999977739 ) ) ;
#696 = EDGE_CURVE ( 'NONE', #2895, #586, #5492, .T. ) ;
#697 = ORIENTED_EDGE ( 'NONE', *, *, #1648, .T. ) ;
#698 = ORIENTED_EDGE ( 'NONE', *, *, #1175, .F. ) ;
#699 = DIRECTION ( 'NONE',  ( 0.000000000000000000, 1.000000000000000000, -0.000000000000000000 ) ) ;
#700 = EDGE_LOOP ( 'NONE', ( #3665, #4921, #5121, #422 ) ) ;
#701 = FACE_BOUND ( 'NONE', #5278, .T. ) ;
#702 = ORIENTED_EDGE ( 'NONE', *, *, #2852, .T. ) ;
#703 = CARTESIAN_POINT ( 'NONE',  ( -31.17191295719072386, -2.000000000000000000, -2.165063509461093716 ) ) ;
#704 = EDGE_CURVE ( 'NONE', #4685, #2640, #5442, .T. ) ;
#705 = ADVANCED_FACE ( 'NONE', ( #2969 ), #857, .T. ) ;
#706 = DIRECTION ( 'NONE',  ( -0.5000000000000001110, 0.000000000000000000, 0.8660254037844387076 ) ) ;
#707 = CARTESIAN_POINT ( 'NONE',  ( -23.25000000000001421, -5.000000000000000000, -14.49999999999999112 ) ) ;
#708 = CARTESIAN_POINT ( 'NONE',  ( 2.878934717893027795, -5.000000000000000000, -6.941064073898906450 ) ) ;
#709 = PLANE ( 'NONE',  #3435 ) ;
#710 = EDGE_CURVE ( 'NONE', #4765, #1141, #3740, .T. ) ;
#711 = DIRECTION ( 'NONE',  ( 0.000000000000000000, 1.000000000000000000, -0.000000000000000000 ) ) ;
#712 = FACE_OUTER_BOUND ( 'NONE', #3471, .T. ) ;
#713 = CIRCLE ( 'NONE', #3461, 1.449999999999999956 ) ;
#714 = DIRECTION ( 'NONE',  ( -1.000000000000000000, 0.000000000000000000, 5.551115123125782702E-17 ) ) ;
#715 = EDGE_CURVE ( 'NONE', #1177, #5054, #1584, .T. ) ;
#716 = ORIENTED_EDGE ( 'NONE', *, *, #4768, .T. ) ;
#717 = DIRECTION ( 'NONE',  ( 0.000000000000000000, 0.000000000000000000, 1.000000000000000000 ) ) ;
#718 = VERTEX_POINT ( 'NONE', #2997 ) ;
#719 = VECTOR ( 'NONE', #784, 999.9999999999998863 ) ;
#720 = ORIENTED_EDGE ( 'NONE', *, *, #3224, .F. ) ;
#721 = CARTESIAN_POINT ( 'NONE',  ( -26.12893471789304911, 0.000000000000000000, 22.98825573115782817 ) ) ;
#722 = DIRECTION ( 'NONE',  ( 2.775557561562893816E-16, 0.000000000000000000, 1.000000000000000000 ) ) ;
#723 = ORIENTED_EDGE ( 'NONE', *, *, #1930, .F. ) ;
#724 = VECTOR ( 'NONE', #1095, 1000.000000000000000 ) ;
#725 = ORIENTED_EDGE ( 'NONE', *, *, #3316, .F. ) ;
#726 = VECTOR ( 'NONE', #4543, 1000.000000000000000 ) ;
#727 = CARTESIAN_POINT ( 'NONE',  ( -23.62893471789305622, -5.000000000000000000, 22.98825573115782461 ) ) ;
#728 = ORIENTED_EDGE ( 'NONE', *, *, #4628, .F. ) ;
#729 = LINE ( 'NONE', #2417, #1336 ) ;
#730 = VERTEX_POINT ( 'NONE', #4377 ) ;
#731 = FACE_OUTER_BOUND ( 'NONE', #240, .T. ) ;
#732 = LINE ( 'NONE', #3310, #3373 ) ;
#733 = DIRECTION ( 'NONE',  ( 0.000000000000000000, 1.000000000000000000, -0.000000000000000000 ) ) ;
#734 = EDGE_CURVE ( 'NONE', #5384, #631, #1302, .T. ) ;
#735 = CARTESIAN_POINT ( 'NONE',  ( -11.25000000000001421, 0.000000000000000000, 7.286453133402096100E-15 ) ) ;
#736 = LINE ( 'NONE', #1598, #5297 ) ;
#737 =( LENGTH_UNIT ( ) NAMED_UNIT ( * ) SI_UNIT ( .MILLI., .METRE. ) );
#738 = CARTESIAN_POINT ( 'NONE',  ( 18.99999999999999645, -2.000000000000000000, -23.10000000000000497 ) ) ;
#739 = CARTESIAN_POINT ( 'NONE',  ( 2.878934717893026018, 0.000000000000000000, 20.82319222169673267 ) ) ;
#740 = AXIS2_PLACEMENT_3D ( 'NONE', #976, #954, #561 ) ;
#741 = CYLINDRICAL_SURFACE ( 'NONE', #630, 1.399999999999995026 ) ;
#742 = EDGE_LOOP ( 'NONE', ( #2868, #544, #2117, #4882 ) ) ;
#743 = ORIENTED_EDGE ( 'NONE', *, *, #4358, .F. ) ;
#744 = VECTOR ( 'NONE', #3640, 1000.000000000000000 ) ;
#745 = DIRECTION ( 'NONE',  ( -0.5000000000000000000, 0.000000000000000000, -0.8660254037844385966 ) ) ;
#746 = FACE_OUTER_BOUND ( 'NONE', #803, .T. ) ;
#747 = ORIENTED_EDGE ( 'NONE', *, *, #1675, .F. ) ;
#748 = FACE_OUTER_BOUND ( 'NONE', #4412, .T. ) ;
#749 = VERTEX_POINT ( 'NONE', #1712 ) ;
#750 = VECTOR ( 'NONE', #4406, 1000.000000000000000 ) ;
#751 = DIRECTION ( 'NONE',  ( -5.551115123125782702E-17, 0.000000000000000000, -1.000000000000000000 ) ) ;
#752 = ORIENTED_EDGE ( 'NONE', *, *, #1755, .F. ) ;
#753 = AXIS2_PLACEMENT_3D ( 'NONE', #3314, #5016, #1750 ) ;
#754 = FACE_BOUND ( 'NONE', #4481, .T. ) ;
#755 = ORIENTED_EDGE ( 'NONE', *, *, #5013, .T. ) ;
#756 = LINE ( 'NONE', #4041, #5059 ) ;
#757 = VECTOR ( 'NONE', #722, 1000.000000000000000 ) ;
#758 = CARTESIAN_POINT ( 'NONE',  ( 21.00000000000001066, 0.000000000000000000, -15.35999999999977739 ) ) ;
#759 = ORIENTED_EDGE ( 'NONE', *, *, #2854, .F. ) ;
#760 = ADVANCED_FACE ( 'NONE', ( #4680 ), #5211, .T. ) ;
#761 = CARTESIAN_POINT ( 'NONE',  ( -22.37893471789305622, -2.000000000000000000, 20.82319222169673267 ) ) ;
#762 = LINE ( 'NONE', #317, #2350 ) ;
#763 = AXIS2_PLACEMENT_3D ( 'NONE', #3828, #5128, #941 ) ;
#764 = DIRECTION ( 'NONE',  ( -0.5000000000000000000, 0.000000000000000000, -0.8660254037844385966 ) ) ;
#765 = PLANE ( 'NONE',  #2672 ) ;
#766 = EDGE_CURVE ( 'NONE', #4437, #4036, #942, .T. ) ;
#767 = FACE_OUTER_BOUND ( 'NONE', #3441, .T. ) ;
#768 = VECTOR ( 'NONE', #5411, 1000.000000000000000 ) ;
#769 = DIRECTION ( 'NONE',  ( 0.8660254037844387076, 0.000000000000000000, -0.5000000000000001110 ) ) ;
#770 = CARTESIAN_POINT ( 'NONE',  ( -26.12893471789305266, 0.000000000000000000, 18.65812871223563363 ) ) ;
#771 = EDGE_LOOP ( 'NONE', ( #4102, #2475, #3663, #3385 ) ) ;
#772 = ORIENTED_EDGE ( 'NONE', *, *, #3212, .F. ) ;
#773 = EDGE_CURVE ( 'NONE', #4108, #1717, #2133, .T. ) ;
#774 = CARTESIAN_POINT ( 'NONE',  ( -32.99999999999998579, 0.000000000000000000, -19.74999999999998934 ) ) ;
#775 = EDGE_CURVE ( 'NONE', #418, #2410, #4322, .T. ) ;
#776 = EDGE_CURVE ( 'NONE', #3646, #842, #4296, .T. ) ;
#777 = CARTESIAN_POINT ( 'NONE',  ( 11.67191295719070787, -5.000000000000000000, 2.165063509461098601 ) ) ;
#778 = EDGE_LOOP ( 'NONE', ( #4159, #2558, #3602, #3279 ) ) ;
#779 = DIRECTION ( 'NONE',  ( 0.000000000000000000, 1.000000000000000000, -0.000000000000000000 ) ) ;
#780 = VECTOR ( 'NONE', #2820, 1000.000000000000000 ) ;
#781 = ORIENTED_EDGE ( 'NONE', *, *, #4829, .F. ) ;
#782 = FACE_OUTER_BOUND ( 'NONE', #818, .T. ) ;
#783 = VERTEX_POINT ( 'NONE', #4767 ) ;
#784 = DIRECTION ( 'NONE',  ( -0.5000000000000001110, 0.000000000000000000, -0.8660254037844387076 ) ) ;
#785 = ORIENTED_EDGE ( 'NONE', *, *, #665, .T. ) ;
#786 = CYLINDRICAL_SURFACE ( 'NONE', #2582, 3.000000000000002665 ) ;
#787 = CARTESIAN_POINT ( 'NONE',  ( 4.128934717893028683, -5.000000000000000000, -4.776000564437810070 ) ) ;
#788 = VERTEX_POINT ( 'NONE', #107 ) ;
#789 = CARTESIAN_POINT ( 'NONE',  ( 16.71489119648838440, -2.000000000000000000, 22.98825573115782461 ) ) ;
#790 = LINE ( 'NONE', #2014, #599 ) ;
#791 = SURFACE_STYLE_FILL_AREA ( #4598 ) ;
#792 = FACE_OUTER_BOUND ( 'NONE', #4795, .T. ) ;
#793 = CARTESIAN_POINT ( 'NONE',  ( 6.628934717893026018, -5.000000000000000000, 22.98825573115782461 ) ) ;
#794 = ADVANCED_FACE ( 'NONE', ( #1829 ), #991, .T. ) ;
#795 = PLANE ( 'NONE',  #4228 ) ;
#796 = ORIENTED_EDGE ( 'NONE', *, *, #4916, .F. ) ;
#797 = VERTEX_POINT ( 'NONE', #5158 ) ;
#798 = PLANE ( 'NONE',  #4582 ) ;
#799 = CARTESIAN_POINT ( 'NONE',  ( -0.06970309939893302997, -2.000000000000000000, 0.04024310320132522267 ) ) ;
#800 = ORIENTED_EDGE ( 'NONE', *, *, #3786, .T. ) ;
#801 = CARTESIAN_POINT ( 'NONE',  ( 6.628934717893027795, 0.000000000000000000, -4.776000564437811846 ) ) ;
#802 = AXIS2_PLACEMENT_3D ( 'NONE', #793, #5349, #4077 ) ;
#803 = EDGE_LOOP ( 'NONE', ( #3830, #3046, #5052, #1690 ) ) ;
#804 = VECTOR ( 'NONE', #5476, 999.9999999999998863 ) ;
#805 = CARTESIAN_POINT ( 'NONE',  ( -32.99999999999998579, -2.000000000000000000, -19.74999999999998934 ) ) ;
#806 = ORIENTED_EDGE ( 'NONE', *, *, #186, .T. ) ;
#807 = AXIS2_PLACEMENT_3D ( 'NONE', #3217, #4879, #691 ) ;
#808 = ADVANCED_FACE ( 'NONE', ( #3496 ), #3525, .T. ) ;
#809 = DIRECTION ( 'NONE',  ( 1.000000000000000000, 0.000000000000000000, 2.775557561562891351E-16 ) ) ;
#810 = ORIENTED_EDGE ( 'NONE', *, *, #5275, .F. ) ;
#811 = VECTOR ( 'NONE', #4651, 1000.000000000000000 ) ;
#812 = VECTOR ( 'NONE', #1666, 1000.000000000000000 ) ;
#813 = AXIS2_PLACEMENT_3D ( 'NONE', #280, #5367, #4952 ) ;
#814 = AXIS2_PLACEMENT_3D ( 'NONE', #1956, #600, #3656 ) ;
#815 = EDGE_CURVE ( 'NONE', #4944, #234, #3941, .T. ) ;
#816 = EDGE_CURVE ( 'NONE', #4222, #3669, #1768, .T. ) ;
#817 = CARTESIAN_POINT ( 'NONE',  ( 2.878934717893027795, -2.000000000000000000, -6.941064073898906450 ) ) ;
#818 = EDGE_LOOP ( 'NONE', ( #587, #2746, #5050, #2162 ) ) ;
#819 = LINE ( 'NONE', #3010, #1373 ) ;
#820 = DIRECTION ( 'NONE',  ( 1.000000000000000000, 0.000000000000000000, 2.775557561562891351E-16 ) ) ;
#821 = LINE ( 'NONE', #2103, #1013 ) ;
#822 = FACE_OUTER_BOUND ( 'NONE', #1283, .T. ) ;
#823 = DIRECTION ( 'NONE',  ( -5.551115123125782702E-17, 0.000000000000000000, -1.000000000000000000 ) ) ;
#824 = EDGE_LOOP ( 'NONE', ( #4234, #1889 ) ) ;
#825 = VERTEX_POINT ( 'NONE', #3829 ) ;
#826 = DIRECTION ( 'NONE',  ( 0.000000000000000000, 1.000000000000000000, -0.000000000000000000 ) ) ;
#827 = DIRECTION ( 'NONE',  ( -0.8660254037844387076, 0.000000000000000000, 0.4999999999999999445 ) ) ;
#828 = ADVANCED_FACE ( 'NONE', ( #1742 ), #5129, .T. ) ;
#829 = EDGE_LOOP ( 'NONE', ( #1163, #4970, #307, #4718 ) ) ;
#830 = EDGE_CURVE ( 'NONE', #1585, #5414, #499, .T. ) ;
#831 = CARTESIAN_POINT ( 'NONE',  ( 22.00000000000001421, 0.000000000000000000, -16.35999999999977916 ) ) ;
#832 = EDGE_CURVE ( 'NONE', #4711, #3733, #3466, .T. ) ;
#833 = AXIS2_PLACEMENT_3D ( 'NONE', #4529, #1305, #3944 ) ;
#834 = VERTEX_POINT ( 'NONE', #135 ) ;
#835 = CARTESIAN_POINT ( 'NONE',  ( -0.8463678702262081854, -2.000000000000000000, -0.4886507177085512299 ) ) ;
#836 = ORIENTED_EDGE ( 'NONE', *, *, #194, .T. ) ;
#837 = EDGE_CURVE ( 'NONE', #3879, #1226, #3887, .T. ) ;
#838 = DIRECTION ( 'NONE',  ( -0.5000000000000000000, 0.000000000000000000, -0.8660254037844385966 ) ) ;
#839 = VERTEX_POINT ( 'NONE', #2683 ) ;
#840 = AXIS2_PLACEMENT_3D ( 'NONE', #3102, #3637, #4028 ) ;
#841 = VECTOR ( 'NONE', #288, 1000.000000000000227 ) ;
#842 = VERTEX_POINT ( 'NONE', #2656 ) ;
#843 = EDGE_CURVE ( 'NONE', #5306, #2142, #19, .T. ) ;
#844 = CARTESIAN_POINT ( 'NONE',  ( -16.04297823929769251, -2.000000000000000000, 18.65812871223563363 ) ) ;
#845 = VERTEX_POINT ( 'NONE', #552 ) ;
#846 = CIRCLE ( 'NONE', #5368, 1.449999999999999956 ) ;
#847 = DIRECTION ( 'NONE',  ( 1.000000000000000000, 0.000000000000000000, 2.775557561562891351E-16 ) ) ;
#848 = PLANE ( 'NONE',  #1054 ) ;
#849 = LINE ( 'NONE', #3816, #3103 ) ;
#850 = CARTESIAN_POINT ( 'NONE',  ( 20.00000000000000355, -2.000000000000000000, -27.99999999999999645 ) ) ;
#851 = EDGE_LOOP ( 'NONE', ( #2126, #5428, #5127, #2538 ) ) ;
#852 = ORIENTED_EDGE ( 'NONE', *, *, #4428, .F. ) ;
#853 = CARTESIAN_POINT ( 'NONE',  ( -23.25000000000001421, -2.000000000000000000, -11.99999999999999112 ) ) ;
#854 = CARTESIAN_POINT ( 'NONE',  ( -39.00000000000000000, 0.000000000000000000, -24.99999999999999645 ) ) ;
#855 = EDGE_LOOP ( 'NONE', ( #3036, #993, #2266, #5167 ) ) ;
#856 = CARTESIAN_POINT ( 'NONE',  ( -13.54297823929769251, -5.000000000000000000, 18.65812871223563008 ) ) ;
#857 = PLANE ( 'NONE',  #635 ) ;
#858 = VERTEX_POINT ( 'NONE', #4054 ) ;
#859 = EDGE_CURVE ( 'NONE', #4911, #1710, #2355, .T. ) ;
#860 = DIRECTION ( 'NONE',  ( -2.775557561562891351E-16, 0.000000000000000000, 1.000000000000000000 ) ) ;
#861 = ORIENTED_EDGE ( 'NONE', *, *, #1512, .F. ) ;
#862 = DIRECTION ( 'NONE',  ( -0.8660254037844387076, 0.000000000000000000, 0.4999999999999999445 ) ) ;
#863 = EDGE_LOOP ( 'NONE', ( #3576, #3914, #2346, #3723 ) ) ;
#864 = CARTESIAN_POINT ( 'NONE',  ( 16.71489119648838440, -5.000000000000000000, 22.98825573115782461 ) ) ;
#865 = ORIENTED_EDGE ( 'NONE', *, *, #3477, .F. ) ;
#866 = EDGE_CURVE ( 'NONE', #562, #5159, #3610, .T. ) ;
#867 = CARTESIAN_POINT ( 'NONE',  ( 14.21489119648838262, -2.000000000000000000, 4.776000564437814511 ) ) ;
#868 = ORIENTED_EDGE ( 'NONE', *, *, #2047, .F. ) ;
#869 = DIRECTION ( 'NONE',  ( 0.000000000000000000, 1.000000000000000000, 0.000000000000000000 ) ) ;
#870 = CARTESIAN_POINT ( 'NONE',  ( 7.878934717893026907, -2.000000000000000000, -6.941064073898906450 ) ) ;
#871 = ADVANCED_FACE ( 'NONE', ( #1472 ), #3183, .T. ) ;
#872 = ADVANCED_FACE ( 'NONE', ( #1965 ), #3971, .F. ) ;
#873 = PLANE ( 'NONE',  #1684 ) ;
#874 = VERTEX_POINT ( 'NONE', #5264 ) ;
#875 = AXIS2_PLACEMENT_3D ( 'NONE', #2146, #428, #401 ) ;
#876 = CARTESIAN_POINT ( 'NONE',  ( 18.99999999999999645, -2.000000000000000000, 25.90000000000002345 ) ) ;
#877 = ORIENTED_EDGE ( 'NONE', *, *, #4026, .T. ) ;
#878 = EDGE_CURVE ( 'NONE', #2251, #396, #1554, .T. ) ;
#879 = ORIENTED_EDGE ( 'NONE', *, *, #1389, .F. ) ;
#880 = CARTESIAN_POINT ( 'NONE',  ( -31.17191295719072386, -5.000000000000000000, -2.165063509461093716 ) ) ;
#881 = EDGE_CURVE ( 'NONE', #3297, #4653, #5295, .T. ) ;
#882 = DIRECTION ( 'NONE',  ( 1.000000000000000000, 0.000000000000000000, 2.775557561562891351E-16 ) ) ;
#883 = EDGE_CURVE ( 'NONE', #5030, #5068, #3995, .T. ) ;
#884 = ADVANCED_FACE ( 'NONE', ( #633 ), #2298, .T. ) ;
#885 = ORIENTED_EDGE ( 'NONE', *, *, #4865, .T. ) ;
#886 = CARTESIAN_POINT ( 'NONE',  ( 23.00000000000000000, -2.000000000000000000, -24.99999999999999645 ) ) ;
#887 = DIRECTION ( 'NONE',  ( 0.000000000000000000, 1.000000000000000000, -0.000000000000000000 ) ) ;
#888 = EDGE_LOOP ( 'NONE', ( #3305, #1474 ) ) ;
#889 = LINE ( 'NONE', #4661, #3675 ) ;
#890 = VERTEX_POINT ( 'NONE', #1941 ) ;
#891 = DIRECTION ( 'NONE',  ( 1.000000000000000000, -0.000000000000000000, 0.000000000000000000 ) ) ;
#892 = ORIENTED_EDGE ( 'NONE', *, *, #2433, .T. ) ;
#893 = CIRCLE ( 'NONE', #624, 1.000000000000000888 ) ;
#894 = EDGE_CURVE ( 'NONE', #4008, #3270, #157, .T. ) ;
#895 = DIRECTION ( 'NONE',  ( 1.000000000000000000, 0.000000000000000000, 2.775557561562891351E-16 ) ) ;
#896 = VECTOR ( 'NONE', #4493, 1000.000000000000000 ) ;
#897 = VERTEX_POINT ( 'NONE', #184 ) ;
#898 = CARTESIAN_POINT ( 'NONE',  ( -31.17191295719072031, 0.000000000000000000, 16.04719165725891727 ) ) ;
#899 = VECTOR ( 'NONE', #1402, 1000.000000000000000 ) ;
#900 = CARTESIAN_POINT ( 'NONE',  ( 7.921912957190708759, 0.000000000000000000, -13.88212814779781645 ) ) ;
#901 = ORIENTED_EDGE ( 'NONE', *, *, #659, .F. ) ;
#902 = ADVANCED_FACE ( 'NONE', ( #3157 ), #581, .F. ) ;
#903 = CARTESIAN_POINT ( 'NONE',  ( -36.21489119648840926, -5.000000000000000000, -4.776000564437811846 ) ) ;
#904 = VECTOR ( 'NONE', #2203, 1000.000000000000227 ) ;
#905 = CARTESIAN_POINT ( 'NONE',  ( -26.12893471789305266, -5.000000000000000000, 18.65812871223563363 ) ) ;
#906 = VECTOR ( 'NONE', #1908, 1000.000000000000000 ) ;
#907 = FACE_BOUND ( 'NONE', #4088, .T. ) ;
#908 = EDGE_LOOP ( 'NONE', ( #4356, #5323, #3034, #2113 ) ) ;
#909 = ADVANCED_FACE ( 'NONE', ( #1854 ), #4852, .F. ) ;
#910 = LINE ( 'NONE', #5122, #1780 ) ;
#911 = ORIENTED_EDGE ( 'NONE', *, *, #3147, .T. ) ;
#912 = ORIENTED_EDGE ( 'NONE', *, *, #3353, .F. ) ;
#913 = DIRECTION ( 'NONE',  ( 0.000000000000000000, 1.000000000000000000, -0.000000000000000000 ) ) ;
#914 = CARTESIAN_POINT ( 'NONE',  ( -33.71489119648840926, -5.000000000000000000, 9.106127583360008160 ) ) ;
#915 = ORIENTED_EDGE ( 'NONE', *, *, #5343, .T. ) ;
#916 = CARTESIAN_POINT ( 'NONE',  ( 10.46809948872030560, -2.000000000000000000, 6.043760057716452749 ) ) ;
#917 = CARTESIAN_POINT ( 'NONE',  ( -27.42191295719072386, -5.000000000000000000, 3.181541164974270327E-15 ) ) ;
#918 = ORIENTED_EDGE ( 'NONE', *, *, #4134, .F. ) ;
#919 = DIRECTION ( 'NONE',  ( 0.000000000000000000, 1.000000000000000000, 0.000000000000000000 ) ) ;
#920 = VERTEX_POINT ( 'NONE', #2740 ) ;
#921 = DIRECTION ( 'NONE',  ( -1.000000000000000000, 0.000000000000000000, 2.262682794752357637E-16 ) ) ;
#922 = ORIENTED_EDGE ( 'NONE', *, *, #4745, .F. ) ;
#923 = VECTOR ( 'NONE', #5494, 1000.000000000000227 ) ;
#924 = ORIENTED_EDGE ( 'NONE', *, *, #4401, .T. ) ;
#925 = DIRECTION ( 'NONE',  ( 0.8660254037844388186, 0.000000000000000000, 0.4999999999999997780 ) ) ;
#926 = AXIS2_PLACEMENT_3D ( 'NONE', #271, #3106, #612 ) ;
#927 = CARTESIAN_POINT ( 'NONE',  ( 0.7499999999999867883, -5.000000000000000000, -11.99999999999999112 ) ) ;
#928 = ORIENTED_EDGE ( 'NONE', *, *, #3250, .T. ) ;
#929 = CARTESIAN_POINT ( 'NONE',  ( 15.99999999999996625, -2.000000000000000000, 2.467162276944784809E-14 ) ) ;
#930 = LINE ( 'NONE', #2622, #4958 ) ;
#931 = VECTOR ( 'NONE', #5405, 1000.000000000000000 ) ;
#932 = EDGE_CURVE ( 'NONE', #2139, #1695, #1439, .T. ) ;
#933 = VECTOR ( 'NONE', #3760, 1000.000000000000000 ) ;
#934 = CARTESIAN_POINT ( 'NONE',  ( -36.21489119648840926, -2.000000000000000000, 4.776000564437814511 ) ) ;
#935 = VECTOR ( 'NONE', #4950, 1000.000000000000000 ) ;
#936 = CYLINDRICAL_SURFACE ( 'NONE', #3029, 2.999999999999999112 ) ;
#937 = ORIENTED_EDGE ( 'NONE', *, *, #2702, .F. ) ;
#938 = DIRECTION ( 'NONE',  ( -0.5000000000000001110, 0.000000000000000000, -0.8660254037844387076 ) ) ;
#939 = CARTESIAN_POINT ( 'NONE',  ( 9.171912957190707871, -5.000000000000000000, 11.71706463833672274 ) ) ;
#940 = ORIENTED_EDGE ( 'NONE', *, *, #943, .T. ) ;
#941 = DIRECTION ( 'NONE',  ( -1.000000000000000000, 0.000000000000000000, -6.938893903907510001E-15 ) ) ;
#942 = LINE ( 'NONE', #4270, #1521 ) ;
#943 = EDGE_CURVE ( 'NONE', #5163, #5010, #5351, .T. ) ;
#944 = ORIENTED_EDGE ( 'NONE', *, *, #2201, .T. ) ;
#945 = EDGE_CURVE ( 'NONE', #3781, #1505, #661, .T. ) ;
#946 = EDGE_CURVE ( 'NONE', #2149, #1947, #3578, .T. ) ;
#947 = CARTESIAN_POINT ( 'NONE',  ( -2.207021760702331914, 0.000000000000000000, 20.82319222169673267 ) ) ;
#948 = ORIENTED_EDGE ( 'NONE', *, *, #1039, .F. ) ;
#949 = LINE ( 'NONE', #1803, #94 ) ;
#950 = ORIENTED_EDGE ( 'NONE', *, *, #3188, .T. ) ;
#951 = VECTOR ( 'NONE', #1636, 1000.000000000000227 ) ;
#952 = ORIENTED_EDGE ( 'NONE', *, *, #3280, .F. ) ;
#953 = AXIS2_PLACEMENT_3D ( 'NONE', #377, #5464, #2520 ) ;
#954 = DIRECTION ( 'NONE',  ( 0.000000000000000000, 1.000000000000000000, -0.000000000000000000 ) ) ;
#955 = CARTESIAN_POINT ( 'NONE',  ( 13.00000000000000533, -2.000000000000000000, -22.74999999999999645 ) ) ;
#956 = ORIENTED_EDGE ( 'NONE', *, *, #2213, .F. ) ;
#957 = FACE_BOUND ( 'NONE', #4629, .T. ) ;
#958 = CARTESIAN_POINT ( 'NONE',  ( 6.628934717893026018, 0.000000000000000000, 4.776000564437813622 ) ) ;
#959 = DIRECTION ( 'NONE',  ( -0.000000000000000000, -1.000000000000000000, 0.000000000000000000 ) ) ;
#960 = LINE ( 'NONE', #2344, #4168 ) ;
#961 = CARTESIAN_POINT ( 'NONE',  ( 0.000000000000000000, 0.000000000000000000, -27.99999999999999645 ) ) ;
#962 = ORIENTED_EDGE ( 'NONE', *, *, #4977, .F. ) ;
#963 = LINE ( 'NONE', #1042, #2501 ) ;
#964 = FACE_OUTER_BOUND ( 'NONE', #4280, .T. ) ;
#965 = EDGE_CURVE ( 'NONE', #1259, #2781, #1913, .T. ) ;
#966 = EDGE_LOOP ( 'NONE', ( #4858, #2776, #785, #2094 ) ) ;
#967 = DIRECTION ( 'NONE',  ( 0.000000000000000000, 1.000000000000000000, 0.000000000000000000 ) ) ;
#968 = DIRECTION ( 'NONE',  ( 1.000000000000000000, 0.000000000000000000, 2.775557561562891351E-16 ) ) ;
#969 = VERTEX_POINT ( 'NONE', #1133 ) ;
#970 = CARTESIAN_POINT ( 'NONE',  ( -36.21489119648840926, 0.000000000000000000, -9.106127583360004607 ) ) ;
#971 = VERTEX_POINT ( 'NONE', #770 ) ;
#972 = DIRECTION ( 'NONE',  ( 0.4999999999999998890, 0.000000000000000000, 0.8660254037844385966 ) ) ;
#973 = ORIENTED_EDGE ( 'NONE', *, *, #3239, .T. ) ;
#974 = VERTEX_POINT ( 'NONE', #3370 ) ;
#975 = ADVANCED_FACE ( 'NONE', ( #5436 ), #2048, .T. ) ;
#976 = CARTESIAN_POINT ( 'NONE',  ( 0.000000000000000000, -5.000000000000000000, 0.000000000000000000 ) ) ;
#977 = VERTEX_POINT ( 'NONE', #3769 ) ;
#978 = CARTESIAN_POINT ( 'NONE',  ( -39.00000000000000711, -2.000000000000000000, -25.89999999999999858 ) ) ;
#979 = ORIENTED_EDGE ( 'NONE', *, *, #1885, .T. ) ;
#980 = FACE_BOUND ( 'NONE', #2858, .T. ) ;
#981 = DIRECTION ( 'NONE',  ( 0.000000000000000000, 1.000000000000000000, -0.000000000000000000 ) ) ;
#982 = DIRECTION ( 'NONE',  ( -1.000000000000000000, 0.000000000000000000, 5.551115123125782702E-17 ) ) ;
#983 = VECTOR ( 'NONE', #2457, 1000.000000000000000 ) ;
#984 = FACE_OUTER_BOUND ( 'NONE', #4198, .T. ) ;
#985 = CARTESIAN_POINT ( 'NONE',  ( 0.000000000000000000, -2.000000000000000000, -15.35999999999977739 ) ) ;
#986 = ORIENTED_EDGE ( 'NONE', *, *, #3817, .T. ) ;
#987 = DIRECTION ( 'NONE',  ( 0.4999999999999999445, 0.000000000000000000, 0.8660254037844387076 ) ) ;
#988 = VECTOR ( 'NONE', #1127, 1000.000000000000000 ) ;
#989 = CARTESIAN_POINT ( 'NONE',  ( 11.67191295719070609, 0.000000000000000000, -11.71706463833671918 ) ) ;
#990 = VERTEX_POINT ( 'NONE', #2407 ) ;
#991 = PLANE ( 'NONE',  #4348 ) ;
#992 = CARTESIAN_POINT ( 'NONE',  ( 21.00000000000001066, -2.000000000000000000, -16.35999999999977916 ) ) ;
#993 = ORIENTED_EDGE ( 'NONE', *, *, #3081, .T. ) ;
#994 = LINE ( 'NONE', #638, #2526 ) ;
#995 = LINE ( 'NONE', #695, #744 ) ;
#996 = VERTEX_POINT ( 'NONE', #4546 ) ;
#997 = ADVANCED_FACE ( 'NONE', ( #3713 ), #795, .T. ) ;
#998 = ORIENTED_EDGE ( 'NONE', *, *, #1820, .T. ) ;
#999 = ORIENTED_EDGE ( 'NONE', *, *, #2972, .T. ) ;
#1000 = ADVANCED_FACE ( 'NONE', ( #2019 ), #4626, .T. ) ;
#1001 = DIRECTION ( 'NONE',  ( -0.5000000000000000000, 0.000000000000000000, 0.8660254037844385966 ) ) ;
#1002 = ORIENTED_EDGE ( 'NONE', *, *, #4801, .T. ) ;
#1003 = CARTESIAN_POINT ( 'NONE',  ( -33.71489119648840926, 0.000000000000000000, -9.106127583360004607 ) ) ;
#1004 = EDGE_LOOP ( 'NONE', ( #3749, #449, #1265, #443 ) ) ;
#1005 = DIRECTION ( 'NONE',  ( 0.000000000000000000, 1.000000000000000000, 0.000000000000000000 ) ) ;
#1006 = DIRECTION ( 'NONE',  ( -2.775557561562891351E-16, 0.000000000000000000, 1.000000000000000000 ) ) ;
#1007 = EDGE_CURVE ( 'NONE', #2781, #2247, #2077, .T. ) ;
#1008 = VECTOR ( 'NONE', #3952, 1000.000000000000000 ) ;
#1009 = CARTESIAN_POINT ( 'NONE',  ( -37.46489119648840926, -2.000000000000000000, 20.82319222169673267 ) ) ;
#1010 = DIRECTION ( 'NONE',  ( -1.000000000000000000, 0.000000000000000000, 5.551115123125782702E-17 ) ) ;
#1011 = CYLINDRICAL_SURFACE ( 'NONE', #3208, 1.399999999999995026 ) ;
#1012 = VERTEX_POINT ( 'NONE', #1183 ) ;
#1013 = VECTOR ( 'NONE', #2930, 1000.000000000000000 ) ;
#1014 = LINE ( 'NONE', #2321, #4891 ) ;
#1015 = AXIS2_PLACEMENT_3D ( 'NONE', #929, #1316, #2515 ) ;
#1016 = AXIS2_PLACEMENT_3D ( 'NONE', #254, #1540, #4922 ) ;
#1017 = DIRECTION ( 'NONE',  ( 0.8660254037844388186, 0.000000000000000000, 0.4999999999999997780 ) ) ;
#1018 = VECTOR ( 'NONE', #4342, 1000.000000000000000 ) ;
#1019 = ORIENTED_EDGE ( 'NONE', *, *, #5270, .T. ) ;
#1020 = DIRECTION ( 'NONE',  ( 0.000000000000000000, 0.000000000000000000, 1.000000000000000000 ) ) ;
#1021 = CARTESIAN_POINT ( 'NONE',  ( 8.907980829230786754E-16, -2.000000000000000000, 16.04719165725891727 ) ) ;
#1022 = DIRECTION ( 'NONE',  ( 0.000000000000000000, 0.000000000000000000, 1.000000000000000000 ) ) ;
#1023 = ORIENTED_EDGE ( 'NONE', *, *, #2654, .F. ) ;
#1024 = DIRECTION ( 'NONE',  ( 0.000000000000000000, 1.000000000000000000, -0.000000000000000000 ) ) ;
#1025 = FACE_OUTER_BOUND ( 'NONE', #851, .T. ) ;
#1026 = ORIENTED_EDGE ( 'NONE', *, *, #1817, .T. ) ;
#1027 = ORIENTED_EDGE ( 'NONE', *, *, #4591, .F. ) ;
#1028 = DIRECTION ( 'NONE',  ( 0.000000000000000000, 0.000000000000000000, 1.000000000000000000 ) ) ;
#1029 = ORIENTED_EDGE ( 'NONE', *, *, #2370, .T. ) ;
#1030 = VECTOR ( 'NONE', #4295, 999.9999999999998863 ) ;
#1031 = FACE_BOUND ( 'NONE', #247, .T. ) ;
#1032 = ORIENTED_EDGE ( 'NONE', *, *, #2667, .F. ) ;
#1033 = CARTESIAN_POINT ( 'NONE',  ( -23.62893471789305622, -2.000000000000000000, 22.98825573115782461 ) ) ;
#1034 = DIRECTION ( 'NONE',  ( 0.4999999999999998890, -0.000000000000000000, 0.8660254037844387076 ) ) ;
#1035 = EDGE_CURVE ( 'NONE', #3547, #2270, #3321, .T. ) ;
#1036 = CARTESIAN_POINT ( 'NONE',  ( -32.99999999999998579, -2.000000000000000000, -19.74999999999998934 ) ) ;
#1037 = DIRECTION ( 'NONE',  ( 1.000000000000000000, 0.000000000000000000, 5.831003280594313497E-17 ) ) ;
#1038 = AXIS2_PLACEMENT_3D ( 'NONE', #2072, #2427, #5345 ) ;
#1039 = EDGE_CURVE ( 'NONE', #152, #3388, #5408, .T. ) ;
#1040 = DIRECTION ( 'NONE',  ( -1.000000000000000000, 0.000000000000000000, 5.551115123125782702E-17 ) ) ;
#1041 = EDGE_LOOP ( 'NONE', ( #4195, #79, #3698, #3506 ) ) ;
#1042 = CARTESIAN_POINT ( 'NONE',  ( 19.00000000000000355, -2.000000000000000000, -27.99999999999999645 ) ) ;
#1043 = CARTESIAN_POINT ( 'NONE',  ( 14.21489119648838440, 0.000000000000000000, -4.776000564437810070 ) ) ;
#1044 = ORIENTED_EDGE ( 'NONE', *, *, #2557, .T. ) ;
#1045 = CARTESIAN_POINT ( 'NONE',  ( 1.942890293094084025E-13, 0.000000000000000000, -27.99999999999972644 ) ) ;
#1046 = CARTESIAN_POINT ( 'NONE',  ( -36.21489119648840926, -2.000000000000000000, 22.98825573115782817 ) ) ;
#1047 = EDGE_LOOP ( 'NONE', ( #2927, #3166, #3039, #4547 ) ) ;
#1048 = ADVANCED_FACE ( 'NONE', ( #5378 ), #1258, .T. ) ;
#1049 = FACE_OUTER_BOUND ( 'NONE', #5469, .T. ) ;
#1050 = EDGE_CURVE ( 'NONE', #165, #4674, #3345, .T. ) ;
#1051 = EDGE_CURVE ( 'NONE', #2142, #4362, #3744, .T. ) ;
#1052 = DIRECTION ( 'NONE',  ( 0.000000000000000000, 0.000000000000000000, 1.000000000000000000 ) ) ;
#1053 = ORIENTED_EDGE ( 'NONE', *, *, #832, .T. ) ;
#1054 = AXIS2_PLACEMENT_3D ( 'NONE', #2540, #453, #35 ) ;
#1055 = VERTEX_POINT ( 'NONE', #1210 ) ;
#1056 = DIRECTION ( 'NONE',  ( 0.000000000000000000, 0.000000000000000000, 1.000000000000000000 ) ) ;
#1057 = ORIENTED_EDGE ( 'NONE', *, *, #5224, .F. ) ;
#1058 = CARTESIAN_POINT ( 'NONE',  ( 11.67191295719070787, -5.000000000000000000, -16.04719165725891372 ) ) ;
#1059 = VERTEX_POINT ( 'NONE', #2910 ) ;
#1060 = FACE_BOUND ( 'NONE', #3924, .T. ) ;
#1061 = ADVANCED_FACE ( 'NONE', ( #4183 ), #1234, .T. ) ;
#1062 = FACE_OUTER_BOUND ( 'NONE', #4817, .T. ) ;
#1063 = EDGE_CURVE ( 'NONE', #5068, #845, #406, .T. ) ;
#1064 = DIRECTION ( 'NONE',  ( 0.000000000000000000, 0.000000000000000000, 1.000000000000000000 ) ) ;
#1065 = EDGE_CURVE ( 'NONE', #4189, #4776, #1836, .T. ) ;
#1066 = FACE_OUTER_BOUND ( 'NONE', #1047, .T. ) ;
#1067 = AXIS2_PLACEMENT_3D ( 'NONE', #2148, #4285, #96 ) ;
#1068 = CARTESIAN_POINT ( 'NONE',  ( -16.04297823929769251, -5.000000000000000000, 18.65812871223563363 ) ) ;
#1069 = ORIENTED_EDGE ( 'NONE', *, *, #4474, .T. ) ;
#1070 = VECTOR ( 'NONE', #3445, 1000.000000000000000 ) ;
#1071 = DIRECTION ( 'NONE',  ( 0.000000000000000000, 0.000000000000000000, 1.000000000000000000 ) ) ;
#1072 = EDGE_CURVE ( 'NONE', #788, #2383, #4101, .T. ) ;
#1073 = VECTOR ( 'NONE', #4713, 999.9999999999998863 ) ;
#1074 = DIRECTION ( 'NONE',  ( 0.000000000000000000, 1.000000000000000000, 0.000000000000000000 ) ) ;
#1075 = FACE_OUTER_BOUND ( 'NONE', #1869, .T. ) ;
#1076 = VECTOR ( 'NONE', #5233, 999.9999999999998863 ) ;
#1077 = EDGE_LOOP ( 'NONE', ( #12, #1408, #796, #1221 ) ) ;
#1078 = CARTESIAN_POINT ( 'NONE',  ( 11.67191295719070787, -5.000000000000000000, -11.71706463833671918 ) ) ;
#1079 = DIRECTION ( 'NONE',  ( 0.4999999999999997224, 0.000000000000000000, -0.8660254037844387076 ) ) ;
#1080 = DIRECTION ( 'NONE',  ( -0.000000000000000000, -1.000000000000000000, 0.000000000000000000 ) ) ;
#1081 = VECTOR ( 'NONE', #4826, 1000.000000000000000 ) ;
#1082 = AXIS2_PLACEMENT_3D ( 'NONE', #3966, #5291, #2238 ) ;
#1083 = ORIENTED_EDGE ( 'NONE', *, *, #1987, .F. ) ;
#1084 = VECTOR ( 'NONE', #1984, 1000.000000000000000 ) ;
#1085 = CARTESIAN_POINT ( 'NONE',  ( 18.99999999999999645, -2.000000000000000000, 24.50000000000002487 ) ) ;
#1086 = CARTESIAN_POINT ( 'NONE',  ( 4.128934717893025130, 0.000000000000000000, 18.65812871223563363 ) ) ;
#1087 = ORIENTED_EDGE ( 'NONE', *, *, #2462, .T. ) ;
#1088 = ORIENTED_EDGE ( 'NONE', *, *, #1815, .F. ) ;
#1089 = DIRECTION ( 'NONE',  ( 0.000000000000000000, 1.000000000000000000, -0.000000000000000000 ) ) ;
#1090 = ORIENTED_EDGE ( 'NONE', *, *, #5354, .T. ) ;
#1091 = CARTESIAN_POINT ( 'NONE',  ( -23.25000000000001421, 0.000000000000000000, -11.99999999999999112 ) ) ;
#1092 = VERTEX_POINT ( 'NONE', #4962 ) ;
#1093 = FACE_BOUND ( 'NONE', #4665, .T. ) ;
#1094 = PLANE ( 'NONE',  #392 ) ;
#1095 = DIRECTION ( 'NONE',  ( 0.000000000000000000, 1.000000000000000000, 0.000000000000000000 ) ) ;
#1096 = CARTESIAN_POINT ( 'NONE',  ( 2.527458127055128396E-15, -2.000000000000000000, -9.106127583360006383 ) ) ;
#1097 = CARTESIAN_POINT ( 'NONE',  ( 9.171912957190709648, 0.000000000000000000, 2.165063509461099489 ) ) ;
#1098 = AXIS2_PLACEMENT_3D ( 'NONE', #3562, #2282, #1056 ) ;
#1099 = ORIENTED_EDGE ( 'NONE', *, *, #3409, .T. ) ;
#1100 = ADVANCED_FACE ( 'NONE', ( #1153 ), #741, .F. ) ;
#1101 = CARTESIAN_POINT ( 'NONE',  ( 16.00000000000001066, -2.000000000000000000, -16.35999999999977916 ) ) ;
#1102 = CARTESIAN_POINT ( 'NONE',  ( -31.17191295719072031, -2.000000000000000000, 16.04719165725891727 ) ) ;
#1103 = VECTOR ( 'NONE', #2607, 1000.000000000000000 ) ;
#1104 = VECTOR ( 'NONE', #2382, 1000.000000000000000 ) ;
#1105 = LINE ( 'NONE', #3607, #4343 ) ;
#1106 = EDGE_LOOP ( 'NONE', ( #2551, #2678, #2808, #4523 ) ) ;
#1107 = CARTESIAN_POINT ( 'NONE',  ( -27.42191295719072741, 0.000000000000000000, -13.88212814779781645 ) ) ;
#1108 = CARTESIAN_POINT ( 'NONE',  ( -14.42197304646469647, -2.000000000000000000, 8.326530020621920158 ) ) ;
#1109 = AXIS2_PLACEMENT_3D ( 'NONE', #604, #3991, #2322 ) ;
#1110 = CARTESIAN_POINT ( 'NONE',  ( -3.457021760702332802, -5.000000000000000000, 22.98825573115782461 ) ) ;
#1111 = ORIENTED_EDGE ( 'NONE', *, *, #4573, .T. ) ;
#1112 = DIRECTION ( 'NONE',  ( -0.8660254037844387076, 0.000000000000000000, 0.4999999999999999445 ) ) ;
#1113 = LINE ( 'NONE', #1504, #391 ) ;
#1114 = VECTOR ( 'NONE', #520, 1000.000000000000114 ) ;
#1115 = VERTEX_POINT ( 'NONE', #292 ) ;
#1116 = AXIS2_PLACEMENT_3D ( 'NONE', #3535, #5225, #1395 ) ;
#1117 = EDGE_CURVE ( 'NONE', #2681, #3670, #910, .T. ) ;
#1118 = EDGE_CURVE ( 'NONE', #2973, #4808, #3015, .T. ) ;
#1119 = ORIENTED_EDGE ( 'NONE', *, *, #2295, .T. ) ;
#1120 = PLANE ( 'NONE',  #1805 ) ;
#1121 = ORIENTED_EDGE ( 'NONE', *, *, #2852, .F. ) ;
#1122 = CARTESIAN_POINT ( 'NONE',  ( 0.000000000000000000, 0.000000000000000000, 0.000000000000000000 ) ) ;
#1123 = EDGE_LOOP ( 'NONE', ( #4211, #1835, #1898, #2438 ) ) ;
#1124 = LINE ( 'NONE', #2814, #1994 ) ;
#1125 = CARTESIAN_POINT ( 'NONE',  ( -28.67191295719072386, 0.000000000000000000, -2.165063509461094604 ) ) ;
#1126 = CARTESIAN_POINT ( 'NONE',  ( 16.71489119648838440, -5.000000000000000000, -4.776000564437810958 ) ) ;
#1127 = DIRECTION ( 'NONE',  ( 1.000000000000000000, 0.000000000000000000, 2.775557561562891351E-16 ) ) ;
#1128 = PLANE ( 'NONE',  #3882 ) ;
#1129 = VECTOR ( 'NONE', #1991, 1000.000000000000000 ) ;
#1130 = CARTESIAN_POINT ( 'NONE',  ( -32.46489119648840216, -5.000000000000000000, 6.941064073898911779 ) ) ;
#1131 = FACE_OUTER_BOUND ( 'NONE', #1924, .T. ) ;
#1132 = VERTEX_POINT ( 'NONE', #5093 ) ;
#1133 = CARTESIAN_POINT ( 'NONE',  ( 14.21489119648838440, -2.000000000000000000, -4.776000564437810070 ) ) ;
#1134 = ORIENTED_EDGE ( 'NONE', *, *, #659, .T. ) ;
#1135 = ORIENTED_EDGE ( 'NONE', *, *, #932, .F. ) ;
#1136 = CARTESIAN_POINT ( 'NONE',  ( -32.42191295719072741, -2.000000000000000000, -13.88212814779781645 ) ) ;
#1137 = CARTESIAN_POINT ( 'NONE',  ( 0.7069616714283407655, -2.000000000000000000, -0.4081645113059003127 ) ) ;
#1138 = EDGE_LOOP ( 'NONE', ( #806, #5338, #464, #5447 ) ) ;
#1139 = EDGE_LOOP ( 'NONE', ( #3028, #82, #1292, #937 ) ) ;
#1140 = DIRECTION ( 'NONE',  ( 0.000000000000000000, 1.000000000000000000, -0.000000000000000000 ) ) ;
#1141 = VERTEX_POINT ( 'NONE', #876 ) ;
#1142 = CARTESIAN_POINT ( 'NONE',  ( -36.21489119648840926, -2.000000000000000000, -4.776000564437811846 ) ) ;
#1143 = ORIENTED_EDGE ( 'NONE', *, *, #4599, .F. ) ;
#1144 = CARTESIAN_POINT ( 'NONE',  ( -23.25000000000001421, -5.000000000000000000, 9.499999999999992895 ) ) ;
#1145 = PLANE ( 'NONE',  #6 ) ;
#1146 = CARTESIAN_POINT ( 'NONE',  ( 6.009258394948609501E-16, -2.000000000000000000, -2.165063509461086610 ) ) ;
#1147 = PLANE ( 'NONE',  #399 ) ;
#1148 = LINE ( 'NONE', #3657, #4854 ) ;
#1149 = DIRECTION ( 'NONE',  ( -0.8660254037844387076, 0.000000000000000000, 0.4999999999999999445 ) ) ;
#1150 = DIRECTION ( 'NONE',  ( 0.000000000000000000, 0.000000000000000000, 1.000000000000000000 ) ) ;
#1151 = AXIS2_PLACEMENT_3D ( 'NONE', #3070, #2234, #3932 ) ;
#1152 = CARTESIAN_POINT ( 'NONE',  ( 14.21489119648838262, 0.000000000000000000, -9.106127583360002831 ) ) ;
#1153 = FACE_OUTER_BOUND ( 'NONE', #407, .T. ) ;
#1154 = ORIENTED_EDGE ( 'NONE', *, *, #2163, .F. ) ;
#1155 = VECTOR ( 'NONE', #1694, 1000.000000000000000 ) ;
#1156 = VERTEX_POINT ( 'NONE', #458 ) ;
#1157 = LINE ( 'NONE', #2473, #1925 ) ;
#1158 = DIRECTION ( 'NONE',  ( 0.000000000000000000, 0.000000000000000000, 1.000000000000000000 ) ) ;
#1159 = VERTEX_POINT ( 'NONE', #3396 ) ;
#1160 = EDGE_CURVE ( 'NONE', #1861, #3152, #4176, .T. ) ;
#1161 = VECTOR ( 'NONE', #982, 1000.000000000000000 ) ;
#1162 = DIRECTION ( 'NONE',  ( -2.775557561562891351E-16, 0.000000000000000000, 1.000000000000000000 ) ) ;
#1163 = ORIENTED_EDGE ( 'NONE', *, *, #3382, .F. ) ;
#1164 = VECTOR ( 'NONE', #4904, 1000.000000000000000 ) ;
#1165 = ADVANCED_FACE ( 'NONE', ( #1791 ), #4704, .T. ) ;
#1166 = CARTESIAN_POINT ( 'NONE',  ( -31.17191295719072741, -5.000000000000000000, -11.71706463833671918 ) ) ;
#1167 = ORIENTED_EDGE ( 'NONE', *, *, #4806, .F. ) ;
#1168 = FACE_OUTER_BOUND ( 'NONE', #43, .T. ) ;
#1169 = VERTEX_POINT ( 'NONE', #850 ) ;
#1170 = CARTESIAN_POINT ( 'NONE',  ( -33.71489119648840926, 0.000000000000000000, -4.776000564437813622 ) ) ;
#1171 = ADVANCED_FACE ( 'NONE', ( #5148 ), #936, .T. ) ;
#1172 = DIRECTION ( 'NONE',  ( 0.4999999999999997224, 0.000000000000000000, -0.8660254037844387076 ) ) ;
#1173 = EDGE_LOOP ( 'NONE', ( #4305, #5497, #2832, #3519 ) ) ;
#1174 = DIRECTION ( 'NONE',  ( 1.000000000000000000, -0.000000000000000000, 0.000000000000000000 ) ) ;
#1175 = EDGE_CURVE ( 'NONE', #2386, #858, #70, .T. ) ;
#1176 = DIRECTION ( 'NONE',  ( -6.938893903907227145E-17, 0.000000000000000000, -1.000000000000000000 ) ) ;
#1177 = VERTEX_POINT ( 'NONE', #3518 ) ;
#1178 = EDGE_CURVE ( 'NONE', #858, #2206, #1733, .T. ) ;
#1179 = CARTESIAN_POINT ( 'NONE',  ( -22.37893471789305266, 0.000000000000000000, 20.82319222169673267 ) ) ;
#1180 = DIRECTION ( 'NONE',  ( -1.000000000000000000, 0.000000000000000000, -0.000000000000000000 ) ) ;
#1181 = CARTESIAN_POINT ( 'NONE',  ( 6.628934717893026018, 0.000000000000000000, 18.65812871223563008 ) ) ;
#1182 = AXIS2_PLACEMENT_3D ( 'NONE', #1166, #751, #3331 ) ;
#1183 = CARTESIAN_POINT ( 'NONE',  ( 9.171912957190709648, -2.000000000000000000, -11.71706463833671918 ) ) ;
#1184 = ORIENTED_EDGE ( 'NONE', *, *, #2276, .T. ) ;
#1185 = EDGE_LOOP ( 'NONE', ( #1053, #3090, #2157, #922 ) ) ;
#1186 = VECTOR ( 'NONE', #1581, 1000.000000000000000 ) ;
#1187 = LINE ( 'NONE', #3349, #2787 ) ;
#1188 = PLANE ( 'NONE',  #3949 ) ;
#1189 = ORIENTED_EDGE ( 'NONE', *, *, #4360, .F. ) ;
#1190 = DIRECTION ( 'NONE',  ( -0.000000000000000000, -1.000000000000000000, 0.000000000000000000 ) ) ;
#1191 = ORIENTED_EDGE ( 'NONE', *, *, #2201, .F. ) ;
#1192 = CIRCLE ( 'NONE', #1721, 2.499999999999998668 ) ;
#1193 = DIRECTION ( 'NONE',  ( 0.4999999999999997224, -0.000000000000000000, -0.8660254037844387076 ) ) ;
#1194 = VERTEX_POINT ( 'NONE', #4288 ) ;
#1195 = VECTOR ( 'NONE', #3340, 1000.000000000000000 ) ;
#1196 = VECTOR ( 'NONE', #3809, 1000.000000000000000 ) ;
#1197 = CARTESIAN_POINT ( 'NONE',  ( 7.921912957190708759, 0.000000000000000000, 3.196152700731393163E-15 ) ) ;
#1198 = ORIENTED_EDGE ( 'NONE', *, *, #2387, .T. ) ;
#1199 = PLANE ( 'NONE',  #4649 ) ;
#1200 = DIRECTION ( 'NONE',  ( 0.8660254037844388186, 0.000000000000000000, 0.4999999999999997780 ) ) ;
#1201 = ORIENTED_EDGE ( 'NONE', *, *, #5202, .F. ) ;
#1202 = CARTESIAN_POINT ( 'NONE',  ( -33.71489119648840926, -2.000000000000000000, 22.98825573115782461 ) ) ;
#1203 = LINE ( 'NONE', #2041, #1533 ) ;
#1204 = VECTOR ( 'NONE', #2380, 1000.000000000000000 ) ;
#1205 = CARTESIAN_POINT ( 'NONE',  ( 0.7499999999999871214, -5.000000000000000000, 9.499999999999992895 ) ) ;
#1206 = CARTESIAN_POINT ( 'NONE',  ( -39.49999999999997868, -2.000000000000000000, -28.00000000000000000 ) ) ;
#1207 = CARTESIAN_POINT ( 'NONE',  ( -31.17191295719072386, 0.000000000000000000, -2.165063509461093716 ) ) ;
#1208 = VECTOR ( 'NONE', #938, 999.9999999999998863 ) ;
#1209 = CARTESIAN_POINT ( 'NONE',  ( -28.67191295719072741, 0.000000000000000000, -11.71706463833671918 ) ) ;
#1210 = CARTESIAN_POINT ( 'NONE',  ( 19.00000000000000355, -2.000000000000000000, -27.99999999999999645 ) ) ;
#1211 = ORIENTED_EDGE ( 'NONE', *, *, #878, .T. ) ;
#1212 = ORIENTED_EDGE ( 'NONE', *, *, #1815, .T. ) ;
#1213 = EDGE_CURVE ( 'NONE', #1541, #4503, #4758, .T. ) ;
#1214 = CARTESIAN_POINT ( 'NONE',  ( -12.29297823929769073, 0.000000000000000000, 20.82319222169673267 ) ) ;
#1215 = CARTESIAN_POINT ( 'NONE',  ( -11.25000000000001421, -2.000000000000000000, 7.286453133402096100E-15 ) ) ;
#1216 = CARTESIAN_POINT ( 'NONE',  ( -26.12893471789304911, -5.000000000000000000, 22.98825573115782817 ) ) ;
#1217 = EDGE_CURVE ( 'NONE', #439, #3481, #2124, .T. ) ;
#1218 = EDGE_CURVE ( 'NONE', #1342, #1539, #5205, .T. ) ;
#1219 = EDGE_LOOP ( 'NONE', ( #2306, #4020, #4848, #901 ) ) ;
#1220 = DIRECTION ( 'NONE',  ( 0.000000000000000000, 1.000000000000000000, 0.000000000000000000 ) ) ;
#1221 = ORIENTED_EDGE ( 'NONE', *, *, #4534, .F. ) ;
#1222 = CARTESIAN_POINT ( 'NONE',  ( 12.92191295719070965, -5.000000000000000000, 13.88212814779782001 ) ) ;
#1223 = ORIENTED_EDGE ( 'NONE', *, *, #1796, .T. ) ;
#1224 = CARTESIAN_POINT ( 'NONE',  ( 4.128934717893025130, -2.000000000000000000, 18.65812871223563363 ) ) ;
#1225 = LINE ( 'NONE', #4615, #2092 ) ;
#1226 = VERTEX_POINT ( 'NONE', #543 ) ;
#1227 = DIRECTION ( 'NONE',  ( 0.000000000000000000, 1.000000000000000000, -0.000000000000000000 ) ) ;
#1228 = CARTESIAN_POINT ( 'NONE',  ( -18.23644040541121569, -2.000000000000000000, 10.52881377712473032 ) ) ;
#1229 = EDGE_CURVE ( 'NONE', #3004, #1419, #4728, .T. ) ;
#1230 = EDGE_CURVE ( 'NONE', #4202, #5137, #3431, .T. ) ;
#1231 = CARTESIAN_POINT ( 'NONE',  ( 6.628934717893026018, -5.000000000000000000, 9.106127583360008160 ) ) ;
#1232 = LINE ( 'NONE', #1963, #178 ) ;
#1233 = EDGE_CURVE ( 'NONE', #3888, #2218, #1351, .T. ) ;
#1234 = PLANE ( 'NONE',  #2369 ) ;
#1235 = VERTEX_POINT ( 'NONE', #2236 ) ;
#1236 = EDGE_CURVE ( 'NONE', #21, #5353, #11, .T. ) ;
#1237 = VERTEX_POINT ( 'NONE', #4315 ) ;
#1238 = DIRECTION ( 'NONE',  ( 0.000000000000000000, 1.000000000000000000, -0.000000000000000000 ) ) ;
#1239 = DIRECTION ( 'NONE',  ( 0.000000000000000000, 1.000000000000000000, 0.000000000000000000 ) ) ;
#1240 = ORIENTED_EDGE ( 'NONE', *, *, #3514, .F. ) ;
#1241 = LINE ( 'NONE', #4137, #1784 ) ;
#1242 = ORIENTED_EDGE ( 'NONE', *, *, #4092, .F. ) ;
#1243 = VECTOR ( 'NONE', #1332, 1000.000000000000000 ) ;
#1244 = CARTESIAN_POINT ( 'NONE',  ( 16.71489119648838440, 0.000000000000000000, 18.65812871223563008 ) ) ;
#1245 = EDGE_LOOP ( 'NONE', ( #1777, #33, #525, #3307, #1121, #2198, #723, #2863 ) ) ;
#1246 = AXIS2_PLACEMENT_3D ( 'NONE', #4844, #959, #1064 ) ;
#1247 = VECTOR ( 'NONE', #524, 1000.000000000000000 ) ;
#1248 = DIRECTION ( 'NONE',  ( 1.000000000000000000, 0.000000000000000000, 2.775557561562891351E-16 ) ) ;
#1249 = ORIENTED_EDGE ( 'NONE', *, *, #87, .F. ) ;
#1250 = AXIS2_PLACEMENT_3D ( 'NONE', #4987, #2906, #4570 ) ;
#1251 = ORIENTED_EDGE ( 'NONE', *, *, #67, .F. ) ;
#1252 = AXIS2_PLACEMENT_3D ( 'NONE', #2556, #342, #3003 ) ;
#1253 = LINE ( 'NONE', #4643, #4487 ) ;
#1254 = ORIENTED_EDGE ( 'NONE', *, *, #4818, .T. ) ;
#1255 = DIRECTION ( 'NONE',  ( 1.000000000000000000, -0.000000000000000000, 0.000000000000000000 ) ) ;
#1256 = CARTESIAN_POINT ( 'NONE',  ( 2.903632129773788151, -2.000000000000000000, -1.676412791752542653 ) ) ;
#1257 = CARTESIAN_POINT ( 'NONE',  ( 7.878934717893026907, 0.000000000000000000, 20.82319222169673267 ) ) ;
#1258 = PLANE ( 'NONE',  #4061 ) ;
#1259 = VERTEX_POINT ( 'NONE', #127 ) ;
#1260 = EDGE_CURVE ( 'NONE', #4327, #971, #1822, .T. ) ;
#1261 = APPLICATION_CONTEXT ( 'automotive_design' ) ;
#1262 = ORIENTED_EDGE ( 'NONE', *, *, #533, .T. ) ;
#1263 = DIRECTION ( 'NONE',  ( 0.4999999999999998890, -0.000000000000000000, 0.8660254037844387076 ) ) ;
#1264 = FACE_OUTER_BOUND ( 'NONE', #3501, .T. ) ;
#1265 = ORIENTED_EDGE ( 'NONE', *, *, #4573, .F. ) ;
#1266 = CARTESIAN_POINT ( 'NONE',  ( -39.00000000000000711, -2.000000000000000000, 23.10000000000002984 ) ) ;
#1267 = CARTESIAN_POINT ( 'NONE',  ( -17.29297823929769251, 0.000000000000000000, 20.82319222169673267 ) ) ;
#1268 = VECTOR ( 'NONE', #2245, 1000.000000000000000 ) ;
#1269 = ORIENTED_EDGE ( 'NONE', *, *, #878, .F. ) ;
#1270 = EDGE_CURVE ( 'NONE', #5149, #165, #2542, .T. ) ;
#1271 = CARTESIAN_POINT ( 'NONE',  ( 1.276104540435131474E-15, -2.000000000000000000, 22.98825573115782461 ) ) ;
#1272 = VERTEX_POINT ( 'NONE', #2569 ) ;
#1273 = DIRECTION ( 'NONE',  ( -0.5000000000000000000, 0.000000000000000000, 0.8660254037844385966 ) ) ;
#1274 = ORIENTED_EDGE ( 'NONE', *, *, #4301, .T. ) ;
#1275 = VECTOR ( 'NONE', #2799, 1000.000000000000000 ) ;
#1276 = EDGE_CURVE ( 'NONE', #4981, #1840, #4490, .T. ) ;
#1277 = EDGE_CURVE ( 'NONE', #969, #640, #3174, .T. ) ;
#1278 = VECTOR ( 'NONE', #4856, 1000.000000000000114 ) ;
#1279 = ORIENTED_EDGE ( 'NONE', *, *, #2443, .F. ) ;
#1280 = AXIS2_PLACEMENT_3D ( 'NONE', #5455, #1255, #1652 ) ;
#1281 = AXIS2_PLACEMENT_3D ( 'NONE', #927, #4839, #1366 ) ;
#1282 = DIRECTION ( 'NONE',  ( -0.000000000000000000, -1.000000000000000000, 0.000000000000000000 ) ) ;
#1283 = EDGE_LOOP ( 'NONE', ( #197, #459, #1808, #2353 ) ) ;
#1284 = VECTOR ( 'NONE', #3800, 1000.000000000000000 ) ;
#1285 = EDGE_CURVE ( 'NONE', #3083, #653, #2731, .T. ) ;
#1286 = CARTESIAN_POINT ( 'NONE',  ( -23.25000000000001421, -5.000000000000000000, -13.44999999999999218 ) ) ;
#1287 = DIRECTION ( 'NONE',  ( 0.000000000000000000, 1.000000000000000000, -0.000000000000000000 ) ) ;
#1288 = EDGE_CURVE ( 'NONE', #1526, #3879, #3601, .T. ) ;
#1289 = EDGE_CURVE ( 'NONE', #5414, #5179, #4785, .T. ) ;
#1290 = EDGE_CURVE ( 'NONE', #1132, #920, #1517, .T. ) ;
#1291 = LINE ( 'NONE', #4232, #2128 ) ;
#1292 = ORIENTED_EDGE ( 'NONE', *, *, #1390, .F. ) ;
#1293 = DIRECTION ( 'NONE',  ( 0.000000000000000000, 1.000000000000000000, -0.000000000000000000 ) ) ;
#1294 = ORIENTED_EDGE ( 'NONE', *, *, #4604, .F. ) ;
#1295 = ORIENTED_EDGE ( 'NONE', *, *, #1740, .T. ) ;
#1296 = VECTOR ( 'NONE', #3434, 1000.000000000000000 ) ;
#1297 = CARTESIAN_POINT ( 'NONE',  ( 18.99999999999999645, -2.000000000000000000, 23.10000000000002629 ) ) ;
#1298 = DIRECTION ( 'NONE',  ( -1.000000000000000000, 0.000000000000000000, 5.551115123125782702E-17 ) ) ;
#1299 = EDGE_CURVE ( 'NONE', #2576, #3085, #4431, .T. ) ;
#1300 = VERTEX_POINT ( 'NONE', #4370 ) ;
#1301 = CARTESIAN_POINT ( 'NONE',  ( -27.42191295719072386, -2.000000000000000000, 5.204170427930421283E-15 ) ) ;
#1302 = LINE ( 'NONE', #917, #2938 ) ;
#1303 = VERTEX_POINT ( 'NONE', #625 ) ;
#1304 = EDGE_CURVE ( 'NONE', #3851, #5193, #4073, .T. ) ;
#1305 = DIRECTION ( 'NONE',  ( -0.8660254037844387076, 0.000000000000000000, -0.5000000000000001110 ) ) ;
#1306 = ORIENTED_EDGE ( 'NONE', *, *, #2800, .F. ) ;
#1307 = CARTESIAN_POINT ( 'NONE',  ( 0.7499999999999867883, -2.000000000000000000, -9.499999999999992895 ) ) ;
#1308 = ORIENTED_EDGE ( 'NONE', *, *, #1348, .F. ) ;
#1309 = CIRCLE ( 'NONE', #2908, 1.399999999999995026 ) ;
#1310 = CARTESIAN_POINT ( 'NONE',  ( -33.71489119648840926, 0.000000000000000000, 9.106127583360004607 ) ) ;
#1311 = EDGE_LOOP ( 'NONE', ( #2597, #4918, #4508, #1510 ) ) ;
#1312 = ADVANCED_FACE ( 'NONE', ( #2374, #4019 ), #3151, .F. ) ;
#1313 = DIRECTION ( 'NONE',  ( 1.000000000000000000, 0.000000000000000000, 2.775557561562891351E-16 ) ) ;
#1314 = LINE ( 'NONE', #2926, #40 ) ;
#1315 = EDGE_LOOP ( 'NONE', ( #3536, #1461, #2834, #163 ) ) ;
#1316 = DIRECTION ( 'NONE',  ( -1.000000000000000000, 0.000000000000000000, -1.541976423090493661E-15 ) ) ;
#1317 = CARTESIAN_POINT ( 'NONE',  ( 6.628934717893027795, 0.000000000000000000, -9.106127583360004607 ) ) ;
#1318 = DIRECTION ( 'NONE',  ( -0.5000000000000001110, 0.000000000000000000, -0.8660254037844387076 ) ) ;
#1319 = VERTEX_POINT ( 'NONE', #5289 ) ;
#1320 = VECTOR ( 'NONE', #3365, 999.9999999999998863 ) ;
#1321 = DIRECTION ( 'NONE',  ( 0.000000000000000000, 1.000000000000000000, -0.000000000000000000 ) ) ;
#1322 = ORIENTED_EDGE ( 'NONE', *, *, #4298, .F. ) ;
#1323 = VERTEX_POINT ( 'NONE', #4048 ) ;
#1324 = LINE ( 'NONE', #3018, #3336 ) ;
#1325 = CARTESIAN_POINT ( 'NONE',  ( -28.67191295719073096, -2.000000000000000000, -16.04719165725891372 ) ) ;
#1326 = ORIENTED_EDGE ( 'NONE', *, *, #1399, .F. ) ;
#1327 = LINE ( 'NONE', #5073, #1030 ) ;
#1328 = DIRECTION ( 'NONE',  ( 1.000000000000000000, 0.000000000000000000, 2.775557561562891351E-16 ) ) ;
#1329 = ORIENTED_EDGE ( 'NONE', *, *, #3823, .T. ) ;
#1330 = CYLINDRICAL_SURFACE ( 'NONE', #2782, 1.000000000000000888 ) ;
#1331 = ORIENTED_EDGE ( 'NONE', *, *, #1843, .F. ) ;
#1332 = DIRECTION ( 'NONE',  ( 0.000000000000000000, 1.000000000000000000, -0.000000000000000000 ) ) ;
#1333 = ORIENTED_EDGE ( 'NONE', *, *, #2147, .T. ) ;
#1334 = CIRCLE ( 'NONE', #4441, 2.499999999999998668 ) ;
#1335 = CARTESIAN_POINT ( 'NONE',  ( -13.54297823929769251, 0.000000000000000000, 22.98825573115782461 ) ) ;
#1336 = VECTOR ( 'NONE', #4453, 999.9999999999998863 ) ;
#1337 = ADVANCED_FACE ( 'NONE', ( #3210 ), #2265, .F. ) ;
#1338 = ORIENTED_EDGE ( 'NONE', *, *, #1270, .T. ) ;
#1339 = CARTESIAN_POINT ( 'NONE',  ( -23.25000000000001421, -5.000000000000000000, 10.54999999999999183 ) ) ;
#1340 = VECTOR ( 'NONE', #517, 1000.000000000000000 ) ;
#1341 = FACE_OUTER_BOUND ( 'NONE', #3155, .T. ) ;
#1342 = VERTEX_POINT ( 'NONE', #1846 ) ;
#1343 = CARTESIAN_POINT ( 'NONE',  ( -36.00000000000000000, 0.000000000000000000, -22.74999999999998934 ) ) ;
#1344 = AXIS2_PLACEMENT_3D ( 'NONE', #992, #2684, #2299 ) ;
#1345 = VECTOR ( 'NONE', #2368, 1000.000000000000000 ) ;
#1346 = LINE ( 'NONE', #1256, #1320 ) ;
#1347 = CARTESIAN_POINT ( 'NONE',  ( 0.000000000000000000, -5.000000000000000000, 0.000000000000000000 ) ) ;
#1348 = EDGE_CURVE ( 'NONE', #165, #4222, #151, .T. ) ;
#1349 = ADVANCED_FACE ( 'NONE', ( #2789 ), #1011, .F. ) ;
#1350 = ADVANCED_FACE ( 'NONE', ( #2317 ), #2761, .T. ) ;
#1351 = LINE ( 'NONE', #2624, #366 ) ;
#1352 = ORIENTED_EDGE ( 'NONE', *, *, #2392, .T. ) ;
#1353 = LINE ( 'NONE', #1793, #4752 ) ;
#1354 = CARTESIAN_POINT ( 'NONE',  ( 16.71489119648838440, -5.000000000000000000, 4.776000564437813622 ) ) ;
#1355 = ORIENTED_EDGE ( 'NONE', *, *, #3427, .T. ) ;
#1356 = CYLINDRICAL_SURFACE ( 'NONE', #2099, 1.449999999999999956 ) ;
#1357 = CARTESIAN_POINT ( 'NONE',  ( -13.54297823929769251, 0.000000000000000000, 18.65812871223563008 ) ) ;
#1358 = ORIENTED_EDGE ( 'NONE', *, *, #2841, .F. ) ;
#1359 = LINE ( 'NONE', #1770, #1268 ) ;
#1360 = ORIENTED_EDGE ( 'NONE', *, *, #881, .F. ) ;
#1361 = LINE ( 'NONE', #4024, #2935 ) ;
#1362 = ORIENTED_EDGE ( 'NONE', *, *, #4703, .F. ) ;
#1363 = ORIENTED_EDGE ( 'NONE', *, *, #2982, .T. ) ;
#1364 = FACE_OUTER_BOUND ( 'NONE', #3079, .T. ) ;
#1365 = AXIS2_PLACEMENT_3D ( 'NONE', #4830, #3189, #2687 ) ;
#1366 = DIRECTION ( 'NONE',  ( 0.000000000000000000, 0.000000000000000000, 1.000000000000000000 ) ) ;
#1367 = ORIENTED_EDGE ( 'NONE', *, *, #3303, .F. ) ;
#1368 = FACE_BOUND ( 'NONE', #2449, .T. ) ;
#1369 = LINE ( 'NONE', #2673, #164 ) ;
#1370 = ADVANCED_FACE ( 'NONE', ( #204 ), #2706, .T. ) ;
#1371 = AXIS2_PLACEMENT_3D ( 'NONE', #5434, #5019, #2907 ) ;
#1372 = CARTESIAN_POINT ( 'NONE',  ( -39.00000000000000000, -2.000000000000000000, -27.99999999999999645 ) ) ;
#1373 = VECTOR ( 'NONE', #1227, 1000.000000000000000 ) ;
#1374 = FACE_OUTER_BOUND ( 'NONE', #2505, .T. ) ;
#1375 = VECTOR ( 'NONE', #2513, 1000.000000000000000 ) ;
#1376 = DIRECTION ( 'NONE',  ( 1.000000000000000000, 0.000000000000000000, -3.083952846180978250E-15 ) ) ;
#1377 = ORIENTED_EDGE ( 'NONE', *, *, #1490, .T. ) ;
#1378 = DIRECTION ( 'NONE',  ( 0.000000000000000000, 1.000000000000000000, 0.000000000000000000 ) ) ;
#1379 = LINE ( 'NONE', #4763, #1114 ) ;
#1380 = ORIENTED_EDGE ( 'NONE', *, *, #5172, .T. ) ;
#1381 = CARTESIAN_POINT ( 'NONE',  ( -11.25000000000001243, 0.000000000000000000, -13.99999999999999289 ) ) ;
#1382 = DIRECTION ( 'NONE',  ( 0.4999999999999997224, -0.000000000000000000, -0.8660254037844387076 ) ) ;
#1383 = ADVANCED_FACE ( 'NONE', ( #2291 ), #2345, .T. ) ;
#1384 = ORIENTED_EDGE ( 'NONE', *, *, #4829, .T. ) ;
#1385 = DIRECTION ( 'NONE',  ( 0.4999999999999997224, 0.000000000000000000, -0.8660254037844387076 ) ) ;
#1386 = ORIENTED_EDGE ( 'NONE', *, *, #3619, .T. ) ;
#1387 = CARTESIAN_POINT ( 'NONE',  ( 11.67191295719070787, -2.000000000000000000, 16.04719165725891727 ) ) ;
#1388 = ORIENTED_EDGE ( 'NONE', *, *, #1843, .T. ) ;
#1389 = EDGE_CURVE ( 'NONE', #971, #5159, #5256, .T. ) ;
#1390 = EDGE_CURVE ( 'NONE', #4273, #2283, #2401, .T. ) ;
#1391 = ORIENTED_EDGE ( 'NONE', *, *, #386, .F. ) ;
#1392 = VECTOR ( 'NONE', #1658, 1000.000000000000000 ) ;
#1393 = DIRECTION ( 'NONE',  ( 0.000000000000000000, 1.000000000000000000, 0.000000000000000000 ) ) ;
#1394 = EDGE_LOOP ( 'NONE', ( #504, #2566 ) ) ;
#1395 = DIRECTION ( 'NONE',  ( -0.5000000000000000000, 0.000000000000000000, 0.8660254037844385966 ) ) ;
#1396 = EDGE_LOOP ( 'NONE', ( #1090, #1333, #1532, #3788 ) ) ;
#1397 = FACE_OUTER_BOUND ( 'NONE', #1483, .T. ) ;
#1398 = CARTESIAN_POINT ( 'NONE',  ( -12.29297823929769073, 0.000000000000000000, 20.82319222169673267 ) ) ;
#1399 = EDGE_CURVE ( 'NONE', #2937, #617, #1571, .T. ) ;
#1400 = DIRECTION ( 'NONE',  ( 0.4999999999999997224, -0.000000000000000000, -0.8660254037844387076 ) ) ;
#1401 = DIRECTION ( 'NONE',  ( 0.000000000000000000, 1.000000000000000000, -0.000000000000000000 ) ) ;
#1402 = DIRECTION ( 'NONE',  ( 0.4999999999999998890, -0.000000000000000000, 0.8660254037844387076 ) ) ;
#1403 = ORIENTED_EDGE ( 'NONE', *, *, #2023, .F. ) ;
#1404 = ADVANCED_FACE ( 'NONE', ( #2819 ), #4251, .T. ) ;
#1405 = CARTESIAN_POINT ( 'NONE',  ( -39.00000000000000711, -2.000000000000000000, -23.10000000000000853 ) ) ;
#1406 = CARTESIAN_POINT ( 'NONE',  ( -32.99999999999998579, 0.000000000000000000, -22.74999999999998934 ) ) ;
#1407 = EDGE_CURVE ( 'NONE', #1235, #5352, #2674, .T. ) ;
#1408 = ORIENTED_EDGE ( 'NONE', *, *, #4835, .T. ) ;
#1409 = DIRECTION ( 'NONE',  ( 0.000000000000000000, 1.000000000000000000, -0.000000000000000000 ) ) ;
#1410 = CARTESIAN_POINT ( 'NONE',  ( 7.921912957190708759, -5.000000000000000000, -13.88212814779781645 ) ) ;
#1411 = CARTESIAN_POINT ( 'NONE',  ( -33.71489119648840926, -5.000000000000000000, -9.106127583360004607 ) ) ;
#1412 = EDGE_CURVE ( 'NONE', #1651, #4392, #1203, .T. ) ;
#1413 = ORIENTED_EDGE ( 'NONE', *, *, #3188, .F. ) ;
#1414 = CARTESIAN_POINT ( 'NONE',  ( 2.878934717893026018, -5.000000000000000000, 20.82319222169673267 ) ) ;
#1415 = FACE_OUTER_BOUND ( 'NONE', #5100, .T. ) ;
#1416 = ORIENTED_EDGE ( 'NONE', *, *, #2847, .F. ) ;
#1417 = EDGE_LOOP ( 'NONE', ( #447, #4260, #2279, #5209 ) ) ;
#1418 = EDGE_CURVE ( 'NONE', #4776, #4189, #277, .T. ) ;
#1419 = VERTEX_POINT ( 'NONE', #1310 ) ;
#1420 = FACE_OUTER_BOUND ( 'NONE', #472, .T. ) ;
#1421 = ORIENTED_EDGE ( 'NONE', *, *, #5479, .F. ) ;
#1422 = AXIS2_PLACEMENT_3D ( 'NONE', #1347, #2957, #3393 ) ;
#1423 = DIRECTION ( 'NONE',  ( -2.775557561562891351E-16, 0.000000000000000000, 1.000000000000000000 ) ) ;
#1424 = ORIENTED_EDGE ( 'NONE', *, *, #430, .F. ) ;
#1425 = DIRECTION ( 'NONE',  ( -0.000000000000000000, -1.000000000000000000, 0.000000000000000000 ) ) ;
#1426 = VECTOR ( 'NONE', #4355, 999.9999999999998863 ) ;
#1427 = DIRECTION ( 'NONE',  ( -0.5000000000000000000, 0.000000000000000000, -0.8660254037844385966 ) ) ;
#1428 = CARTESIAN_POINT ( 'NONE',  ( 14.21489119648838440, -2.000000000000000000, 22.98825573115782817 ) ) ;
#1429 = VECTOR ( 'NONE', #153, 1000.000000000000000 ) ;
#1430 = LINE ( 'NONE', #1821, #4525 ) ;
#1431 = CARTESIAN_POINT ( 'NONE',  ( 1.276104540435131672E-15, -2.000000000000000000, 22.98825573115782817 ) ) ;
#1432 = VERTEX_POINT ( 'NONE', #2585 ) ;
#1433 = VECTOR ( 'NONE', #5207, 1000.000000000000000 ) ;
#1434 = CARTESIAN_POINT ( 'NONE',  ( -23.25000000000001421, -5.000000000000000000, 11.99999999999999112 ) ) ;
#1435 = FACE_OUTER_BOUND ( 'NONE', #3408, .T. ) ;
#1436 = ORIENTED_EDGE ( 'NONE', *, *, #257, .F. ) ;
#1437 = ADVANCED_FACE ( 'NONE', ( #3708 ), #2460, .T. ) ;
#1438 = DIRECTION ( 'NONE',  ( 0.000000000000000000, 0.000000000000000000, 1.000000000000000000 ) ) ;
#1439 = LINE ( 'NONE', #2381, #148 ) ;
#1440 = LINE ( 'NONE', #3158, #4647 ) ;
#1441 = ORIENTED_EDGE ( 'NONE', *, *, #3992, .F. ) ;
#1442 = DIRECTION ( 'NONE',  ( 0.000000000000000000, 1.000000000000000000, -0.000000000000000000 ) ) ;
#1443 = DIRECTION ( 'NONE',  ( -0.5000000000000001110, 0.000000000000000000, 0.8660254037844387076 ) ) ;
#1444 = ORIENTED_EDGE ( 'NONE', *, *, #3136, .F. ) ;
#1445 = ADVANCED_FACE ( 'NONE', ( #445 ), #4567, .T. ) ;
#1446 = ORIENTED_EDGE ( 'NONE', *, *, #462, .F. ) ;
#1447 = CARTESIAN_POINT ( 'NONE',  ( 0.7499999999999867883, -5.000000000000000000, 14.49999999999999112 ) ) ;
#1448 = ORIENTED_EDGE ( 'NONE', *, *, #2102, .T. ) ;
#1449 = EDGE_CURVE ( 'NONE', #5242, #1169, #3476, .T. ) ;
#1450 = EDGE_CURVE ( 'NONE', #4551, #1506, #4512, .T. ) ;
#1451 = PLANE ( 'NONE',  #1116 ) ;
#1452 = ORIENTED_EDGE ( 'NONE', *, *, #559, .F. ) ;
#1453 = CIRCLE ( 'NONE', #2601, 1.399999999999998579 ) ;
#1454 = DIRECTION ( 'NONE',  ( 0.000000000000000000, 1.000000000000000000, -0.000000000000000000 ) ) ;
#1455 = CARTESIAN_POINT ( 'NONE',  ( 6.628934717893026018, -5.000000000000000000, 18.65812871223563008 ) ) ;
#1456 = EDGE_CURVE ( 'NONE', #5069, #4551, #2140, .T. ) ;
#1457 = CARTESIAN_POINT ( 'NONE',  ( 18.99999999999999645, -2.000000000000000000, 24.50000000000002487 ) ) ;
#1458 = PLANE ( 'NONE',  #3284 ) ;
#1459 = EDGE_CURVE ( 'NONE', #1132, #5242, #3839, .T. ) ;
#1460 = DIRECTION ( 'NONE',  ( -1.000000000000000000, 0.000000000000000000, 5.551115123125782702E-17 ) ) ;
#1461 = ORIENTED_EDGE ( 'NONE', *, *, #3023, .T. ) ;
#1462 = EDGE_CURVE ( 'NONE', #5384, #890, #3736, .T. ) ;
#1463 = ADVANCED_FACE ( 'NONE', ( #5344 ), #4929, .T. ) ;
#1464 = VECTOR ( 'NONE', #1024, 1000.000000000000000 ) ;
#1465 = DIRECTION ( 'NONE',  ( 0.000000000000000000, 0.000000000000000000, 1.000000000000000000 ) ) ;
#1466 = AXIS2_PLACEMENT_3D ( 'NONE', #1623, #2485, #2844 ) ;
#1467 = AXIS2_PLACEMENT_3D ( 'NONE', #5116, #4692, #3361 ) ;
#1468 = CARTESIAN_POINT ( 'NONE',  ( -32.46489119648840216, 0.000000000000000000, 6.941064073898911779 ) ) ;
#1469 = AXIS2_PLACEMENT_3D ( 'NONE', #3021, #5071, #74 ) ;
#1470 = EDGE_LOOP ( 'NONE', ( #4112, #868, #1763, #255 ) ) ;
#1471 = CARTESIAN_POINT ( 'NONE',  ( 12.96489119648838440, -5.000000000000000000, -6.941064073898906450 ) ) ;
#1472 = FACE_OUTER_BOUND ( 'NONE', #2281, .T. ) ;
#1473 = DIRECTION ( 'NONE',  ( 0.000000000000000000, 1.000000000000000000, -0.000000000000000000 ) ) ;
#1474 = ORIENTED_EDGE ( 'NONE', *, *, #3280, .T. ) ;
#1475 = LINE ( 'NONE', #3161, #1278 ) ;
#1476 = ADVANCED_FACE ( 'NONE', ( #1597 ), #1147, .T. ) ;
#1477 = LINE ( 'NONE', #585, #4559 ) ;
#1478 = EDGE_LOOP ( 'NONE', ( #5223, #5078 ) ) ;
#1479 = CIRCLE ( 'NONE', #4132, 2.999999999999999112 ) ;
#1480 = EDGE_CURVE ( 'NONE', #2149, #4944, #762, .T. ) ;
#1481 = ORIENTED_EDGE ( 'NONE', *, *, #5284, .T. ) ;
#1482 = CARTESIAN_POINT ( 'NONE',  ( -28.67191295719072386, -5.000000000000000000, -2.165063509461094604 ) ) ;
#1483 = EDGE_LOOP ( 'NONE', ( #1242, #4915, #2280, #5247, #3772, #4614, #1362, #269, #1135, #47, #2514, #225, #1240, #2606, #3371, #4328 ) ) ;
#1484 = VECTOR ( 'NONE', #551, 999.9999999999998863 ) ;
#1485 = FACE_BOUND ( 'NONE', #4558, .T. ) ;
#1486 = ORIENTED_EDGE ( 'NONE', *, *, #3617, .F. ) ;
#1487 = DIRECTION ( 'NONE',  ( 0.000000000000000000, 0.000000000000000000, -1.000000000000000000 ) ) ;
#1488 = CARTESIAN_POINT ( 'NONE',  ( 17.96489119648838440, 0.000000000000000000, 20.82319222169673267 ) ) ;
#1489 = EDGE_CURVE ( 'NONE', #3880, #2222, #2616, .T. ) ;
#1490 = EDGE_CURVE ( 'NONE', #363, #412, #3868, .T. ) ;
#1491 = CARTESIAN_POINT ( 'NONE',  ( 12.92191295719070965, 0.000000000000000000, 13.88212814779782001 ) ) ;
#1492 = CARTESIAN_POINT ( 'NONE',  ( 17.00000000000001066, -2.000000000000000000, -20.35999999999977916 ) ) ;
#1493 = CARTESIAN_POINT ( 'NONE',  ( -33.71489119648840926, -5.000000000000000000, 9.106127583360008160 ) ) ;
#1494 = ORIENTED_EDGE ( 'NONE', *, *, #5326, .T. ) ;
#1495 = CARTESIAN_POINT ( 'NONE',  ( 0.000000000000000000, 0.000000000000000000, -21.35999999999977916 ) ) ;
#1496 = CARTESIAN_POINT ( 'NONE',  ( -23.25000000000001421, -5.000000000000000000, 11.99999999999999112 ) ) ;
#1497 = CARTESIAN_POINT ( 'NONE',  ( -42.50000000000000000, -2.000000000000000000, -24.99999999999997868 ) ) ;
#1498 = ORIENTED_EDGE ( 'NONE', *, *, #5285, .T. ) ;
#1499 = DIRECTION ( 'NONE',  ( 0.000000000000000000, 0.000000000000000000, 1.000000000000000000 ) ) ;
#1500 = DIRECTION ( 'NONE',  ( 0.4999999999999997224, -0.000000000000000000, -0.8660254037844387076 ) ) ;
#1501 = CARTESIAN_POINT ( 'NONE',  ( 9.171912957190707871, -2.000000000000000000, -16.04719165725891372 ) ) ;
#1502 = EDGE_LOOP ( 'NONE', ( #133, #3642, #4478, #4265 ) ) ;
#1503 = LINE ( 'NONE', #3639, #3142 ) ;
#1504 = CARTESIAN_POINT ( 'NONE',  ( 6.628934717893026018, 0.000000000000000000, 22.98825573115782461 ) ) ;
#1505 = VERTEX_POINT ( 'NONE', #58 ) ;
#1506 = VERTEX_POINT ( 'NONE', #5136 ) ;
#1507 = DIRECTION ( 'NONE',  ( -1.000000000000000000, 0.000000000000000000, 2.262682794752357637E-16 ) ) ;
#1508 = ORIENTED_EDGE ( 'NONE', *, *, #9, .T. ) ;
#1509 = LINE ( 'NONE', #676, #2493 ) ;
#1510 = ORIENTED_EDGE ( 'NONE', *, *, #776, .F. ) ;
#1511 = LINE ( 'NONE', #3308, #4347 ) ;
#1512 = EDGE_CURVE ( 'NONE', #1939, #439, #3773, .T. ) ;
#1513 = CARTESIAN_POINT ( 'NONE',  ( 9.171912957190707871, -2.000000000000000000, -2.165063509461093716 ) ) ;
#1514 = CARTESIAN_POINT ( 'NONE',  ( 6.628934717893027795, -5.000000000000000000, -9.106127583360004607 ) ) ;
#1515 = CARTESIAN_POINT ( 'NONE',  ( -39.49999999999997868, -2.000000000000000000, -28.00000000000000000 ) ) ;
#1516 = VECTOR ( 'NONE', #5120, 1000.000000000000000 ) ;
#1517 = LINE ( 'NONE', #233, #4182 ) ;
#1518 = ORIENTED_EDGE ( 'NONE', *, *, #1953, .T. ) ;
#1519 = VECTOR ( 'NONE', #2923, 1000.000000000000000 ) ;
#1520 = DIRECTION ( 'NONE',  ( 0.4999999999999998890, 0.000000000000000000, 0.8660254037844385966 ) ) ;
#1521 = VECTOR ( 'NONE', #887, 1000.000000000000000 ) ;
#1522 = CARTESIAN_POINT ( 'NONE',  ( 4.128934717893026907, -5.000000000000000000, 22.98825573115782817 ) ) ;
#1523 = PLANE ( 'NONE',  #3463 ) ;
#1524 = EDGE_CURVE ( 'NONE', #2193, #3394, #2439, .T. ) ;
#1525 = EDGE_CURVE ( 'NONE', #4773, #2194, #448, .T. ) ;
#1526 = VERTEX_POINT ( 'NONE', #844 ) ;
#1527 = DIRECTION ( 'NONE',  ( 0.000000000000000000, 1.000000000000000000, -0.000000000000000000 ) ) ;
#1528 = DIRECTION ( 'NONE',  ( 0.000000000000000000, 1.000000000000000000, -0.000000000000000000 ) ) ;
#1529 = LINE ( 'NONE', #3184, #300 ) ;
#1530 = CIRCLE ( 'NONE', #3204, 1.449999999999999956 ) ;
#1531 = VECTOR ( 'NONE', #4017, 1000.000000000000000 ) ;
#1532 = ORIENTED_EDGE ( 'NONE', *, *, #3020, .F. ) ;
#1533 = VECTOR ( 'NONE', #4096, 999.9999999999998863 ) ;
#1534 = FACE_OUTER_BOUND ( 'NONE', #4576, .T. ) ;
#1535 = DIRECTION ( 'NONE',  ( 0.000000000000000000, 1.000000000000000000, -0.000000000000000000 ) ) ;
#1536 = ORIENTED_EDGE ( 'NONE', *, *, #1462, .F. ) ;
#1537 = ORIENTED_EDGE ( 'NONE', *, *, #1218, .F. ) ;
#1538 = CARTESIAN_POINT ( 'NONE',  ( -4.468798519635905815E-15, -2.000000000000000000, -19.74999999999999645 ) ) ;
#1539 = VERTEX_POINT ( 'NONE', #5034 ) ;
#1540 = DIRECTION ( 'NONE',  ( -0.000000000000000000, -1.000000000000000000, 0.000000000000000000 ) ) ;
#1541 = VERTEX_POINT ( 'NONE', #2143 ) ;
#1542 = PLANE ( 'NONE',  #3110 ) ;
#1543 = DIRECTION ( 'NONE',  ( 0.000000000000000000, 1.000000000000000000, 0.000000000000000000 ) ) ;
#1544 = DIRECTION ( 'NONE',  ( -0.000000000000000000, -1.000000000000000000, 0.000000000000000000 ) ) ;
#1545 = DIRECTION ( 'NONE',  ( 0.000000000000000000, 0.000000000000000000, 1.000000000000000000 ) ) ;
#1546 = VECTOR ( 'NONE', #1193, 1000.000000000000114 ) ;
#1547 = CARTESIAN_POINT ( 'NONE',  ( 21.00000000000001066, -2.000000000000000000, -15.35999999999977739 ) ) ;
#1548 = ADVANCED_FACE ( 'NONE', ( #1650 ), #2174, .T. ) ;
#1549 = CARTESIAN_POINT ( 'NONE',  ( -3.457021760702333690, 0.000000000000000000, 22.98825573115782817 ) ) ;
#1550 = LINE ( 'NONE', #2430, #129 ) ;
#1551 = VECTOR ( 'NONE', #981, 1000.000000000000000 ) ;
#1552 = DIRECTION ( 'NONE',  ( 1.000000000000000000, 0.000000000000000000, 2.775557561562891351E-16 ) ) ;
#1553 = VERTEX_POINT ( 'NONE', #2900 ) ;
#1554 = LINE ( 'NONE', #2325, #1778 ) ;
#1555 = VECTOR ( 'NONE', #2517, 1000.000000000000000 ) ;
#1556 = ORIENTED_EDGE ( 'NONE', *, *, #3558, .F. ) ;
#1557 = AXIS2_PLACEMENT_3D ( 'NONE', #5281, #1425, #593 ) ;
#1558 = ORIENTED_EDGE ( 'NONE', *, *, #4402, .T. ) ;
#1559 = CYLINDRICAL_SURFACE ( 'NONE', #3697, 2.499999999999998668 ) ;
#1560 = CARTESIAN_POINT ( 'NONE',  ( -33.71489119648840926, 0.000000000000000000, 4.776000564437813622 ) ) ;
#1561 = VECTOR ( 'NONE', #3694, 1000.000000000000000 ) ;
#1562 = ORIENTED_EDGE ( 'NONE', *, *, #3831, .F. ) ;
#1563 = EDGE_LOOP ( 'NONE', ( #518, #3935, #1269, #2120 ) ) ;
#1564 = LINE ( 'NONE', #589, #3493 ) ;
#1565 = ORIENTED_EDGE ( 'NONE', *, *, #172, .F. ) ;
#1566 = CARTESIAN_POINT ( 'NONE',  ( 2.878934717893026018, -5.000000000000000000, 6.941064073898911779 ) ) ;
#1567 = EDGE_LOOP ( 'NONE', ( #4106, #408, #1358, #521 ) ) ;
#1568 = DIRECTION ( 'NONE',  ( 0.000000000000000000, 1.000000000000000000, -0.000000000000000000 ) ) ;
#1569 = DIRECTION ( 'NONE',  ( 0.000000000000000000, 1.000000000000000000, -0.000000000000000000 ) ) ;
#1570 = CARTESIAN_POINT ( 'NONE',  ( -23.25000000000001421, -5.000000000000000000, -13.44999999999999218 ) ) ;
#1571 = LINE ( 'NONE', #4540, #4894 ) ;
#1572 = DIRECTION ( 'NONE',  ( 0.000000000000000000, 0.000000000000000000, 1.000000000000000000 ) ) ;
#1573 = SURFACE_STYLE_USAGE ( .BOTH. , #5374 ) ;
#1574 = CYLINDRICAL_SURFACE ( 'NONE', #4831, 2.999999999999999112 ) ;
#1575 = DIRECTION ( 'NONE',  ( -0.5000000000000001110, 0.000000000000000000, 0.8660254037844387076 ) ) ;
#1576 = CARTESIAN_POINT ( 'NONE',  ( 18.99999999999999645, -2.000000000000000000, -24.50000000000000355 ) ) ;
#1577 = VERTEX_POINT ( 'NONE', #867 ) ;
#1578 = EDGE_CURVE ( 'NONE', #718, #3560, #2537, .T. ) ;
#1579 = VERTEX_POINT ( 'NONE', #2984 ) ;
#1580 = CARTESIAN_POINT ( 'NONE',  ( 17.96489119648838440, 0.000000000000000000, 6.941064073898911779 ) ) ;
#1581 = DIRECTION ( 'NONE',  ( 1.000000000000000000, 0.000000000000000000, 2.775557561562891351E-16 ) ) ;
#1582 = ORIENTED_EDGE ( 'NONE', *, *, #3317, .F. ) ;
#1583 = EDGE_CURVE ( 'NONE', #3953, #560, #1756, .T. ) ;
#1584 = LINE ( 'NONE', #1216, #2052 ) ;
#1585 = VERTEX_POINT ( 'NONE', #2953 ) ;
#1586 = DIRECTION ( 'NONE',  ( 0.4999999999999998890, 0.000000000000000000, 0.8660254037844385966 ) ) ;
#1587 = ORIENTED_EDGE ( 'NONE', *, *, #3080, .F. ) ;
#1588 = EDGE_CURVE ( 'NONE', #4242, #2992, #3453, .T. ) ;
#1589 = CARTESIAN_POINT ( 'NONE',  ( -36.21489119648840926, 0.000000000000000000, 22.98825573115782817 ) ) ;
#1590 = ORIENTED_EDGE ( 'NONE', *, *, #2932, .F. ) ;
#1591 = DIRECTION ( 'NONE',  ( 0.000000000000000000, 0.000000000000000000, 1.000000000000000000 ) ) ;
#1592 = EDGE_CURVE ( 'NONE', #2640, #3953, #4279, .T. ) ;
#1593 = AXIS2_PLACEMENT_3D ( 'NONE', #4810, #4426, #3930 ) ;
#1594 = DIRECTION ( 'NONE',  ( 0.4999999999999998890, 0.000000000000000000, 0.8660254037844385966 ) ) ;
#1595 = ORIENTED_EDGE ( 'NONE', *, *, #5387, .F. ) ;
#1596 = PLANE ( 'NONE',  #3596 ) ;
#1597 = FACE_OUTER_BOUND ( 'NONE', #5196, .T. ) ;
#1598 = CARTESIAN_POINT ( 'NONE',  ( -37.46489119648840926, 0.000000000000000000, 20.82319222169673267 ) ) ;
#1599 = DIRECTION ( 'NONE',  ( 0.4999999999999997224, 0.000000000000000000, -0.8660254037844388186 ) ) ;
#1600 = CARTESIAN_POINT ( 'NONE',  ( 19.00000000000000355, -2.000000000000000000, -24.99999999999999645 ) ) ;
#1601 = AXIS2_PLACEMENT_3D ( 'NONE', #2431, #5377, #1552 ) ;
#1602 = CARTESIAN_POINT ( 'NONE',  ( -32.42191295719072741, -5.000000000000000000, 3.196152700731393163E-15 ) ) ;
#1603 = CARTESIAN_POINT ( 'NONE',  ( 2.903632129773789483, -2.000000000000000000, 1.676412791752543985 ) ) ;
#1604 = ORIENTED_EDGE ( 'NONE', *, *, #248, .T. ) ;
#1605 = VECTOR ( 'NONE', #3281, 999.9999999999998863 ) ;
#1606 = ORIENTED_EDGE ( 'NONE', *, *, #3721, .T. ) ;
#1607 = CARTESIAN_POINT ( 'NONE',  ( 2.878934717893026018, -2.000000000000000000, 6.941064073898911779 ) ) ;
#1608 = VECTOR ( 'NONE', #2677, 1000.000000000000000 ) ;
#1609 = DIRECTION ( 'NONE',  ( -0.8660254037844387076, 0.000000000000000000, 0.4999999999999999445 ) ) ;
#1610 = ORIENTED_EDGE ( 'NONE', *, *, #3437, .F. ) ;
#1611 = AXIS2_PLACEMENT_3D ( 'NONE', #3678, #3262, #4980 ) ;
#1612 = LINE ( 'NONE', #5049, #812 ) ;
#1613 = ORIENTED_EDGE ( 'NONE', *, *, #3202, .F. ) ;
#1614 = VECTOR ( 'NONE', #1378, 1000.000000000000000 ) ;
#1615 = CARTESIAN_POINT ( 'NONE',  ( -32.46489119648840216, -5.000000000000000000, -6.941064073898908227 ) ) ;
#1616 = ORIENTED_EDGE ( 'NONE', *, *, #5214, .T. ) ;
#1617 = CARTESIAN_POINT ( 'NONE',  ( -5.178671023185929160E-15, -2.000000000000000000, 18.65812871223562652 ) ) ;
#1618 = ORIENTED_EDGE ( 'NONE', *, *, #830, .T. ) ;
#1619 = CARTESIAN_POINT ( 'NONE',  ( -32.46489119648840216, 0.000000000000000000, 20.82319222169673267 ) ) ;
#1620 = EDGE_CURVE ( 'NONE', #996, #2724, #1314, .T. ) ;
#1621 = CARTESIAN_POINT ( 'NONE',  ( -21.34309948872031981, -2.000000000000000000, -12.32244423515364140 ) ) ;
#1622 = ORIENTED_EDGE ( 'NONE', *, *, #665, .F. ) ;
#1623 = CARTESIAN_POINT ( 'NONE',  ( 4.128934717893026907, -5.000000000000000000, 9.106127583360008160 ) ) ;
#1624 = DIRECTION ( 'NONE',  ( 1.000000000000000000, 0.000000000000000000, -6.938893903907227145E-17 ) ) ;
#1625 = DIRECTION ( 'NONE',  ( 0.000000000000000000, 0.000000000000000000, 1.000000000000000000 ) ) ;
#1626 = LINE ( 'NONE', #1179, #4353 ) ;
#1627 = CARTESIAN_POINT ( 'NONE',  ( 17.96489119648838084, -2.000000000000000000, 20.82319222169672912 ) ) ;
#1628 = FACE_OUTER_BOUND ( 'NONE', #5390, .T. ) ;
#1629 = EDGE_CURVE ( 'NONE', #3058, #3982, #395, .T. ) ;
#1630 = VECTOR ( 'NONE', #387, 1000.000000000000000 ) ;
#1631 = ADVANCED_FACE ( 'NONE', ( #481 ), #4171, .T. ) ;
#1632 = DIRECTION ( 'NONE',  ( 0.8660254037844388186, 0.000000000000000000, 0.4999999999999997780 ) ) ;
#1633 = VERTEX_POINT ( 'NONE', #5056 ) ;
#1634 = ORIENTED_EDGE ( 'NONE', *, *, #5324, .F. ) ;
#1635 = CIRCLE ( 'NONE', #4727, 1.399999999999995026 ) ;
#1636 = DIRECTION ( 'NONE',  ( -0.5000000000000000000, 0.000000000000000000, -0.8660254037844385966 ) ) ;
#1637 = LINE ( 'NONE', #2441, #1186 ) ;
#1638 = DIRECTION ( 'NONE',  ( -1.000000000000000000, 0.000000000000000000, 5.551115123125782702E-17 ) ) ;
#1639 = ORIENTED_EDGE ( 'NONE', *, *, #605, .T. ) ;
#1640 = CIRCLE ( 'NONE', #3946, 14.00000000000000000 ) ;
#1641 = CARTESIAN_POINT ( 'NONE',  ( 16.71489119648838440, -5.000000000000000000, 18.65812871223563008 ) ) ;
#1642 = VERTEX_POINT ( 'NONE', #5139 ) ;
#1643 = CIRCLE ( 'NONE', #1723, 2.499999999999998668 ) ;
#1644 = VECTOR ( 'NONE', #1176, 1000.000000000000000 ) ;
#1645 = CARTESIAN_POINT ( 'NONE',  ( 13.00000000000000533, -2.000000000000000000, -22.74999999999999645 ) ) ;
#1646 = ORIENTED_EDGE ( 'NONE', *, *, #1213, .F. ) ;
#1647 = DIRECTION ( 'NONE',  ( 0.000000000000000000, 1.000000000000000000, 0.000000000000000000 ) ) ;
#1648 = EDGE_CURVE ( 'NONE', #4911, #470, #5083, .T. ) ;
#1649 = EDGE_CURVE ( 'NONE', #977, #1526, #3758, .T. ) ;
#1650 = FACE_OUTER_BOUND ( 'NONE', #2285, .T. ) ;
#1651 = VERTEX_POINT ( 'NONE', #1726 ) ;
#1652 = DIRECTION ( 'NONE',  ( 0.000000000000000000, 0.000000000000000000, -1.000000000000000000 ) ) ;
#1653 = EDGE_CURVE ( 'NONE', #2423, #4964, #1225, .T. ) ;
#1654 = DIRECTION ( 'NONE',  ( -0.5000000000000000000, 0.000000000000000000, 0.8660254037844385966 ) ) ;
#1655 = CARTESIAN_POINT ( 'NONE',  ( 11.67191295719070787, -5.000000000000000000, 2.165063509461098601 ) ) ;
#1656 = VECTOR ( 'NONE', #1263, 1000.000000000000000 ) ;
#1657 = DIRECTION ( 'NONE',  ( -0.5000000000000000000, 0.000000000000000000, 0.8660254037844385966 ) ) ;
#1658 = DIRECTION ( 'NONE',  ( -1.000000000000000000, 0.000000000000000000, 5.551115123125782702E-17 ) ) ;
#1659 = EDGE_LOOP ( 'NONE', ( #1274, #2078, #743, #4517 ) ) ;
#1660 = VECTOR ( 'NONE', #2882, 999.9999999999998863 ) ;
#1661 = VERTEX_POINT ( 'NONE', #817 ) ;
#1662 = CARTESIAN_POINT ( 'NONE',  ( 4.128934717893025130, 0.000000000000000000, 18.65812871223563363 ) ) ;
#1663 = DIRECTION ( 'NONE',  ( 0.4999999999999998890, 0.000000000000000000, 0.8660254037844385966 ) ) ;
#1664 = ADVANCED_FACE ( 'NONE', ( #4201 ), #2096, .T. ) ;
#1665 = EDGE_LOOP ( 'NONE', ( #3557, #4421, #4155, #5360 ) ) ;
#1666 = DIRECTION ( 'NONE',  ( 0.000000000000000000, 1.000000000000000000, -0.000000000000000000 ) ) ;
#1667 = ORIENTED_EDGE ( 'NONE', *, *, #400, .T. ) ;
#1668 = DIRECTION ( 'NONE',  ( 0.000000000000000000, 1.000000000000000000, 0.000000000000000000 ) ) ;
#1669 = EDGE_LOOP ( 'NONE', ( #4359, #116, #4385, #4236 ) ) ;
#1670 = FACE_OUTER_BOUND ( 'NONE', #771, .T. ) ;
#1671 = ORIENTED_EDGE ( 'NONE', *, *, #1304, .F. ) ;
#1672 = ORIENTED_EDGE ( 'NONE', *, *, #883, .F. ) ;
#1673 = DIRECTION ( 'NONE',  ( -1.000000000000000000, 0.000000000000000000, 5.551115123125782702E-17 ) ) ;
#1674 = ORIENTED_EDGE ( 'NONE', *, *, #1007, .T. ) ;
#1675 = EDGE_CURVE ( 'NONE', #1717, #1579, #1253, .T. ) ;
#1676 = CYLINDRICAL_SURFACE ( 'NONE', #3407, 2.499999999999998668 ) ;
#1677 = DIRECTION ( 'NONE',  ( 0.000000000000000000, 1.000000000000000000, 0.000000000000000000 ) ) ;
#1678 = CARTESIAN_POINT ( 'NONE',  ( -1.325606448065399988E-15, -2.000000000000000000, 4.776000564437810070 ) ) ;
#1679 = DIRECTION ( 'NONE',  ( 0.000000000000000000, 1.000000000000000000, -0.000000000000000000 ) ) ;
#1680 = DIRECTION ( 'NONE',  ( 0.000000000000000000, 1.000000000000000000, -0.000000000000000000 ) ) ;
#1681 = ORIENTED_EDGE ( 'NONE', *, *, #4764, .F. ) ;
#1682 = ORIENTED_EDGE ( 'NONE', *, *, #2259, .F. ) ;
#1683 = LINE ( 'NONE', #4630, #1656 ) ;
#1684 = AXIS2_PLACEMENT_3D ( 'NONE', #598, #1904, #203 ) ;
#1685 = ADVANCED_FACE ( 'NONE', ( #168 ), #4393, .T. ) ;
#1686 = EDGE_CURVE ( 'NONE', #1703, #1272, #117, .T. ) ;
#1687 = DIRECTION ( 'NONE',  ( 0.000000000000000000, 0.000000000000000000, 1.000000000000000000 ) ) ;
#1688 = EDGE_LOOP ( 'NONE', ( #4033, #1667, #1201, #3797 ) ) ;
#1689 = CARTESIAN_POINT ( 'NONE',  ( 17.00000000000000711, -2.000000000000000000, -15.35999999999977739 ) ) ;
#1690 = ORIENTED_EDGE ( 'NONE', *, *, #945, .F. ) ;
#1691 = FACE_OUTER_BOUND ( 'NONE', #3892, .T. ) ;
#1692 = EDGE_LOOP ( 'NONE', ( #2327, #4786, #2643, #5206 ) ) ;
#1693 = VECTOR ( 'NONE', #4337, 1000.000000000000000 ) ;
#1694 = DIRECTION ( 'NONE',  ( 0.4999999999999997224, 0.000000000000000000, -0.8660254037844388186 ) ) ;
#1695 = VERTEX_POINT ( 'NONE', #2284 ) ;
#1696 = VECTOR ( 'NONE', #987, 999.9999999999998863 ) ;
#1697 = ORIENTED_EDGE ( 'NONE', *, *, #2235, .T. ) ;
#1698 = DIRECTION ( 'NONE',  ( -5.551115123125782702E-17, 0.000000000000000000, -1.000000000000000000 ) ) ;
#1699 = ORIENTED_EDGE ( 'NONE', *, *, #837, .T. ) ;
#1700 = FACE_OUTER_BOUND ( 'NONE', #2484, .T. ) ;
#1701 = FACE_OUTER_BOUND ( 'NONE', #2943, .T. ) ;
#1702 = CARTESIAN_POINT ( 'NONE',  ( -28.67191295719072386, 0.000000000000000000, 2.165063509461098601 ) ) ;
#1703 = VERTEX_POINT ( 'NONE', #2618 ) ;
#1704 = CARTESIAN_POINT ( 'NONE',  ( -14.55529690060107839, -2.000000000000000000, -8.403504583696957297 ) ) ;
#1705 = VERTEX_POINT ( 'NONE', #4309 ) ;
#1706 = ORIENTED_EDGE ( 'NONE', *, *, #2840, .F. ) ;
#1707 = LINE ( 'NONE', #5070, #2899 ) ;
#1708 = CARTESIAN_POINT ( 'NONE',  ( 14.21489119648838440, -5.000000000000000000, -4.776000564437810070 ) ) ;
#1709 = VECTOR ( 'NONE', #5248, 1000.000000000000000 ) ;
#1710 = VERTEX_POINT ( 'NONE', #2695 ) ;
#1711 = CARTESIAN_POINT ( 'NONE',  ( 16.00000000000001066, 0.000000000000000000, -20.35999999999977916 ) ) ;
#1712 = CARTESIAN_POINT ( 'NONE',  ( 4.128934717893028683, 0.000000000000000000, -4.776000564437810070 ) ) ;
#1713 = ADVANCED_FACE ( 'NONE', ( #618 ), #1451, .T. ) ;
#1714 = AXIS2_PLACEMENT_3D ( 'NONE', #4803, #3533, #5114 ) ;
#1715 = ORIENTED_EDGE ( 'NONE', *, *, #4745, .T. ) ;
#1716 = DIRECTION ( 'NONE',  ( 0.000000000000000000, 0.000000000000000000, 1.000000000000000000 ) ) ;
#1717 = VERTEX_POINT ( 'NONE', #3064 ) ;
#1718 = CARTESIAN_POINT ( 'NONE',  ( 23.00000000000000000, 0.000000000000000000, -24.99999999999999645 ) ) ;
#1719 = EDGE_LOOP ( 'NONE', ( #3387, #3060, #330, #530 ) ) ;
#1720 = CARTESIAN_POINT ( 'NONE',  ( 17.96489119648838440, -5.000000000000000000, 6.941064073898911779 ) ) ;
#1721 = AXIS2_PLACEMENT_3D ( 'NONE', #3319, #4126, #2465 ) ;
#1722 = ORIENTED_EDGE ( 'NONE', *, *, #3791, .F. ) ;
#1723 = AXIS2_PLACEMENT_3D ( 'NONE', #34, #1729, #4281 ) ;
#1724 = VECTOR ( 'NONE', #2589, 1000.000000000000000 ) ;
#1725 = CARTESIAN_POINT ( 'NONE',  ( 4.128934717893026907, -5.000000000000000000, -9.106127583360002831 ) ) ;
#1726 = CARTESIAN_POINT ( 'NONE',  ( 9.171912957190709648, -2.000000000000000000, 2.165063509461099489 ) ) ;
#1727 = ORIENTED_EDGE ( 'NONE', *, *, #2160, .F. ) ;
#1728 = VECTOR ( 'NONE', #882, 1000.000000000000000 ) ;
#1729 = DIRECTION ( 'NONE',  ( -0.000000000000000000, -1.000000000000000000, 0.000000000000000000 ) ) ;
#1730 = LINE ( 'NONE', #2987, #332 ) ;
#1731 = CARTESIAN_POINT ( 'NONE',  ( 22.00000000000001421, -2.000000000000000000, -20.35999999999977916 ) ) ;
#1732 = ORIENTED_EDGE ( 'NONE', *, *, #468, .T. ) ;
#1733 = LINE ( 'NONE', #431, #2498 ) ;
#1734 = EDGE_LOOP ( 'NONE', ( #4642, #4494, #4746, #112, #4141, #4973 ) ) ;
#1735 = VERTEX_POINT ( 'NONE', #510 ) ;
#1736 = VECTOR ( 'NONE', #2549, 1000.000000000000000 ) ;
#1737 = CARTESIAN_POINT ( 'NONE',  ( -23.25000000000001421, -5.000000000000000000, -11.99999999999999112 ) ) ;
#1738 = DIRECTION ( 'NONE',  ( 0.000000000000000000, 1.000000000000000000, -0.000000000000000000 ) ) ;
#1739 = VERTEX_POINT ( 'NONE', #3981 ) ;
#1740 = EDGE_CURVE ( 'NONE', #560, #3083, #4721, .T. ) ;
#1741 = LINE ( 'NONE', #4679, #2365 ) ;
#1742 = FACE_OUTER_BOUND ( 'NONE', #5410, .T. ) ;
#1743 = VERTEX_POINT ( 'NONE', #2197 ) ;
#1744 = LINE ( 'NONE', #503, #5355 ) ;
#1745 = ORIENTED_EDGE ( 'NONE', *, *, #3795, .F. ) ;
#1746 = ADVANCED_FACE ( 'NONE', ( #2308 ), #3954, .T. ) ;
#1747 = CARTESIAN_POINT ( 'NONE',  ( -3.252138735625664377E-15, -2.000000000000000000, 11.71706463833671918 ) ) ;
#1748 = VERTEX_POINT ( 'NONE', #1003 ) ;
#1749 = CLOSED_SHELL ( 'NONE', ( #909, #4744, #193, #3838, #2816, #2736, #3488, #3268, #902, #3354, #3012, #3661, #3627, #2853, #1790, #2726, #4021, #1337, #4169, #2796, #4641, #3369, #2783, #4811, #4814, #1171, #1476, #1754, #2530, #3068, #4684, #3957, #5396, #3761, #1165, #2902, #3783, #1752, #1100, #1349, #4335, #4945, #475, #2448, #3559, #22, #1312, #1775, #5395, #2967, #3951, #5407, #2376, #5147, #872, #3692, #3885, #349, #4949, #4805, #997, #5115, #2037, #794, #828, #2432, #4434, #2611, #1000, #3132, #975, #5045, #3040, #4009, #4992, #1746, #4666, #57, #4701, #2263, #4876, #2806, #2320, #3768, #2668, #1445, #1983, #2264, #5153, #2456, #3933, #4500, #4354, #5394, #2446, #4461, #4695, #1437, #417, #4240, #125, #2470, #1631, #4005, #3586, #705, #4640, #2400, #2064, #232, #3260, #663, #884, #5001, #13, #1383, #4284, #4034, #4012, #2220, #3959, #3422, #4413, #2216, #3364, #871, #1685, #5168, #4170, #3348, #3726, #1463, #1548, #113, #3022, #2223, #1350, #1794, #2626, #4754, #1404, #4584, #2563, #83, #286, #3824, #760, #3662, #1370, #4979, #2202, #4790, #1048, #1857, #3313, #808, #1664, #5460, #2599, #302, #3043, #291, #1061, #1713 ) ) ;
#1750 = DIRECTION ( 'NONE',  ( 0.000000000000000000, 0.000000000000000000, 1.000000000000000000 ) ) ;
#1751 = EDGE_LOOP ( 'NONE', ( #1384, #4778, #5035, #53 ) ) ;
#1752 = ADVANCED_FACE ( 'NONE', ( #3480 ), #2669, .F. ) ;
#1753 = CARTESIAN_POINT ( 'NONE',  ( 12.96489119648838440, -2.000000000000000000, 20.82319222169673267 ) ) ;
#1754 = ADVANCED_FACE ( 'NONE', ( #563 ), #3038, .T. ) ;
#1755 = EDGE_CURVE ( 'NONE', #5010, #4769, #3564, .T. ) ;
#1756 = LINE ( 'NONE', #424, #1196 ) ;
#1757 = ORIENTED_EDGE ( 'NONE', *, *, #4238, .F. ) ;
#1758 = CYLINDRICAL_SURFACE ( 'NONE', #5272, 1.449999999999999956 ) ;
#1759 = CARTESIAN_POINT ( 'NONE',  ( 0.7499999999999867883, -5.000000000000000000, -9.499999999999992895 ) ) ;
#1760 = CARTESIAN_POINT ( 'NONE',  ( -6.857505687518178128, -2.000000000000000000, 3.959182754658010062 ) ) ;
#1761 = AXIS2_PLACEMENT_3D ( 'NONE', #3067, #1874, #3538 ) ;
#1762 = CARTESIAN_POINT ( 'NONE',  ( 4.128934717893026907, -5.000000000000000000, -9.106127583360002831 ) ) ;
#1763 = ORIENTED_EDGE ( 'NONE', *, *, #932, .T. ) ;
#1764 = CARTESIAN_POINT ( 'NONE',  ( 5.164769947065750877, -2.000000000000000000, -2.981881319240900829 ) ) ;
#1765 = CARTESIAN_POINT ( 'NONE',  ( 4.128934717893028683, -5.000000000000000000, -4.776000564437810070 ) ) ;
#1766 = VERTEX_POINT ( 'NONE', #5166 ) ;
#1767 = CARTESIAN_POINT ( 'NONE',  ( 22.00000000000001421, -2.000000000000000000, 0.000000000000000000 ) ) ;
#1768 = LINE ( 'NONE', #49, #1960 ) ;
#1769 = ORIENTED_EDGE ( 'NONE', *, *, #298, .T. ) ;
#1770 = CARTESIAN_POINT ( 'NONE',  ( 15.99999999999996625, -2.000000000000000000, 2.467162276944784809E-14 ) ) ;
#1771 = ORIENTED_EDGE ( 'NONE', *, *, #2359, .T. ) ;
#1772 = CARTESIAN_POINT ( 'NONE',  ( 7.878934717893028683, -5.000000000000000000, -6.941064073898906450 ) ) ;
#1773 = ORIENTED_EDGE ( 'NONE', *, *, #4539, .F. ) ;
#1774 = AXIS2_PLACEMENT_3D ( 'NONE', #3516, #3599, #4430 ) ;
#1775 = ADVANCED_FACE ( 'NONE', ( #4010 ), #1897, .T. ) ;
#1776 = VECTOR ( 'NONE', #3228, 1000.000000000000227 ) ;
#1777 = ORIENTED_EDGE ( 'NONE', *, *, #4125, .T. ) ;
#1778 = VECTOR ( 'NONE', #608, 1000.000000000000000 ) ;
#1779 = DIRECTION ( 'NONE',  ( -0.5000000000000001110, 0.000000000000000000, 0.8660254037844387076 ) ) ;
#1780 = VECTOR ( 'NONE', #3904, 1000.000000000000000 ) ;
#1781 = CARTESIAN_POINT ( 'NONE',  ( 11.67191295719070787, 0.000000000000000000, -16.04719165725891372 ) ) ;
#1782 = EDGE_LOOP ( 'NONE', ( #2028, #4323, #5081, #140 ) ) ;
#1783 = DIRECTION ( 'NONE',  ( -0.000000000000000000, -1.000000000000000000, 0.000000000000000000 ) ) ;
#1784 = VECTOR ( 'NONE', #354, 1000.000000000000000 ) ;
#1785 = VECTOR ( 'NONE', #3628, 1000.000000000000000 ) ;
#1786 = CARTESIAN_POINT ( 'NONE',  ( 9.171912957190709648, 0.000000000000000000, 16.04719165725891727 ) ) ;
#1787 = AXIS2_PLACEMENT_3D ( 'NONE', #5312, #3120, #4869 ) ;
#1788 = DIRECTION ( 'NONE',  ( 0.000000000000000000, 1.000000000000000000, -0.000000000000000000 ) ) ;
#1789 = CARTESIAN_POINT ( 'NONE',  ( 9.171912957190707871, -5.000000000000000000, -2.165063509461093716 ) ) ;
#1790 = ADVANCED_FACE ( 'NONE', ( #4777, #1031, #2723, #4807, #3591, #1341, #2642, #4331, #2253, #5198, #534, #2226, #3927, #1810, #1485, #645, #5391, #701, #4557, #2393, #4089, #1976, #2780, #278, #4066, #2337, #754, #4895, #3673 ), #2452, .T. ) ;
#1791 = FACE_OUTER_BOUND ( 'NONE', #1669, .T. ) ;
#1792 = EDGE_LOOP ( 'NONE', ( #2762, #4802 ) ) ;
#1793 = CARTESIAN_POINT ( 'NONE',  ( 16.00000000000001066, -2.000000000000000000, -20.35999999999977916 ) ) ;
#1794 = ADVANCED_FACE ( 'NONE', ( #5365 ), #2812, .T. ) ;
#1795 = PLANE ( 'NONE',  #4926 ) ;
#1796 = EDGE_CURVE ( 'NONE', #797, #4166, #2971, .T. ) ;
#1797 = ORIENTED_EDGE ( 'NONE', *, *, #3730, .T. ) ;
#1798 = CARTESIAN_POINT ( 'NONE',  ( 17.96489119648838440, -5.000000000000000000, -6.941064073898906450 ) ) ;
#1799 = DIRECTION ( 'NONE',  ( -2.775557561562891351E-16, 0.000000000000000000, 1.000000000000000000 ) ) ;
#1800 = ORIENTED_EDGE ( 'NONE', *, *, #715, .T. ) ;
#1801 = DIRECTION ( 'NONE',  ( 1.000000000000000000, 0.000000000000000000, 2.775557561562891351E-16 ) ) ;
#1802 = ORIENTED_EDGE ( 'NONE', *, *, #1217, .T. ) ;
#1803 = CARTESIAN_POINT ( 'NONE',  ( 4.128934717893026907, 0.000000000000000000, -9.106127583360002831 ) ) ;
#1804 = ORIENTED_EDGE ( 'NONE', *, *, #228, .F. ) ;
#1805 = AXIS2_PLACEMENT_3D ( 'NONE', #196, #3165, #275 ) ;
#1806 = ORIENTED_EDGE ( 'NONE', *, *, #365, .T. ) ;
#1807 = CARTESIAN_POINT ( 'NONE',  ( 12.96489119648838440, -5.000000000000000000, 20.82319222169673267 ) ) ;
#1808 = ORIENTED_EDGE ( 'NONE', *, *, #5113, .F. ) ;
#1809 = VECTOR ( 'NONE', #3550, 1000.000000000000000 ) ;
#1810 = FACE_BOUND ( 'NONE', #4271, .T. ) ;
#1811 = ORIENTED_EDGE ( 'NONE', *, *, #248, .F. ) ;
#1812 = EDGE_CURVE ( 'NONE', #3785, #5010, #309, .T. ) ;
#1813 = FACE_BOUND ( 'NONE', #4707, .T. ) ;
#1814 = VECTOR ( 'NONE', #4207, 1000.000000000000000 ) ;
#1815 = EDGE_CURVE ( 'NONE', #2069, #26, #4039, .T. ) ;
#1816 = CARTESIAN_POINT ( 'NONE',  ( 11.67191295719070787, -2.000000000000000000, 2.165063509461098601 ) ) ;
#1817 = EDGE_CURVE ( 'NONE', #3152, #3509, #4531, .T. ) ;
#1818 = CIRCLE ( 'NONE', #3238, 1.399999999999995026 ) ;
#1819 = DIRECTION ( 'NONE',  ( 0.000000000000000000, 0.000000000000000000, 1.000000000000000000 ) ) ;
#1820 = EDGE_CURVE ( 'NONE', #2977, #3851, #3623, .T. ) ;
#1821 = CARTESIAN_POINT ( 'NONE',  ( 4.128934717893026907, 0.000000000000000000, 22.98825573115782817 ) ) ;
#1822 = LINE ( 'NONE', #2990, #811 ) ;
#1823 = ORIENTED_EDGE ( 'NONE', *, *, #2027, .T. ) ;
#1824 = LINE ( 'NONE', #3520, #1433 ) ;
#1825 = EDGE_CURVE ( 'NONE', #2934, #4668, #2701, .T. ) ;
#1826 = DIRECTION ( 'NONE',  ( 1.000000000000000000, 0.000000000000000000, 2.775557561562891351E-16 ) ) ;
#1827 = ORIENTED_EDGE ( 'NONE', *, *, #4542, .T. ) ;
#1828 = CARTESIAN_POINT ( 'NONE',  ( 12.72923730601227454, -2.000000000000000000, 7.349228585204807374 ) ) ;
#1829 = FACE_OUTER_BOUND ( 'NONE', #2639, .T. ) ;
#1830 = ORIENTED_EDGE ( 'NONE', *, *, #1962, .T. ) ;
#1831 = DIRECTION ( 'NONE',  ( 0.4999999999999997224, 0.000000000000000000, -0.8660254037844387076 ) ) ;
#1832 = CARTESIAN_POINT ( 'NONE',  ( -28.67191295719073096, 0.000000000000000000, -16.04719165725891372 ) ) ;
#1833 = ORIENTED_EDGE ( 'NONE', *, *, #1592, .F. ) ;
#1834 = EDGE_LOOP ( 'NONE', ( #610, #1518, #128, #1416 ) ) ;
#1835 = ORIENTED_EDGE ( 'NONE', *, *, #3831, .T. ) ;
#1836 = CIRCLE ( 'NONE', #4943, 1.399999999999998579 ) ;
#1837 = FACE_OUTER_BOUND ( 'NONE', #2338, .T. ) ;
#1838 = ORIENTED_EDGE ( 'NONE', *, *, #1825, .T. ) ;
#1839 = CARTESIAN_POINT ( 'NONE',  ( 20.00000000000000355, -2.000000000000000000, 25.00000000000001066 ) ) ;
#1840 = VERTEX_POINT ( 'NONE', #1142 ) ;
#1841 = CARTESIAN_POINT ( 'NONE',  ( -3.107505687518175908, -2.000000000000000000, 1.794119245196911683 ) ) ;
#1842 = LINE ( 'NONE', #5229, #3232 ) ;
#1843 = EDGE_CURVE ( 'NONE', #5437, #3075, #336, .T. ) ;
#1844 = LINE ( 'NONE', #5230, #5333 ) ;
#1845 = CARTESIAN_POINT ( 'NONE',  ( -5.957021760702333246, -5.000000000000000000, 18.65812871223563363 ) ) ;
#1846 = CARTESIAN_POINT ( 'NONE',  ( 9.171912957190707871, 0.000000000000000000, -2.165063509461093716 ) ) ;
#1847 = ORIENTED_EDGE ( 'NONE', *, *, #5008, .F. ) ;
#1848 = CARTESIAN_POINT ( 'NONE',  ( 19.00000000000000355, -2.000000000000000000, -24.99999999999999645 ) ) ;
#1849 = DIRECTION ( 'NONE',  ( 0.4999999999999998890, -0.000000000000000000, 0.8660254037844387076 ) ) ;
#1850 = EDGE_CURVE ( 'NONE', #3781, #5149, #4507, .T. ) ;
#1851 = VECTOR ( 'NONE', #4620, 1000.000000000000000 ) ;
#1852 = ORIENTED_EDGE ( 'NONE', *, *, #3450, .F. ) ;
#1853 = DIRECTION ( 'NONE',  ( 0.000000000000000000, 1.000000000000000000, 0.000000000000000000 ) ) ;
#1854 = FACE_OUTER_BOUND ( 'NONE', #1834, .T. ) ;
#1855 = DIRECTION ( 'NONE',  ( -0.5000000000000001110, 0.000000000000000000, 0.8660254037844387076 ) ) ;
#1856 = ORIENTED_EDGE ( 'NONE', *, *, #4117, .F. ) ;
#1857 = ADVANCED_FACE ( 'NONE', ( #1168 ), #2031, .T. ) ;
#1858 = EDGE_CURVE ( 'NONE', #1012, #4380, #729, .T. ) ;
#1859 = CARTESIAN_POINT ( 'NONE',  ( 4.128934717893028683, 0.000000000000000000, -4.776000564437810070 ) ) ;
#1860 = CARTESIAN_POINT ( 'NONE',  ( 16.71489119648838440, -5.000000000000000000, 9.106127583360008160 ) ) ;
#1861 = VERTEX_POINT ( 'NONE', #5305 ) ;
#1862 = EDGE_CURVE ( 'NONE', #1012, #2640, #1509, .T. ) ;
#1863 = ORIENTED_EDGE ( 'NONE', *, *, #4542, .F. ) ;
#1864 = LINE ( 'NONE', #1482, #4107 ) ;
#1865 = ORIENTED_EDGE ( 'NONE', *, *, #1117, .T. ) ;
#1866 = VECTOR ( 'NONE', #4458, 1000.000000000000000 ) ;
#1867 = EDGE_CURVE ( 'NONE', #3644, #4242, #4111, .T. ) ;
#1868 = DIRECTION ( 'NONE',  ( 0.000000000000000000, 1.000000000000000000, 0.000000000000000000 ) ) ;
#1869 = EDGE_LOOP ( 'NONE', ( #4250, #3050, #1671, #4681 ) ) ;
#1870 = EDGE_CURVE ( 'NONE', #3733, #5184, #4197, .T. ) ;
#1871 = EDGE_CURVE ( 'NONE', #842, #4320, #4638, .T. ) ;
#1872 = CARTESIAN_POINT ( 'NONE',  ( -32.46489119648840216, -5.000000000000000000, 20.82319222169673267 ) ) ;
#1873 = CIRCLE ( 'NONE', #3287, 1.399999999999995026 ) ;
#1874 = DIRECTION ( 'NONE',  ( 0.000000000000000000, 1.000000000000000000, -0.000000000000000000 ) ) ;
#1875 = DIRECTION ( 'NONE',  ( 0.000000000000000000, 1.000000000000000000, 0.000000000000000000 ) ) ;
#1876 = AXIS2_PLACEMENT_3D ( 'NONE', #4812, #1788, #5203 ) ;
#1877 = PLANE ( 'NONE',  #1151 ) ;
#1878 = DIRECTION ( 'NONE',  ( -0.5000000000000000000, 0.000000000000000000, 0.8660254037844385966 ) ) ;
#1879 = ORIENTED_EDGE ( 'NONE', *, *, #2464, .F. ) ;
#1880 = EDGE_CURVE ( 'NONE', #2886, #2610, #4613, .T. ) ;
#1881 = CIRCLE ( 'NONE', #4537, 2.499999999999998668 ) ;
#1882 = CARTESIAN_POINT ( 'NONE',  ( 17.00000000000000711, -2.000000000000000000, -15.35999999999977739 ) ) ;
#1883 = CARTESIAN_POINT ( 'NONE',  ( -16.04297823929769251, -5.000000000000000000, 22.98825573115782817 ) ) ;
#1884 = ORIENTED_EDGE ( 'NONE', *, *, #361, .F. ) ;
#1885 = EDGE_CURVE ( 'NONE', #1739, #5335, #1873, .T. ) ;
#1886 = CARTESIAN_POINT ( 'NONE',  ( 11.67191295719070787, -5.000000000000000000, -2.165063509461094604 ) ) ;
#1887 = DIRECTION ( 'NONE',  ( 0.4999999999999998890, -0.000000000000000000, 0.8660254037844387076 ) ) ;
#1888 = LINE ( 'NONE', #5265, #5150 ) ;
#1889 = ORIENTED_EDGE ( 'NONE', *, *, #2277, .T. ) ;
#1890 = PLANE ( 'NONE',  #573 ) ;
#1891 = CARTESIAN_POINT ( 'NONE',  ( -1.632680918566407976E-15, 0.000000000000000000, 28.00000000000001066 ) ) ;
#1892 = ORIENTED_EDGE ( 'NONE', *, *, #4329, .T. ) ;
#1893 = EDGE_CURVE ( 'NONE', #874, #2774, #3386, .T. ) ;
#1894 = ORIENTED_EDGE ( 'NONE', *, *, #5397, .T. ) ;
#1895 = LINE ( 'NONE', #4860, #5443 ) ;
#1896 = VERTEX_POINT ( 'NONE', #1197 ) ;
#1897 = CYLINDRICAL_SURFACE ( 'NONE', #1281, 2.499999999999998668 ) ;
#1898 = ORIENTED_EDGE ( 'NONE', *, *, #2392, .F. ) ;
#1899 = CIRCLE ( 'NONE', #1098, 2.499999999999998668 ) ;
#1900 = FACE_BOUND ( 'NONE', #3977, .T. ) ;
#1901 = PLANE ( 'NONE',  #4158 ) ;
#1902 = VECTOR ( 'NONE', #5357, 1000.000000000000000 ) ;
#1903 = DIRECTION ( 'NONE',  ( -0.000000000000000000, -1.000000000000000000, 0.000000000000000000 ) ) ;
#1904 = DIRECTION ( 'NONE',  ( 0.8660254037844387076, 0.000000000000000000, -0.5000000000000001110 ) ) ;
#1905 = CARTESIAN_POINT ( 'NONE',  ( 12.92191295719070965, 0.000000000000000000, -13.88212814779781645 ) ) ;
#1906 = EDGE_LOOP ( 'NONE', ( #2535, #5258, #5042, #4371, #1032, #2115 ) ) ;
#1907 = AXIS2_PLACEMENT_3D ( 'NONE', #2850, #3292, #1180 ) ;
#1908 = DIRECTION ( 'NONE',  ( 0.000000000000000000, 1.000000000000000000, -0.000000000000000000 ) ) ;
#1909 = VECTOR ( 'NONE', #1005, 1000.000000000000000 ) ;
#1910 = CYLINDRICAL_SURFACE ( 'NONE', #305, 2.499999999999998668 ) ;
#1911 = LINE ( 'NONE', #4464, #3648 ) ;
#1912 = ORIENTED_EDGE ( 'NONE', *, *, #2160, .T. ) ;
#1913 = LINE ( 'NONE', #4080, #2544 ) ;
#1914 = CARTESIAN_POINT ( 'NONE',  ( 14.21489119648838440, 0.000000000000000000, 22.98825573115782817 ) ) ;
#1915 = VECTOR ( 'NONE', #3425, 999.9999999999998863 ) ;
#1916 = ORIENTED_EDGE ( 'NONE', *, *, #2702, .T. ) ;
#1917 = CARTESIAN_POINT ( 'NONE',  ( 13.00000000000000533, -2.000000000000000000, -19.75000000000000000 ) ) ;
#1918 = CARTESIAN_POINT ( 'NONE',  ( 6.628934717893027795, -5.000000000000000000, -4.776000564437810958 ) ) ;
#1919 = EDGE_CURVE ( 'NONE', #100, #1946, #2480, .T. ) ;
#1920 = VERTEX_POINT ( 'NONE', #5004 ) ;
#1921 = AXIS2_PLACEMENT_3D ( 'NONE', #2682, #1853, #1020 ) ;
#1922 = EDGE_LOOP ( 'NONE', ( #4548, #1363, #5318, #1388, #2989, #2134 ) ) ;
#1923 = LINE ( 'NONE', #4920, #3049 ) ;
#1924 = EDGE_LOOP ( 'NONE', ( #2602, #3271, #1610, #2181 ) ) ;
#1925 = VECTOR ( 'NONE', #2053, 1000.000000000000227 ) ;
#1926 = DIRECTION ( 'NONE',  ( 0.000000000000000000, 0.000000000000000000, 1.000000000000000000 ) ) ;
#1927 = VERTEX_POINT ( 'NONE', #1307 ) ;
#1928 = LINE ( 'NONE', #4484, #3144 ) ;
#1929 = DIRECTION ( 'NONE',  ( 0.000000000000000000, 1.000000000000000000, -0.000000000000000000 ) ) ;
#1930 = EDGE_CURVE ( 'NONE', #974, #3332, #4249, .T. ) ;
#1931 = EDGE_CURVE ( 'NONE', #5000, #5437, #3001, .T. ) ;
#1932 = EDGE_CURVE ( 'NONE', #4375, #2805, #2130, .T. ) ;
#1933 = LINE ( 'NONE', #3705, #983 ) ;
#1934 = CARTESIAN_POINT ( 'NONE',  ( 14.21489119648838262, 0.000000000000000000, 4.776000564437814511 ) ) ;
#1935 = CARTESIAN_POINT ( 'NONE',  ( 12.72923730601226744, -2.000000000000000000, -7.349228585204809150 ) ) ;
#1936 = ORIENTED_EDGE ( 'NONE', *, *, #3999, .T. ) ;
#1937 = CARTESIAN_POINT ( 'NONE',  ( -36.21489119648840926, -5.000000000000000000, 18.65812871223563363 ) ) ;
#1938 = CARTESIAN_POINT ( 'NONE',  ( -4.468798519635905815E-15, 0.000000000000000000, -19.74999999999999645 ) ) ;
#1939 = VERTEX_POINT ( 'NONE', #1718 ) ;
#1940 = DIRECTION ( 'NONE',  ( 0.4999999999999998890, -0.000000000000000000, 0.8660254037844387076 ) ) ;
#1941 = CARTESIAN_POINT ( 'NONE',  ( -28.67191295719072386, -2.000000000000000000, 2.165063509461098601 ) ) ;
#1942 = DIRECTION ( 'NONE',  ( 0.000000000000000000, 1.000000000000000000, -0.000000000000000000 ) ) ;
#1943 = ORIENTED_EDGE ( 'NONE', *, *, #473, .F. ) ;
#1944 = CARTESIAN_POINT ( 'NONE',  ( -5.957021760702331470, -2.000000000000000000, 22.98825573115782817 ) ) ;
#1945 = DIRECTION ( 'NONE',  ( 1.000000000000000000, 0.000000000000000000, 2.775557561562891351E-16 ) ) ;
#1946 = VERTEX_POINT ( 'NONE', #2065 ) ;
#1947 = VERTEX_POINT ( 'NONE', #3306 ) ;
#1948 = DIRECTION ( 'NONE',  ( -0.5000000000000000000, 0.000000000000000000, -0.8660254037844385966 ) ) ;
#1949 = ORIENTED_EDGE ( 'NONE', *, *, #3730, .F. ) ;
#1950 = CARTESIAN_POINT ( 'NONE',  ( 2.878934717893026018, 0.000000000000000000, 6.941064073898911779 ) ) ;
#1951 = EDGE_LOOP ( 'NONE', ( #1838, #2536 ) ) ;
#1952 = LINE ( 'NONE', #1619, #1345 ) ;
#1953 = EDGE_CURVE ( 'NONE', #3759, #2222, #3358, .T. ) ;
#1954 = PLANE ( 'NONE',  #4450 ) ;
#1955 = FACE_OUTER_BOUND ( 'NONE', #1106, .T. ) ;
#1956 = CARTESIAN_POINT ( 'NONE',  ( 9.171912957190707871, -5.000000000000000000, -2.165063509461093716 ) ) ;
#1957 = CARTESIAN_POINT ( 'NONE',  ( 16.00000000000000355, 0.000000000000000000, -24.99999999999999645 ) ) ;
#1958 = DIRECTION ( 'NONE',  ( 0.4999999999999998890, -0.000000000000000000, 0.8660254037844387076 ) ) ;
#1959 = CIRCLE ( 'NONE', #1246, 1.000000000000000888 ) ;
#1960 = VECTOR ( 'NONE', #2188, 1000.000000000000000 ) ;
#1961 = LINE ( 'NONE', #3659, #3403 ) ;
#1962 = EDGE_CURVE ( 'NONE', #4202, #4362, #5108, .T. ) ;
#1963 = CARTESIAN_POINT ( 'NONE',  ( 11.67191295719070787, 0.000000000000000000, -11.71706463833671918 ) ) ;
#1964 = VERTEX_POINT ( 'NONE', #389 ) ;
#1965 = FACE_OUTER_BOUND ( 'NONE', #3475, .T. ) ;
#1966 = ORIENTED_EDGE ( 'NONE', *, *, #290, .T. ) ;
#1967 = ORIENTED_EDGE ( 'NONE', *, *, #5445, .T. ) ;
#1968 = VECTOR ( 'NONE', #1460, 1000.000000000000000 ) ;
#1969 = CARTESIAN_POINT ( 'NONE',  ( -32.46489119648840216, -2.000000000000000000, 6.941064073898911779 ) ) ;
#1970 = CARTESIAN_POINT ( 'NONE',  ( 7.921912957190708759, -5.000000000000000000, -13.88212814779781645 ) ) ;
#1971 = ORIENTED_EDGE ( 'NONE', *, *, #2102, .F. ) ;
#1972 = ORIENTED_EDGE ( 'NONE', *, *, #51, .F. ) ;
#1973 = PRODUCT_DEFINITION_SHAPE ( 'NONE', 'NONE',  #3539 ) ;
#1974 = LINE ( 'NONE', #2363, #4113 ) ;
#1975 = ORIENTED_EDGE ( 'NONE', *, *, #5227, .F. ) ;
#1976 = FACE_BOUND ( 'NONE', #4705, .T. ) ;
#1977 = ORIENTED_EDGE ( 'NONE', *, *, #832, .F. ) ;
#1978 = FACE_OUTER_BOUND ( 'NONE', #2767, .T. ) ;
#1979 = EDGE_CURVE ( 'NONE', #990, #3785, #5448, .T. ) ;
#1980 = CARTESIAN_POINT ( 'NONE',  ( -32.46489119648840216, -5.000000000000000000, 6.941064073898911779 ) ) ;
#1981 = EDGE_CURVE ( 'NONE', #502, #3075, #4221, .T. ) ;
#1982 = CARTESIAN_POINT ( 'NONE',  ( 14.21489119648838440, -5.000000000000000000, 22.98825573115782817 ) ) ;
#1983 = ADVANCED_FACE ( 'NONE', ( #1670 ), #3806, .T. ) ;
#1984 = DIRECTION ( 'NONE',  ( 1.000000000000000000, 0.000000000000000000, 2.775557561562891351E-16 ) ) ;
#1985 = FACE_OUTER_BOUND ( 'NONE', #3025, .T. ) ;
#1986 = FILL_AREA_STYLE_COLOUR ( '', #3826 ) ;
#1987 = EDGE_CURVE ( 'NONE', #1579, #1505, #3727, .T. ) ;
#1988 = DIRECTION ( 'NONE',  ( -0.5000000000000000000, 0.000000000000000000, 0.8660254037844385966 ) ) ;
#1989 = VECTOR ( 'NONE', #1942, 1000.000000000000000 ) ;
#1990 = CARTESIAN_POINT ( 'NONE',  ( 14.21489119648838262, -2.000000000000000000, -9.106127583360002831 ) ) ;
#1991 = DIRECTION ( 'NONE',  ( 1.000000000000000000, 0.000000000000000000, 2.775557561562891351E-16 ) ) ;
#1992 = AXIS2_PLACEMENT_3D ( 'NONE', #1937, #1017, #3632 ) ;
#1993 = ORIENTED_EDGE ( 'NONE', *, *, #776, .T. ) ;
#1994 = VECTOR ( 'NONE', #3703, 1000.000000000000000 ) ;
#1995 = ORIENTED_EDGE ( 'NONE', *, *, #1290, .F. ) ;
#1996 = VECTOR ( 'NONE', #224, 1000.000000000000000 ) ;
#1997 = EDGE_CURVE ( 'NONE', #858, #1300, #2534, .T. ) ;
#1998 = CARTESIAN_POINT ( 'NONE',  ( -31.17191295719072031, -2.000000000000000000, 2.165063509461099489 ) ) ;
#1999 = FACE_OUTER_BOUND ( 'NONE', #5191, .T. ) ;
#2000 = VECTOR ( 'NONE', #2055, 1000.000000000000227 ) ;
#2001 = VERTEX_POINT ( 'NONE', #2116 ) ;
#2002 = ORIENTED_EDGE ( 'NONE', *, *, #1675, .T. ) ;
#2003 = CYLINDRICAL_SURFACE ( 'NONE', #4200, 2.499999999999998668 ) ;
#2004 = ORIENTED_EDGE ( 'NONE', *, *, #4192, .T. ) ;
#2005 = CARTESIAN_POINT ( 'NONE',  ( 1.942890293094084025E-13, -2.000000000000000000, -27.99999999999972644 ) ) ;
#2006 = ORIENTED_EDGE ( 'NONE', *, *, #3035, .T. ) ;
#2007 = AXIS2_PLACEMENT_3D ( 'NONE', #4878, #3577, #3523 ) ;
#2008 = PLANE ( 'NONE',  #813 ) ;
#2009 = VECTOR ( 'NONE', #4237, 1000.000000000000000 ) ;
#2010 = LINE ( 'NONE', #1125, #546 ) ;
#2011 = ORIENTED_EDGE ( 'NONE', *, *, #421, .F. ) ;
#2012 = CARTESIAN_POINT ( 'NONE',  ( -32.42191295719072741, 0.000000000000000000, 3.196152700731393163E-15 ) ) ;
#2013 = DIRECTION ( 'NONE',  ( 0.000000000000000000, 1.000000000000000000, -0.000000000000000000 ) ) ;
#2014 = CARTESIAN_POINT ( 'NONE',  ( 11.67191295719070787, 0.000000000000000000, 11.71706463833672274 ) ) ;
#2015 = DIRECTION ( 'NONE',  ( 0.000000000000000000, 1.000000000000000000, -0.000000000000000000 ) ) ;
#2016 = DIRECTION ( 'NONE',  ( -0.5000000000000000000, 0.000000000000000000, -0.8660254037844385966 ) ) ;
#2017 = AXIS2_PLACEMENT_3D ( 'NONE', #318, #2375, #1572 ) ;
#2018 = LINE ( 'NONE', #739, #3024 ) ;
#2019 = FACE_OUTER_BOUND ( 'NONE', #3249, .T. ) ;
#2020 = ORIENTED_EDGE ( 'NONE', *, *, #2644, .F. ) ;
#2021 = ORIENTED_EDGE ( 'NONE', *, *, #5036, .F. ) ;
#2022 = CARTESIAN_POINT ( 'NONE',  ( 1.276104540435131672E-15, -2.000000000000000000, 22.98825573115782817 ) ) ;
#2023 = EDGE_CURVE ( 'NONE', #5095, #996, #442, .T. ) ;
#2024 = DIRECTION ( 'NONE',  ( 0.000000000000000000, 1.000000000000000000, -0.000000000000000000 ) ) ;
#2025 = VERTEX_POINT ( 'NONE', #4165 ) ;
#2026 = DIRECTION ( 'NONE',  ( 0.000000000000000000, 1.000000000000000000, -0.000000000000000000 ) ) ;
#2027 = EDGE_CURVE ( 'NONE', #2998, #4937, #5144, .T. ) ;
#2028 = ORIENTED_EDGE ( 'NONE', *, *, #4977, .T. ) ;
#2029 = DIRECTION ( 'NONE',  ( 0.000000000000000000, 1.000000000000000000, -0.000000000000000000 ) ) ;
#2030 = EDGE_LOOP ( 'NONE', ( #5245, #1380, #4951, #3672 ) ) ;
#2031 = PLANE ( 'NONE',  #2221 ) ;
#2032 = EDGE_LOOP ( 'NONE', ( #4664, #4289 ) ) ;
#2033 = CARTESIAN_POINT ( 'NONE',  ( -13.54297823929769251, -5.000000000000000000, 18.65812871223563008 ) ) ;
#2034 = VECTOR ( 'NONE', #2727, 1000.000000000000000 ) ;
#2035 = EDGE_CURVE ( 'NONE', #1710, #3390, #4874, .T. ) ;
#2036 = EDGE_CURVE ( 'NONE', #1695, #606, #1361, .T. ) ;
#2037 = ADVANCED_FACE ( 'NONE', ( #1075 ), #1523, .T. ) ;
#2038 = CARTESIAN_POINT ( 'NONE',  ( -23.62893471789305622, 0.000000000000000000, 22.98825573115782461 ) ) ;
#2039 = VERTEX_POINT ( 'NONE', #2794 ) ;
#2040 = LINE ( 'NONE', #3288, #3859 ) ;
#2041 = CARTESIAN_POINT ( 'NONE',  ( 5.941434717893029571, -2.000000000000000000, -3.430288933748128599 ) ) ;
#2042 = LINE ( 'NONE', #261, #2466 ) ;
#2043 = CARTESIAN_POINT ( 'NONE',  ( 16.00000000000001066, 0.000000000000000000, -16.35999999999977916 ) ) ;
#2044 = CARTESIAN_POINT ( 'NONE',  ( -11.25000000000001421, -2.000000000000000000, 7.286453133402096100E-15 ) ) ;
#2045 = AXIS2_PLACEMENT_3D ( 'NONE', #4208, #3794, #2204 ) ;
#2046 = DIRECTION ( 'NONE',  ( -2.775557561562891351E-16, 0.000000000000000000, 1.000000000000000000 ) ) ;
#2047 = EDGE_CURVE ( 'NONE', #2139, #1059, #3214, .T. ) ;
#2048 = PLANE ( 'NONE',  #3341 ) ;
#2049 = ORIENTED_EDGE ( 'NONE', *, *, #1583, .F. ) ;
#2050 = VECTOR ( 'NONE', #3413, 1000.000000000000000 ) ;
#2051 = ORIENTED_EDGE ( 'NONE', *, *, #1299, .F. ) ;
#2052 = VECTOR ( 'NONE', #2919, 1000.000000000000000 ) ;
#2053 = DIRECTION ( 'NONE',  ( -0.5000000000000000000, 0.000000000000000000, -0.8660254037844385966 ) ) ;
#2054 = AXIS2_PLACEMENT_3D ( 'NONE', #5178, #1376, #2180 ) ;
#2055 = DIRECTION ( 'NONE',  ( -0.5000000000000000000, 0.000000000000000000, 0.8660254037844385966 ) ) ;
#2056 = EDGE_CURVE ( 'NONE', #3096, #3394, #3866, .T. ) ;
#2057 = ORIENTED_EDGE ( 'NONE', *, *, #4865, .F. ) ;
#2058 = VECTOR ( 'NONE', #4853, 999.9999999999998863 ) ;
#2059 = EDGE_CURVE ( 'NONE', #2980, #4503, #949, .T. ) ;
#2060 = LINE ( 'NONE', #2085, #2941 ) ;
#2061 = VERTEX_POINT ( 'NONE', #2609 ) ;
#2062 = CARTESIAN_POINT ( 'NONE',  ( -27.42191295719072741, -2.000000000000000000, -13.88212814779781645 ) ) ;
#2063 = ORIENTED_EDGE ( 'NONE', *, *, #2287, .F. ) ;
#2064 = ADVANCED_FACE ( 'NONE', ( #4304 ), #4052, .T. ) ;
#2065 = CARTESIAN_POINT ( 'NONE',  ( 12.96489119648838440, 0.000000000000000000, 6.941064073898911779 ) ) ;
#2066 = ORIENTED_EDGE ( 'NONE', *, *, #3023, .F. ) ;
#2067 = PLANE ( 'NONE',  #5151 ) ;
#2068 = DIRECTION ( 'NONE',  ( 0.000000000000000000, 1.000000000000000000, -0.000000000000000000 ) ) ;
#2069 = VERTEX_POINT ( 'NONE', #2661 ) ;
#2070 = PRODUCT ( '\X2\681183936d3e\X0\4b\X2\987658f3\X0\', '\X2\681183936d3e\X0\4b\X2\987658f3\X0\', '', ( #4409 ) ) ;
#2071 = DIRECTION ( 'NONE',  ( 0.000000000000000000, 0.000000000000000000, 1.000000000000000000 ) ) ;
#2072 = CARTESIAN_POINT ( 'NONE',  ( 12.96489119648838440, -5.000000000000000000, 6.941064073898911779 ) ) ;
#2073 = DIRECTION ( 'NONE',  ( -0.5000000000000000000, 0.000000000000000000, -0.8660254037844385966 ) ) ;
#2074 = DIRECTION ( 'NONE',  ( 0.000000000000000000, 0.000000000000000000, 1.000000000000000000 ) ) ;
#2075 = DIRECTION ( 'NONE',  ( -0.5000000000000000000, 0.000000000000000000, -0.8660254037844385966 ) ) ;
#2076 = VECTOR ( 'NONE', #469, 1000.000000000000000 ) ;
#2077 = LINE ( 'NONE', #5486, #3790 ) ;
#2078 = ORIENTED_EDGE ( 'NONE', *, *, #766, .T. ) ;
#2079 = ORIENTED_EDGE ( 'NONE', *, *, #4407, .T. ) ;
#2080 = VECTOR ( 'NONE', #1945, 1000.000000000000000 ) ;
#2081 = PLANE ( 'NONE',  #393 ) ;
#2082 = LINE ( 'NONE', #4966, #2000 ) ;
#2083 = VECTOR ( 'NONE', #3747, 1000.000000000000000 ) ;
#2084 = EDGE_LOOP ( 'NONE', ( #915, #1912, #4739, #2707 ) ) ;
#2085 = CARTESIAN_POINT ( 'NONE',  ( -31.17191295719072031, -5.000000000000000000, 16.04719165725891727 ) ) ;
#2086 = ORIENTED_EDGE ( 'NONE', *, *, #4164, .F. ) ;
#2087 = CIRCLE ( 'NONE', #1371, 1.449999999999999956 ) ;
#2088 = EDGE_CURVE ( 'NONE', #4299, #5043, #5134, .T. ) ;
#2089 = DIRECTION ( 'NONE',  ( -0.8660254037844387076, 0.000000000000000000, 0.4999999999999999445 ) ) ;
#2090 = EDGE_LOOP ( 'NONE', ( #2533, #5048, #2691, #1352, #2966, #3383 ) ) ;
#2091 = VECTOR ( 'NONE', #1487, 1000.000000000000000 ) ;
#2092 = VECTOR ( 'NONE', #32, 1000.000000000000000 ) ;
#2093 = CARTESIAN_POINT ( 'NONE',  ( 10.46809948872030738, -2.000000000000000000, -6.043760057716451861 ) ) ;
#2094 = ORIENTED_EDGE ( 'NONE', *, *, #4238, .T. ) ;
#2095 = VERTEX_POINT ( 'NONE', #505 ) ;
#2096 = PLANE ( 'NONE',  #1467 ) ;
#2097 = EDGE_LOOP ( 'NONE', ( #1706, #4252, #3867, #1884 ) ) ;
#2098 = CARTESIAN_POINT ( 'NONE',  ( -7.767494312481845853, -2.000000000000000000, -4.484564932240280299 ) ) ;
#2099 = AXIS2_PLACEMENT_3D ( 'NONE', #2968, #967, #3051 ) ;
#2100 = CARTESIAN_POINT ( 'NONE',  ( -13.54297823929769251, -5.000000000000000000, 22.98825573115782461 ) ) ;
#2101 = EDGE_CURVE ( 'NONE', #3989, #3347, #5162, .T. ) ;
#2102 = EDGE_CURVE ( 'NONE', #1092, #1579, #1911, .T. ) ;
#2103 = CARTESIAN_POINT ( 'NONE',  ( 2.878934717893027795, -5.000000000000000000, -6.941064073898906450 ) ) ;
#2104 = DIRECTION ( 'NONE',  ( 0.000000000000000000, 1.000000000000000000, -0.000000000000000000 ) ) ;
#2105 = CARTESIAN_POINT ( 'NONE',  ( -31.17191295719073096, -5.000000000000000000, -16.04719165725891372 ) ) ;
#2106 = ORIENTED_EDGE ( 'NONE', *, *, #4991, .T. ) ;
#2107 = AXIS2_PLACEMENT_3D ( 'NONE', #5239, #2271, #2798 ) ;
#2108 = ORIENTED_EDGE ( 'NONE', *, *, #859, .T. ) ;
#2109 = CARTESIAN_POINT ( 'NONE',  ( 23.00000000000000000, -2.000000000000000000, -24.99999999999999645 ) ) ;
#2110 = CARTESIAN_POINT ( 'NONE',  ( -16.04297823929769251, 0.000000000000000000, 18.65812871223563363 ) ) ;
#2111 = VERTEX_POINT ( 'NONE', #3891 ) ;
#2112 = CARTESIAN_POINT ( 'NONE',  ( 21.00000000000001066, -2.000000000000000000, -21.35999999999977916 ) ) ;
#2113 = ORIENTED_EDGE ( 'NONE', *, *, #2568, .F. ) ;
#2114 = DIRECTION ( 'NONE',  ( -0.8660254037844387076, 0.000000000000000000, -0.5000000000000001110 ) ) ;
#2115 = ORIENTED_EDGE ( 'NONE', *, *, #2420, .F. ) ;
#2116 = CARTESIAN_POINT ( 'NONE',  ( -39.00000000000000711, 0.000000000000000000, -23.10000000000000853 ) ) ;
#2117 = ORIENTED_EDGE ( 'NONE', *, *, #361, .T. ) ;
#2118 = ORIENTED_EDGE ( 'NONE', *, *, #4938, .F. ) ;
#2119 = DIRECTION ( 'NONE',  ( 0.000000000000000000, 0.000000000000000000, 1.000000000000000000 ) ) ;
#2120 = ORIENTED_EDGE ( 'NONE', *, *, #4569, .F. ) ;
#2121 = FACE_OUTER_BOUND ( 'NONE', #2614, .T. ) ;
#2122 = LINE ( 'NONE', #2100, #2559 ) ;
#2123 = CARTESIAN_POINT ( 'NONE',  ( -23.25000000000001421, -5.000000000000000000, -11.99999999999999112 ) ) ;
#2124 = LINE ( 'NONE', #961, #1340 ) ;
#2125 = ORIENTED_EDGE ( 'NONE', *, *, #2811, .F. ) ;
#2126 = ORIENTED_EDGE ( 'NONE', *, *, #4940, .T. ) ;
#2127 = DIRECTION ( 'NONE',  ( 0.000000000000000000, 1.000000000000000000, 0.000000000000000000 ) ) ;
#2128 = VECTOR ( 'NONE', #2988, 999.9999999999998863 ) ;
#2129 = CARTESIAN_POINT ( 'NONE',  ( -28.67191295719073096, -5.000000000000000000, -11.71706463833671918 ) ) ;
#2130 = CIRCLE ( 'NONE', #4173, 1.399999999999998579 ) ;
#2131 = ORIENTED_EDGE ( 'NONE', *, *, #3081, .F. ) ;
#2132 = FACE_OUTER_BOUND ( 'NONE', #3942, .T. ) ;
#2133 = LINE ( 'NONE', #78, #4887 ) ;
#2134 = ORIENTED_EDGE ( 'NONE', *, *, #1653, .T. ) ;
#2135 = LINE ( 'NONE', #5190, #2076 ) ;
#2136 = ORIENTED_EDGE ( 'NONE', *, *, #2775, .T. ) ;
#2137 = AXIS2_PLACEMENT_3D ( 'NONE', #4871, #4022, #207 ) ;
#2138 = CARTESIAN_POINT ( 'NONE',  ( -24.31643471789304201, -2.000000000000000000, 14.03910013010751001 ) ) ;
#2139 = VERTEX_POINT ( 'NONE', #3503 ) ;
#2140 = LINE ( 'NONE', #5401, #3062 ) ;
#2141 = VECTOR ( 'NONE', #60, 999.9999999999998863 ) ;
#2142 = VERTEX_POINT ( 'NONE', #5192 ) ;
#2143 = CARTESIAN_POINT ( 'NONE',  ( 4.128934717893026907, -2.000000000000000000, -9.106127583360002831 ) ) ;
#2144 = ORIENTED_EDGE ( 'NONE', *, *, #3923, .F. ) ;
#2145 = DIRECTION ( 'NONE',  ( 0.000000000000000000, 1.000000000000000000, -0.000000000000000000 ) ) ;
#2146 = CARTESIAN_POINT ( 'NONE',  ( -33.71489119648840926, -5.000000000000000000, 22.98825573115782461 ) ) ;
#2147 = EDGE_CURVE ( 'NONE', #5313, #3297, #2323, .T. ) ;
#2148 = CARTESIAN_POINT ( 'NONE',  ( -37.46489119648840926, -5.000000000000000000, 20.82319222169673267 ) ) ;
#2149 = VERTEX_POINT ( 'NONE', #1387 ) ;
#2150 = CARTESIAN_POINT ( 'NONE',  ( 20.00000000000000355, -2.000000000000000000, -24.99999999999999645 ) ) ;
#2151 = ORIENTED_EDGE ( 'NONE', *, *, #4436, .F. ) ;
#2152 = EDGE_CURVE ( 'NONE', #3856, #2095, #1105, .T. ) ;
#2153 = ORIENTED_EDGE ( 'NONE', *, *, #4131, .F. ) ;
#2154 = CARTESIAN_POINT ( 'NONE',  ( 9.171912957190709648, 0.000000000000000000, 2.165063509461099489 ) ) ;
#2155 = LINE ( 'NONE', #2110, #1284 ) ;
#2156 = AXIS2_PLACEMENT_3D ( 'NONE', #616, #3137, #4837 ) ;
#2157 = ORIENTED_EDGE ( 'NONE', *, *, #3206, .F. ) ;
#2158 = CARTESIAN_POINT ( 'NONE',  ( 8.914769947065753541, -2.000000000000000000, -5.146944828701997210 ) ) ;
#2159 = DIRECTION ( 'NONE',  ( -0.5000000000000000000, 0.000000000000000000, -0.8660254037844385966 ) ) ;
#2160 = EDGE_CURVE ( 'NONE', #152, #5353, #657, .T. ) ;
#2161 = VECTOR ( 'NONE', #2474, 1000.000000000000000 ) ;
#2162 = ORIENTED_EDGE ( 'NONE', *, *, #2047, .T. ) ;
#2163 = EDGE_CURVE ( 'NONE', #556, #4711, #2166, .T. ) ;
#2164 = CARTESIAN_POINT ( 'NONE',  ( -23.25000000000001421, 0.000000000000000000, -10.54999999999999183 ) ) ;
#2165 = VERTEX_POINT ( 'NONE', #3033 ) ;
#2166 = LINE ( 'NONE', #1747, #3556 ) ;
#2167 = ORIENTED_EDGE ( 'NONE', *, *, #4190, .F. ) ;
#2168 = CARTESIAN_POINT ( 'NONE',  ( -20.56643471789303845, -2.000000000000000000, -11.87403662064641274 ) ) ;
#2169 = CIRCLE ( 'NONE', #5361, 2.499999999999998668 ) ;
#2170 = EDGE_LOOP ( 'NONE', ( #3706, #697, #1306, #2995 ) ) ;
#2171 = VECTOR ( 'NONE', #5482, 1000.000000000000000 ) ;
#2172 = AXIS2_PLACEMENT_3D ( 'NONE', #89, #198, #3510 ) ;
#2173 = CARTESIAN_POINT ( 'NONE',  ( -3.457021760702332802, -2.000000000000000000, 18.65812871223563008 ) ) ;
#2174 = PLANE ( 'NONE',  #3682 ) ;
#2175 = ORIENTED_EDGE ( 'NONE', *, *, #3544, .F. ) ;
#2176 = DIRECTION ( 'NONE',  ( -0.5000000000000001110, 0.000000000000000000, 0.8660254037844387076 ) ) ;
#2177 = DIRECTION ( 'NONE',  ( 0.000000000000000000, 1.000000000000000000, -0.000000000000000000 ) ) ;
#2178 = LINE ( 'NONE', #429, #3814 ) ;
#2179 = ORIENTED_EDGE ( 'NONE', *, *, #3861, .F. ) ;
#2180 = DIRECTION ( 'NONE',  ( -3.083952846180978250E-15, 0.000000000000000000, -1.000000000000000000 ) ) ;
#2181 = ORIENTED_EDGE ( 'NONE', *, *, #3837, .F. ) ;
#2182 = ORIENTED_EDGE ( 'NONE', *, *, #5422, .T. ) ;
#2183 = VECTOR ( 'NONE', #15, 1000.000000000000000 ) ;
#2184 = CARTESIAN_POINT ( 'NONE',  ( 17.96489119648838440, 0.000000000000000000, -6.941064073898906450 ) ) ;
#2185 = DIRECTION ( 'NONE',  ( -0.8660254037844387076, 0.000000000000000000, -0.5000000000000001110 ) ) ;
#2186 = ORIENTED_EDGE ( 'NONE', *, *, #4903, .F. ) ;
#2187 = FACE_OUTER_BOUND ( 'NONE', #1315, .T. ) ;
#2188 = DIRECTION ( 'NONE',  ( -1.000000000000000000, 0.000000000000000000, 5.551115123125782702E-17 ) ) ;
#2189 = ORIENTED_EDGE ( 'NONE', *, *, #2870, .T. ) ;
#2190 = FACE_OUTER_BOUND ( 'NONE', #2084, .T. ) ;
#2191 = ORIENTED_EDGE ( 'NONE', *, *, #2462, .F. ) ;
#2192 = CARTESIAN_POINT ( 'NONE',  ( -21.34309948872032692, -2.000000000000000000, 12.32244423515364140 ) ) ;
#2193 = VERTEX_POINT ( 'NONE', #4717 ) ;
#2194 = VERTEX_POINT ( 'NONE', #3474 ) ;
#2195 = EDGE_CURVE ( 'NONE', #2774, #3827, #4742, .T. ) ;
#2196 = CARTESIAN_POINT ( 'NONE',  ( -39.00000000000000000, -2.000000000000000000, -24.99999999999999645 ) ) ;
#2197 = CARTESIAN_POINT ( 'NONE',  ( 12.92191295719070787, -2.000000000000000000, 3.469446951953614189E-15 ) ) ;
#2198 = ORIENTED_EDGE ( 'NONE', *, *, #3409, .F. ) ;
#2199 = LINE ( 'NONE', #2098, #4833 ) ;
#2200 = LINE ( 'NONE', #3875, #2621 ) ;
#2201 = EDGE_CURVE ( 'NONE', #390, #1642, #4326, .T. ) ;
#2202 = ADVANCED_FACE ( 'NONE', ( #2851 ), #4181, .T. ) ;
#2203 = DIRECTION ( 'NONE',  ( -0.5000000000000000000, 0.000000000000000000, 0.8660254037844385966 ) ) ;
#2204 = DIRECTION ( 'NONE',  ( 0.000000000000000000, 0.000000000000000000, 1.000000000000000000 ) ) ;
#2205 = CARTESIAN_POINT ( 'NONE',  ( 7.878934717893028683, 0.000000000000000000, -6.941064073898906450 ) ) ;
#2206 = VERTEX_POINT ( 'NONE', #2467 ) ;
#2207 = DIRECTION ( 'NONE',  ( -0.5000000000000000000, 0.000000000000000000, -0.8660254037844385966 ) ) ;
#2208 = FACE_OUTER_BOUND ( 'NONE', #5363, .T. ) ;
#2209 = EDGE_LOOP ( 'NONE', ( #2118, #5331, #4446, #3805 ) ) ;
#2210 = DIRECTION ( 'NONE',  ( 1.000000000000000000, 0.000000000000000000, 2.775557561562891351E-16 ) ) ;
#2211 = CARTESIAN_POINT ( 'NONE',  ( 12.96489119648838440, -5.000000000000000000, 20.82319222169673267 ) ) ;
#2212 = ORIENTED_EDGE ( 'NONE', *, *, #4779, .T. ) ;
#2213 = EDGE_CURVE ( 'NONE', #1177, #730, #4152, .T. ) ;
#2214 = CARTESIAN_POINT ( 'NONE',  ( 7.878934717893028683, -5.000000000000000000, -6.941064073898906450 ) ) ;
#2215 = ORIENTED_EDGE ( 'NONE', *, *, #4230, .F. ) ;
#2216 = ADVANCED_FACE ( 'NONE', ( #3766 ), #4961, .T. ) ;
#2217 = DIRECTION ( 'NONE',  ( -3.083952846180978250E-15, 0.000000000000000000, -1.000000000000000000 ) ) ;
#2218 = VERTEX_POINT ( 'NONE', #264 ) ;
#2219 = AXIS2_PLACEMENT_3D ( 'NONE', #3094, #5311, #4047 ) ;
#2220 = ADVANCED_FACE ( 'NONE', ( #1131 ), #5040, .T. ) ;
#2221 = AXIS2_PLACEMENT_3D ( 'NONE', #1058, #2867, #2750 ) ;
#2222 = VERTEX_POINT ( 'NONE', #3320 ) ;
#2223 = ADVANCED_FACE ( 'NONE', ( #5435 ), #5406, .T. ) ;
#2224 = VECTOR ( 'NONE', #4909, 1000.000000000000000 ) ;
#2225 = CARTESIAN_POINT ( 'NONE',  ( -11.25000000000001421, -2.000000000000000000, 14.00000000000000711 ) ) ;
#2226 = FACE_BOUND ( 'NONE', #5226, .T. ) ;
#2227 = EDGE_LOOP ( 'NONE', ( #5218, #1590, #4861, #4859 ) ) ;
#2228 = LINE ( 'NONE', #3512, #2091 ) ;
#2229 = AXIS2_PLACEMENT_3D ( 'NONE', #4999, #4609, #5415 ) ;
#2230 = VECTOR ( 'NONE', #3484, 1000.000000000000114 ) ;
#2231 = FACE_OUTER_BOUND ( 'NONE', #2512, .T. ) ;
#2232 = AXIS2_PLACEMENT_3D ( 'NONE', #985, #4403, #3964 ) ;
#2233 = FACE_OUTER_BOUND ( 'NONE', #394, .T. ) ;
#2234 = DIRECTION ( 'NONE',  ( 0.8660254037844387076, 0.000000000000000000, -0.5000000000000001110 ) ) ;
#2235 = EDGE_CURVE ( 'NONE', #653, #4685, #1232, .T. ) ;
#2236 = CARTESIAN_POINT ( 'NONE',  ( -11.25000000000001421, 0.000000000000000000, 14.00000000000000711 ) ) ;
#2237 = ORIENTED_EDGE ( 'NONE', *, *, #597, .F. ) ;
#2238 = DIRECTION ( 'NONE',  ( 0.000000000000000000, 0.000000000000000000, 1.000000000000000000 ) ) ;
#2239 = DIRECTION ( 'NONE',  ( -1.000000000000000000, 0.000000000000000000, 5.551115123125782702E-17 ) ) ;
#2240 = ORIENTED_EDGE ( 'NONE', *, *, #2978, .F. ) ;
#2241 = LINE ( 'NONE', #4712, #1736 ) ;
#2242 = DIRECTION ( 'NONE',  ( -0.5000000000000000000, 0.000000000000000000, 0.8660254037844385966 ) ) ;
#2243 = ORIENTED_EDGE ( 'NONE', *, *, #1686, .T. ) ;
#2244 = DIRECTION ( 'NONE',  ( -0.5000000000000000000, 0.000000000000000000, -0.8660254037844385966 ) ) ;
#2245 = DIRECTION ( 'NONE',  ( -1.541976423090493661E-15, 0.000000000000000000, 1.000000000000000000 ) ) ;
#2246 = EDGE_LOOP ( 'NONE', ( #279, #1916, #2021, #5491 ) ) ;
#2247 = VERTEX_POINT ( 'NONE', #376 ) ;
#2248 = EDGE_CURVE ( 'NONE', #2165, #1159, #2018, .T. ) ;
#2249 = ORIENTED_EDGE ( 'NONE', *, *, #5227, .T. ) ;
#2250 = LINE ( 'NONE', #2641, #4553 ) ;
#2251 = VERTEX_POINT ( 'NONE', #1209 ) ;
#2252 = VECTOR ( 'NONE', #1929, 1000.000000000000000 ) ;
#2253 = FACE_BOUND ( 'NONE', #1951, .T. ) ;
#2254 = VERTEX_POINT ( 'NONE', #1990 ) ;
#2255 = CARTESIAN_POINT ( 'NONE',  ( 14.21489119648838262, -5.000000000000000000, 18.65812871223563363 ) ) ;
#2256 = AXIS2_PLACEMENT_3D ( 'NONE', #1085, #3528, #2658 ) ;
#2257 = DIRECTION ( 'NONE',  ( 0.000000000000000000, 1.000000000000000000, -0.000000000000000000 ) ) ;
#2258 = VECTOR ( 'NONE', #5012, 1000.000000000000000 ) ;
#2259 = EDGE_CURVE ( 'NONE', #1840, #5302, #4601, .T. ) ;
#2260 = CIRCLE ( 'NONE', #5011, 3.000000000000006217 ) ;
#2261 = CARTESIAN_POINT ( 'NONE',  ( -39.00000000000000000, -2.000000000000000000, -27.99999999999999645 ) ) ;
#2262 = CARTESIAN_POINT ( 'NONE',  ( -39.00000000000000711, -2.000000000000000000, -24.50000000000000355 ) ) ;
#2263 = ADVANCED_FACE ( 'NONE', ( #1628 ), #3660, .T. ) ;
#2264 = ADVANCED_FACE ( 'NONE', ( #4516 ), #2490, .T. ) ;
#2265 = PLANE ( 'NONE',  #2232 ) ;
#2266 = ORIENTED_EDGE ( 'NONE', *, *, #1285, .F. ) ;
#2267 = DIRECTION ( 'NONE',  ( 0.000000000000000000, 1.000000000000000000, -0.000000000000000000 ) ) ;
#2268 = CARTESIAN_POINT ( 'NONE',  ( -1.632680918566407976E-15, -2.000000000000000000, 28.00000000000001066 ) ) ;
#2269 = EDGE_CURVE ( 'NONE', #412, #108, #3242, .T. ) ;
#2270 = VERTEX_POINT ( 'NONE', #2406 ) ;
#2271 = DIRECTION ( 'NONE',  ( 0.000000000000000000, 1.000000000000000000, 0.000000000000000000 ) ) ;
#2272 = CARTESIAN_POINT ( 'NONE',  ( 4.456961671428342875, -2.000000000000000000, -2.573228020766997748 ) ) ;
#2273 = ORIENTED_EDGE ( 'NONE', *, *, #4819, .F. ) ;
#2274 = EDGE_CURVE ( 'NONE', #3531, #2681, #4100, .T. ) ;
#2275 = CARTESIAN_POINT ( 'NONE',  ( 17.96489119648838440, -5.000000000000000000, 20.82319222169673267 ) ) ;
#2276 = EDGE_CURVE ( 'NONE', #1237, #2977, #3267, .T. ) ;
#2277 = EDGE_CURVE ( 'NONE', #5188, #3096, #1334, .T. ) ;
#2278 = PLANE ( 'NONE',  #926 ) ;
#2279 = ORIENTED_EDGE ( 'NONE', *, *, #4628, .T. ) ;
#2280 = ORIENTED_EDGE ( 'NONE', *, *, #4241, .F. ) ;
#2281 = EDGE_LOOP ( 'NONE', ( #2856, #2477, #2451, #4418 ) ) ;
#2282 = DIRECTION ( 'NONE',  ( -0.000000000000000000, -1.000000000000000000, 0.000000000000000000 ) ) ;
#2283 = VERTEX_POINT ( 'NONE', #1181 ) ;
#2284 = CARTESIAN_POINT ( 'NONE',  ( -42.49999999999998579, -2.000000000000000000, 24.99999999999998579 ) ) ;
#2285 = EDGE_LOOP ( 'NONE', ( #1604, #3275, #5164, #583 ) ) ;
#2286 = CARTESIAN_POINT ( 'NONE',  ( 14.21489119648838262, -2.000000000000000000, 18.65812871223563363 ) ) ;
#2287 = EDGE_CURVE ( 'NONE', #2992, #390, #2881, .T. ) ;
#2288 = CARTESIAN_POINT ( 'NONE',  ( 0.7499999999999867883, -5.000000000000000000, -9.499999999999992895 ) ) ;
#2289 = CARTESIAN_POINT ( 'NONE',  ( 14.21489119648838440, -5.000000000000000000, -4.776000564437810070 ) ) ;
#2290 = CARTESIAN_POINT ( 'NONE',  ( -32.99999999999998579, -2.000000000000000000, -22.74999999999998934 ) ) ;
#2291 = FACE_OUTER_BOUND ( 'NONE', #4716, .T. ) ;
#2292 = EDGE_LOOP ( 'NONE', ( #1865, #4452, #669, #206 ) ) ;
#2293 = LINE ( 'NONE', #1405, #5429 ) ;
#2294 = DIRECTION ( 'NONE',  ( 0.000000000000000000, 0.000000000000000000, 1.000000000000000000 ) ) ;
#2295 = EDGE_CURVE ( 'NONE', #2724, #4804, #2178, .T. ) ;
#2296 = ORIENTED_EDGE ( 'NONE', *, *, #1456, .F. ) ;
#2297 = CARTESIAN_POINT ( 'NONE',  ( 2.878934717893026018, -5.000000000000000000, 6.941064073898911779 ) ) ;
#2298 = PLANE ( 'NONE',  #3077 ) ;
#2299 = DIRECTION ( 'NONE',  ( 0.000000000000000000, 0.000000000000000000, 1.000000000000000000 ) ) ;
#2300 = VERTEX_POINT ( 'NONE', #1731 ) ;
#2301 = DIRECTION ( 'NONE',  ( 0.8660254037844388186, 0.000000000000000000, 0.4999999999999997780 ) ) ;
#2302 = DIRECTION ( 'NONE',  ( 1.000000000000000000, 0.000000000000000000, 5.831003280594312264E-17 ) ) ;
#2303 = ORIENTED_EDGE ( 'NONE', *, *, #2059, .F. ) ;
#2304 = ORIENTED_EDGE ( 'NONE', *, *, #51, .T. ) ;
#2305 = CARTESIAN_POINT ( 'NONE',  ( -16.04297823929769251, 0.000000000000000000, 18.65812871223563363 ) ) ;
#2306 = ORIENTED_EDGE ( 'NONE', *, *, #4428, .T. ) ;
#2307 = VECTOR ( 'NONE', #3541, 1000.000000000000000 ) ;
#2308 = FACE_OUTER_BOUND ( 'NONE', #1139, .T. ) ;
#2309 = ORIENTED_EDGE ( 'NONE', *, *, #4872, .F. ) ;
#2310 = DIRECTION ( 'NONE',  ( 0.000000000000000000, 0.000000000000000000, 1.000000000000000000 ) ) ;
#2311 = VECTOR ( 'NONE', #1273, 1000.000000000000227 ) ;
#2312 = LINE ( 'NONE', #1488, #4682 ) ;
#2313 = AXIS2_PLACEMENT_3D ( 'NONE', #491, #1321, #99 ) ;
#2314 = PLANE ( 'NONE',  #2315 ) ;
#2315 = AXIS2_PLACEMENT_3D ( 'NONE', #173, #2757, #3118 ) ;
#2316 = CARTESIAN_POINT ( 'NONE',  ( -3.252138735625667927E-15, -2.000000000000000000, 11.71706463833673162 ) ) ;
#2317 = FACE_OUTER_BOUND ( 'NONE', #778, .T. ) ;
#2318 = EDGE_LOOP ( 'NONE', ( #3016, #3638 ) ) ;
#2319 = VECTOR ( 'NONE', #3604, 1000.000000000000227 ) ;
#2320 = ADVANCED_FACE ( 'NONE', ( #2541 ), #5176, .T. ) ;
#2321 = CARTESIAN_POINT ( 'NONE',  ( -24.31643471789305266, -2.000000000000000000, -14.03910013010750468 ) ) ;
#2322 = DIRECTION ( 'NONE',  ( 0.4999999999999997224, 0.000000000000000000, -0.8660254037844387076 ) ) ;
#2323 = LINE ( 'NONE', #84, #1243 ) ;
#2324 = ORIENTED_EDGE ( 'NONE', *, *, #5308, .T. ) ;
#2325 = CARTESIAN_POINT ( 'NONE',  ( -31.17191295719072741, 0.000000000000000000, -11.71706463833671918 ) ) ;
#2326 = LINE ( 'NONE', #1110, #1104 ) ;
#2327 = ORIENTED_EDGE ( 'NONE', *, *, #4524, .F. ) ;
#2328 = CYLINDRICAL_SURFACE ( 'NONE', #2256, 1.399999999999998579 ) ;
#2329 = CARTESIAN_POINT ( 'NONE',  ( 22.00000000000001421, -2.000000000000000000, -20.35999999999977916 ) ) ;
#2330 = EDGE_LOOP ( 'NONE', ( #4154, #4340, #5109, #5350, #4556, #3725 ) ) ;
#2331 = EDGE_CURVE ( 'NONE', #156, #1920, #4969, .T. ) ;
#2332 = EDGE_CURVE ( 'NONE', #1920, #834, #849, .T. ) ;
#2333 = EDGE_CURVE ( 'NONE', #5130, #2570, #444, .T. ) ;
#2334 = ORIENTED_EDGE ( 'NONE', *, *, #5324, .T. ) ;
#2335 = CARTESIAN_POINT ( 'NONE',  ( 7.921912957190708759, 0.000000000000000000, 3.196152700731393163E-15 ) ) ;
#2336 = VERTEX_POINT ( 'NONE', #3044 ) ;
#2337 = FACE_BOUND ( 'NONE', #218, .T. ) ;
#2338 = EDGE_LOOP ( 'NONE', ( #1558, #1993, #2751, #1722 ) ) ;
#2339 = AXIS2_PLACEMENT_3D ( 'NONE', #1725, #925, #115 ) ;
#2340 = CARTESIAN_POINT ( 'NONE',  ( 7.878934717893023354, -2.000000000000000000, 20.82319222169672912 ) ) ;
#2341 = DIRECTION ( 'NONE',  ( 0.000000000000000000, 1.000000000000000000, -0.000000000000000000 ) ) ;
#2342 = VECTOR ( 'NONE', #1535, 1000.000000000000000 ) ;
#2343 = DIRECTION ( 'NONE',  ( 1.000000000000000000, 0.000000000000000000, 2.775557561562891351E-16 ) ) ;
#2344 = CARTESIAN_POINT ( 'NONE',  ( -17.29297823929769251, 0.000000000000000000, 20.82319222169673267 ) ) ;
#2345 = PLANE ( 'NONE',  #5065 ) ;
#2346 = ORIENTED_EDGE ( 'NONE', *, *, #2152, .T. ) ;
#2347 = VECTOR ( 'NONE', #5299, 999.9999999999998863 ) ;
#2348 = DIRECTION ( 'NONE',  ( -0.5000000000000000000, 0.000000000000000000, 0.8660254037844385966 ) ) ;
#2349 = VECTOR ( 'NONE', #3066, 999.9999999999998863 ) ;
#2350 = VECTOR ( 'NONE', #3289, 1000.000000000000000 ) ;
#2351 = PLANE ( 'NONE',  #2698 ) ;
#2352 = DIRECTION ( 'NONE',  ( 0.000000000000000000, 1.000000000000000000, -0.000000000000000000 ) ) ;
#2353 = ORIENTED_EDGE ( 'NONE', *, *, #3258, .F. ) ;
#2354 = APPLICATION_PROTOCOL_DEFINITION ( 'draft international standard', 'automotive_design', 1998, #1261 ) ;
#2355 = LINE ( 'NONE', #1108, #4619 ) ;
#2356 = CARTESIAN_POINT ( 'NONE',  ( -23.25000000000001421, -5.000000000000000000, 11.99999999999999112 ) ) ;
#2357 = EDGE_LOOP ( 'NONE', ( #4759, #4935, #1083, #747 ) ) ;
#2358 = PLANE ( 'NONE',  #3234 ) ;
#2359 = EDGE_CURVE ( 'NONE', #5438, #1303, #10, .T. ) ;
#2360 = LINE ( 'NONE', #246, #2080 ) ;
#2361 = ORIENTED_EDGE ( 'NONE', *, *, #1588, .T. ) ;
#2362 = ORIENTED_EDGE ( 'NONE', *, *, #3551, .T. ) ;
#2363 = CARTESIAN_POINT ( 'NONE',  ( -31.17191295719072031, -5.000000000000000000, 2.165063509461099489 ) ) ;
#2364 = ORIENTED_EDGE ( 'NONE', *, *, #75, .T. ) ;
#2365 = VECTOR ( 'NONE', #77, 1000.000000000000227 ) ;
#2366 = DIRECTION ( 'NONE',  ( 0.000000000000000000, 1.000000000000000000, -0.000000000000000000 ) ) ;
#2367 = ORIENTED_EDGE ( 'NONE', *, *, #3852, .F. ) ;
#2368 = DIRECTION ( 'NONE',  ( 0.4999999999999998890, -0.000000000000000000, 0.8660254037844387076 ) ) ;
#2369 = AXIS2_PLACEMENT_3D ( 'NONE', #2933, #823, #3689 ) ;
#2370 = EDGE_CURVE ( 'NONE', #3888, #4263, #713, .T. ) ;
#2371 = DIRECTION ( 'NONE',  ( -0.5000000000000000000, 0.000000000000000000, 0.8660254037844385966 ) ) ;
#2372 = DIRECTION ( 'NONE',  ( 0.000000000000000000, 1.000000000000000000, -0.000000000000000000 ) ) ;
#2373 = EDGE_CURVE ( 'NONE', #3394, #2193, #3731, .T. ) ;
#2374 = FACE_BOUND ( 'NONE', #4863, .T. ) ;
#2375 = DIRECTION ( 'NONE',  ( 0.000000000000000000, 1.000000000000000000, 0.000000000000000000 ) ) ;
#2376 = ADVANCED_FACE ( 'NONE', ( #907, #1374 ), #5145, .F. ) ;
#2377 = DIRECTION ( 'NONE',  ( 0.4999999999999997224, 0.000000000000000000, -0.8660254037844388186 ) ) ;
#2378 = DIRECTION ( 'NONE',  ( -0.5000000000000001110, 0.000000000000000000, -0.8660254037844387076 ) ) ;
#2379 = ORIENTED_EDGE ( 'NONE', *, *, #5458, .T. ) ;
#2380 = DIRECTION ( 'NONE',  ( 0.000000000000000000, 1.000000000000000000, -0.000000000000000000 ) ) ;
#2381 = CARTESIAN_POINT ( 'NONE',  ( -42.49999999999999289, -2.000000000000000000, 1.179611963664229771E-14 ) ) ;
#2382 = DIRECTION ( 'NONE',  ( 0.000000000000000000, 1.000000000000000000, -0.000000000000000000 ) ) ;
#2383 = VERTEX_POINT ( 'NONE', #934 ) ;
#2384 = FACE_OUTER_BOUND ( 'NONE', #3346, .T. ) ;
#2385 = LINE ( 'NONE', #1918, #656 ) ;
#2386 = VERTEX_POINT ( 'NONE', #4650 ) ;
#2387 = EDGE_CURVE ( 'NONE', #2584, #2596, #3429, .T. ) ;
#2388 = ORIENTED_EDGE ( 'NONE', *, *, #696, .F. ) ;
#2389 = EDGE_CURVE ( 'NONE', #2283, #617, #3368, .T. ) ;
#2390 = CARTESIAN_POINT ( 'NONE',  ( 16.71489119648838440, 0.000000000000000000, -9.106127583360004607 ) ) ;
#2391 = ORIENTED_EDGE ( 'NONE', *, *, #4569, .T. ) ;
#2392 = EDGE_CURVE ( 'NONE', #1419, #646, #5064, .T. ) ;
#2393 = FACE_BOUND ( 'NONE', #1922, .T. ) ;
#2394 = ORIENTED_EDGE ( 'NONE', *, *, #1480, .T. ) ;
#2395 = LINE ( 'NONE', #1144, #3473 ) ;
#2396 = EDGE_CURVE ( 'NONE', #631, #4610, #3903, .T. ) ;
#2397 = CIRCLE ( 'NONE', #4257, 3.000000000000006217 ) ;
#2398 = CARTESIAN_POINT ( 'NONE',  ( 16.71489119648838440, 0.000000000000000000, -4.776000564437810958 ) ) ;
#2399 = LINE ( 'NONE', #1146, #3771 ) ;
#2400 = ADVANCED_FACE ( 'NONE', ( #455 ), #4699, .T. ) ;
#2401 = LINE ( 'NONE', #2845, #4625 ) ;
#2402 = PLANE ( 'NONE',  #1038 ) ;
#2403 = DIRECTION ( 'NONE',  ( 0.000000000000000000, 1.000000000000000000, 0.000000000000000000 ) ) ;
#2404 = AXIS2_PLACEMENT_3D ( 'NONE', #681, #1543, #4927 ) ;
#2405 = CARTESIAN_POINT ( 'NONE',  ( -37.46489119648840926, -5.000000000000000000, -6.941064073898908227 ) ) ;
#2406 = CARTESIAN_POINT ( 'NONE',  ( 4.128934717893026907, -2.000000000000000000, 9.106127583360008160 ) ) ;
#2407 = CARTESIAN_POINT ( 'NONE',  ( 16.71489119648838440, -2.000000000000000000, 4.776000564437813622 ) ) ;
#2408 = EDGE_LOOP ( 'NONE', ( #5005, #3807, #159, #601, #852, #1879 ) ) ;
#2409 = VECTOR ( 'NONE', #1001, 1000.000000000000227 ) ;
#2410 = VERTEX_POINT ( 'NONE', #3013 ) ;
#2411 = DIRECTION ( 'NONE',  ( 0.4999999999999998890, 0.000000000000000000, 0.8660254037844385966 ) ) ;
#2412 = CARTESIAN_POINT ( 'NONE',  ( 7.921912957190708759, -2.000000000000000000, -13.88212814779781645 ) ) ;
#2413 = EDGE_LOOP ( 'NONE', ( #1386, #1797, #1251, #3921 ) ) ;
#2414 = EDGE_LOOP ( 'NONE', ( #3438, #5249 ) ) ;
#2415 = PLANE ( 'NONE',  #4912 ) ;
#2416 = EDGE_LOOP ( 'NONE', ( #1894, #3211, #3779, #4870 ) ) ;
#2417 = CARTESIAN_POINT ( 'NONE',  ( 11.95257253518499141, -2.000000000000000000, -6.900820970697583157 ) ) ;
#2418 = EDGE_LOOP ( 'NONE', ( #433, #810, #1355, #3893 ) ) ;
#2419 = DIRECTION ( 'NONE',  ( 0.000000000000000000, 1.000000000000000000, -0.000000000000000000 ) ) ;
#2420 = EDGE_CURVE ( 'NONE', #2937, #4907, #1291, .T. ) ;
#2421 = VECTOR ( 'NONE', #674, 1000.000000000000227 ) ;
#2422 = CYLINDRICAL_SURFACE ( 'NONE', #2404, 1.399999999999998579 ) ;
#2423 = VERTEX_POINT ( 'NONE', #488 ) ;
#2424 = CARTESIAN_POINT ( 'NONE',  ( -36.21489119648840926, -2.000000000000000000, -9.106127583360004607 ) ) ;
#2425 = CARTESIAN_POINT ( 'NONE',  ( 23.00000000000000000, -2.000000000000000000, -1.595945597898662132E-15 ) ) ;
#2426 = AXIS2_PLACEMENT_3D ( 'NONE', #3668, #2917, #4942 ) ;
#2427 = DIRECTION ( 'NONE',  ( 0.8660254037844387076, 0.000000000000000000, -0.5000000000000001110 ) ) ;
#2428 = EDGE_CURVE ( 'NONE', #418, #1342, #4671, .T. ) ;
#2429 = CARTESIAN_POINT ( 'NONE',  ( -12.29297823929769429, -2.000000000000000000, 20.82319222169672912 ) ) ;
#2430 = CARTESIAN_POINT ( 'NONE',  ( 6.628934717893026018, -5.000000000000000000, 4.776000564437813622 ) ) ;
#2431 = CARTESIAN_POINT ( 'NONE',  ( -28.67191295719073096, -5.000000000000000000, -16.04719165725891372 ) ) ;
#2432 = ADVANCED_FACE ( 'NONE', ( #822 ), #873, .T. ) ;
#2433 = EDGE_CURVE ( 'NONE', #3108, #2165, #1430, .T. ) ;
#2434 = CARTESIAN_POINT ( 'NONE',  ( -39.00000000000000711, -2.000000000000000000, 24.50000000000002487 ) ) ;
#2435 = AXIS2_PLACEMENT_3D ( 'NONE', #1655, #4492, #1988 ) ;
#2436 = ORIENTED_EDGE ( 'NONE', *, *, #3967, .T. ) ;
#2437 = AXIS2_PLACEMENT_3D ( 'NONE', #4014, #1783, #200 ) ;
#2438 = ORIENTED_EDGE ( 'NONE', *, *, #4476, .F. ) ;
#2439 = CIRCLE ( 'NONE', #3507, 2.499999999999998668 ) ;
#2440 = PLANE ( 'NONE',  #5269 ) ;
#2441 = CARTESIAN_POINT ( 'NONE',  ( -28.67191295719073096, 0.000000000000000000, -16.04719165725891372 ) ) ;
#2442 = AXIS2_PLACEMENT_3D ( 'NONE', #2129, #2185, #46 ) ;
#2443 = EDGE_CURVE ( 'NONE', #108, #689, #960, .T. ) ;
#2444 = ORIENTED_EDGE ( 'NONE', *, *, #830, .F. ) ;
#2445 = DIRECTION ( 'NONE',  ( -0.000000000000000000, -1.000000000000000000, 0.000000000000000000 ) ) ;
#2446 = ADVANCED_FACE ( 'NONE', ( #1066 ), #174, .T. ) ;
#2447 = EDGE_CURVE ( 'NONE', #3618, #4040, #541, .T. ) ;
#2448 = ADVANCED_FACE ( 'NONE', ( #3629 ), #4813, .F. ) ;
#2449 = EDGE_LOOP ( 'NONE', ( #1977, #1154, #2151, #3666, #4110, #5091 ) ) ;
#2450 = CARTESIAN_POINT ( 'NONE',  ( 14.21489119648838440, 0.000000000000000000, 9.106127583360008160 ) ) ;
#2451 = ORIENTED_EDGE ( 'NONE', *, *, #367, .F. ) ;
#2452 = PLANE ( 'NONE',  #4737 ) ;
#2453 = ORIENTED_EDGE ( 'NONE', *, *, #3146, .T. ) ;
#2454 = LINE ( 'NONE', #4144, #3561 ) ;
#2455 = VECTOR ( 'NONE', #3886, 1000.000000000000000 ) ;
#2456 = ADVANCED_FACE ( 'NONE', ( #2648 ), #4757, .T. ) ;
#2457 = DIRECTION ( 'NONE',  ( 0.000000000000000000, 1.000000000000000000, -0.000000000000000000 ) ) ;
#2458 = ORIENTED_EDGE ( 'NONE', *, *, #4924, .F. ) ;
#2459 = FACE_OUTER_BOUND ( 'NONE', #1185, .T. ) ;
#2460 = PLANE ( 'NONE',  #3655 ) ;
#2461 = CARTESIAN_POINT ( 'NONE',  ( -39.00000000000000711, 0.000000000000000000, -24.50000000000000355 ) ) ;
#2462 = EDGE_CURVE ( 'NONE', #2670, #5358, #123, .T. ) ;
#2463 = FACE_OUTER_BOUND ( 'NONE', #4199, .T. ) ;
#2464 = EDGE_CURVE ( 'NONE', #5466, #2039, #3987, .T. ) ;
#2465 = DIRECTION ( 'NONE',  ( 0.000000000000000000, 0.000000000000000000, 1.000000000000000000 ) ) ;
#2466 = VECTOR ( 'NONE', #4513, 999.9999999999998863 ) ;
#2467 = CARTESIAN_POINT ( 'NONE',  ( -32.46489119648840216, -2.000000000000000000, 20.82319222169672912 ) ) ;
#2468 = DIRECTION ( 'NONE',  ( -0.8660254037844387076, 0.000000000000000000, 0.4999999999999999445 ) ) ;
#2469 = ORIENTED_EDGE ( 'NONE', *, *, #1035, .F. ) ;
#2470 = ADVANCED_FACE ( 'NONE', ( #231 ), #1877, .T. ) ;
#2471 = ORIENTED_EDGE ( 'NONE', *, *, #1981, .T. ) ;
#2472 = EDGE_CURVE ( 'NONE', #3133, #874, #2397, .T. ) ;
#2473 = CARTESIAN_POINT ( 'NONE',  ( 12.96489119648838440, 0.000000000000000000, -6.941064073898906450 ) ) ;
#2474 = DIRECTION ( 'NONE',  ( 0.000000000000000000, 1.000000000000000000, -0.000000000000000000 ) ) ;
#2475 = ORIENTED_EDGE ( 'NONE', *, *, #3836, .T. ) ;
#2476 = CARTESIAN_POINT ( 'NONE',  ( 12.96489119648838440, -2.000000000000000000, -6.941064073898906450 ) ) ;
#2477 = ORIENTED_EDGE ( 'NONE', *, *, #3426, .T. ) ;
#2478 = LINE ( 'NONE', #1641, #4030 ) ;
#2479 = ORIENTED_EDGE ( 'NONE', *, *, #3923, .T. ) ;
#2480 = LINE ( 'NONE', #362, #4617 ) ;
#2481 = EDGE_LOOP ( 'NONE', ( #3589, #1254 ) ) ;
#2482 = DIRECTION ( 'NONE',  ( 0.4999999999999997224, 0.000000000000000000, -0.8660254037844387076 ) ) ;
#2483 = DIRECTION ( 'NONE',  ( 1.000000000000000000, 0.000000000000000000, 2.775557561562891351E-16 ) ) ;
#2484 = EDGE_LOOP ( 'NONE', ( #1436, #1088, #4129, #3088 ) ) ;
#2485 = DIRECTION ( 'NONE',  ( -5.551115123125782702E-17, 0.000000000000000000, -1.000000000000000000 ) ) ;
#2486 = DIRECTION ( 'NONE',  ( -0.5000000000000001110, 0.000000000000000000, -0.8660254037844387076 ) ) ;
#2487 = PRESENTATION_STYLE_ASSIGNMENT (( #1573 ) ) ;
#2488 = LINE ( 'NONE', #1678, #1555 ) ;
#2489 = VECTOR ( 'NONE', #403, 1000.000000000000000 ) ;
#2490 = PLANE ( 'NONE',  #1601 ) ;
#2491 = CARTESIAN_POINT ( 'NONE',  ( 5.054916254110257778E-16, -2.000000000000000000, 9.106127583360008160 ) ) ;
#2492 = ORIENTED_EDGE ( 'NONE', *, *, #5224, .T. ) ;
#2493 = VECTOR ( 'NONE', #2366, 1000.000000000000000 ) ;
#2494 = EDGE_CURVE ( 'NONE', #3229, #1703, #5416, .T. ) ;
#2495 = ORIENTED_EDGE ( 'NONE', *, *, #1997, .T. ) ;
#2496 = AXIS2_PLACEMENT_3D ( 'NONE', #1410, #466, #2159 ) ;
#2497 = CARTESIAN_POINT ( 'NONE',  ( -32.46489119648840216, 0.000000000000000000, 20.82319222169673267 ) ) ;
#2498 = VECTOR ( 'NONE', #3071, 999.9999999999998863 ) ;
#2499 = FACE_OUTER_BOUND ( 'NONE', #1665, .T. ) ;
#2500 = CIRCLE ( 'NONE', #1344, 1.000000000000000888 ) ;
#2501 = VECTOR ( 'NONE', #3176, 1000.000000000000000 ) ;
#2502 = ORIENTED_EDGE ( 'NONE', *, *, #427, .T. ) ;
#2503 = LINE ( 'NONE', #2892, #545 ) ;
#2504 = AXIS2_PLACEMENT_3D ( 'NONE', #4984, #284, #5111 ) ;
#2505 = EDGE_LOOP ( 'NONE', ( #962, #3215 ) ) ;
#2506 = LINE ( 'NONE', #3278, #4725 ) ;
#2507 = ORIENTED_EDGE ( 'NONE', *, *, #423, .F. ) ;
#2508 = DIRECTION ( 'NONE',  ( 0.000000000000000000, 0.000000000000000000, 1.000000000000000000 ) ) ;
#2509 = ORIENTED_EDGE ( 'NONE', *, *, #2056, .T. ) ;
#2510 = EDGE_CURVE ( 'NONE', #1717, #3781, #623, .T. ) ;
#2511 = EDGE_CURVE ( 'NONE', #1946, #4886, #4868, .T. ) ;
#2512 = EDGE_LOOP ( 'NONE', ( #4025, #529, #626, #725 ) ) ;
#2513 = DIRECTION ( 'NONE',  ( 0.4999999999999997224, 0.000000000000000000, -0.8660254037844388186 ) ) ;
#2514 = ORIENTED_EDGE ( 'NONE', *, *, #1817, .F. ) ;
#2515 = DIRECTION ( 'NONE',  ( -1.541976423090493661E-15, 0.000000000000000000, 1.000000000000000000 ) ) ;
#2516 = FACE_OUTER_BOUND ( 'NONE', #4639, .T. ) ;
#2517 = DIRECTION ( 'NONE',  ( 1.000000000000000000, 0.000000000000000000, 2.775557561562891351E-16 ) ) ;
#2518 = CARTESIAN_POINT ( 'NONE',  ( 14.21489119648838262, -5.000000000000000000, 18.65812871223563363 ) ) ;
#2519 = AXIS2_PLACEMENT_3D ( 'NONE', #3529, #860, #1801 ) ;
#2520 = DIRECTION ( 'NONE',  ( 0.4999999999999998890, 0.000000000000000000, 0.8660254037844385966 ) ) ;
#2521 = ORIENTED_EDGE ( 'NONE', *, *, #2841, .T. ) ;
#2522 = ORIENTED_EDGE ( 'NONE', *, *, #2932, .T. ) ;
#2523 = CARTESIAN_POINT ( 'NONE',  ( -36.21489119648840926, -5.000000000000000000, 18.65812871223563363 ) ) ;
#2524 = VECTOR ( 'NONE', #1855, 999.9999999999998863 ) ;
#2525 = CARTESIAN_POINT ( 'NONE',  ( 18.99999999999999645, 0.000000000000000000, 25.90000000000002345 ) ) ;
#2526 = VECTOR ( 'NONE', #215, 1000.000000000000000 ) ;
#2527 = ORIENTED_EDGE ( 'NONE', *, *, #4206, .T. ) ;
#2528 = CARTESIAN_POINT ( 'NONE',  ( -42.49999999999998579, 0.000000000000000000, 24.99999999999998579 ) ) ;
#2529 = VERTEX_POINT ( 'NONE', #3962 ) ;
#2530 = ADVANCED_FACE ( 'NONE', ( #984 ), #4018, .T. ) ;
#2531 = VECTOR ( 'NONE', #2860, 999.9999999999998863 ) ;
#2532 = DIRECTION ( 'NONE',  ( -1.000000000000000000, 0.000000000000000000, 5.551115123125782702E-17 ) ) ;
#2533 = ORIENTED_EDGE ( 'NONE', *, *, #1051, .T. ) ;
#2534 = LINE ( 'NONE', #2950, #2050 ) ;
#2535 = ORIENTED_EDGE ( 'NONE', *, *, #2870, .F. ) ;
#2536 = ORIENTED_EDGE ( 'NONE', *, *, #4819, .T. ) ;
#2537 = LINE ( 'NONE', #4225, #1724 ) ;
#2538 = ORIENTED_EDGE ( 'NONE', *, *, #3846, .F. ) ;
#2539 = CARTESIAN_POINT ( 'NONE',  ( 4.128934717893026907, -5.000000000000000000, 22.98825573115782817 ) ) ;
#2540 = CARTESIAN_POINT ( 'NONE',  ( 14.21489119648838440, -5.000000000000000000, 9.106127583360008160 ) ) ;
#2541 = FACE_OUTER_BOUND ( 'NONE', #1311, .T. ) ;
#2542 = LINE ( 'NONE', #1704, #3469 ) ;
#2543 = ORIENTED_EDGE ( 'NONE', *, *, #4190, .T. ) ;
#2544 = VECTOR ( 'NONE', #3244, 1000.000000000000000 ) ;
#2545 = EDGE_LOOP ( 'NONE', ( #3770, #2748, #2660, #2745, #1019, #1966 ) ) ;
#2546 = LINE ( 'NONE', #3906, #1296 ) ;
#2547 = DIRECTION ( 'NONE',  ( 0.000000000000000000, 0.000000000000000000, 1.000000000000000000 ) ) ;
#2548 = ORIENTED_EDGE ( 'NONE', *, *, #1390, .T. ) ;
#2549 = DIRECTION ( 'NONE',  ( 0.000000000000000000, 1.000000000000000000, -0.000000000000000000 ) ) ;
#2550 = CARTESIAN_POINT ( 'NONE',  ( 16.71489119648838440, 0.000000000000000000, 4.776000564437813622 ) ) ;
#2551 = ORIENTED_EDGE ( 'NONE', *, *, #1035, .T. ) ;
#2552 = CARTESIAN_POINT ( 'NONE',  ( -39.50000000000000000, 0.000000000000000000, -25.00000000000000000 ) ) ;
#2553 = EDGE_LOOP ( 'NONE', ( #2771, #2394, #3128, #3955 ) ) ;
#2554 = CARTESIAN_POINT ( 'NONE',  ( -28.67191295719072386, 0.000000000000000000, 11.71706463833672274 ) ) ;
#2555 = ORIENTED_EDGE ( 'NONE', *, *, #405, .T. ) ;
#2556 = CARTESIAN_POINT ( 'NONE',  ( 20.00000000000000355, -2.000000000000000000, -24.99999999999999645 ) ) ;
#2557 = EDGE_CURVE ( 'NONE', #2410, #1743, #5255, .T. ) ;
#2558 = ORIENTED_EDGE ( 'NONE', *, *, #3416, .T. ) ;
#2559 = VECTOR ( 'NONE', #1287, 1000.000000000000000 ) ;
#2560 = DIRECTION ( 'NONE',  ( 0.000000000000000000, 1.000000000000000000, -0.000000000000000000 ) ) ;
#2561 = ORIENTED_EDGE ( 'NONE', *, *, #3416, .F. ) ;
#2562 = LINE ( 'NONE', #1286, #4386 ) ;
#2563 = ADVANCED_FACE ( 'NONE', ( #3119 ), #1458, .T. ) ;
#2564 = FACE_OUTER_BOUND ( 'NONE', #3835, .T. ) ;
#2565 = DIRECTION ( 'NONE',  ( 1.000000000000000000, 0.000000000000000000, 2.775557561562891351E-16 ) ) ;
#2566 = ORIENTED_EDGE ( 'NONE', *, *, #4389, .F. ) ;
#2567 = EDGE_CURVE ( 'NONE', #658, #2300, #893, .T. ) ;
#2568 = EDGE_CURVE ( 'NONE', #4303, #396, #2818, .T. ) ;
#2569 = CARTESIAN_POINT ( 'NONE',  ( -39.00000000000000711, 0.000000000000000000, -25.89999999999999858 ) ) ;
#2570 = VERTEX_POINT ( 'NONE', #707 ) ;
#2571 = ORIENTED_EDGE ( 'NONE', *, *, #4818, .F. ) ;
#2572 = DIRECTION ( 'NONE',  ( -0.5000000000000000000, 0.000000000000000000, 0.8660254037844385966 ) ) ;
#2573 = AXIS2_PLACEMENT_3D ( 'NONE', #4369, #569, #1037 ) ;
#2574 = DIRECTION ( 'NONE',  ( 0.4999999999999997224, -0.000000000000000000, -0.8660254037844387076 ) ) ;
#2575 = AXIS2_PLACEMENT_3D ( 'NONE', #1645, #5031, #54 ) ;
#2576 = VERTEX_POINT ( 'NONE', #789 ) ;
#2577 = CARTESIAN_POINT ( 'NONE',  ( -37.46489119648840926, -2.000000000000000000, -6.941064073898908227 ) ) ;
#2578 = DIRECTION ( 'NONE',  ( 0.000000000000000000, 1.000000000000000000, -0.000000000000000000 ) ) ;
#2579 = ORIENTED_EDGE ( 'NONE', *, *, #1953, .F. ) ;
#2580 = CARTESIAN_POINT ( 'NONE',  ( 2.527458127055129579E-15, -2.000000000000000000, -9.106127583360009936 ) ) ;
#2581 = VERTEX_POINT ( 'NONE', #1202 ) ;
#2582 = AXIS2_PLACEMENT_3D ( 'NONE', #4167, #1647, #3756 ) ;
#2583 = DIRECTION ( 'NONE',  ( 0.000000000000000000, 1.000000000000000000, -0.000000000000000000 ) ) ;
#2584 = VERTEX_POINT ( 'NONE', #761 ) ;
#2585 = CARTESIAN_POINT ( 'NONE',  ( 14.21489119648838440, 0.000000000000000000, 22.98825573115782817 ) ) ;
#2586 = AXIS2_PLACEMENT_3D ( 'NONE', #1848, #2267, #547 ) ;
#2587 = ORIENTED_EDGE ( 'NONE', *, *, #4875, .T. ) ;
#2588 = DIRECTION ( 'NONE',  ( 0.4999999999999997224, -0.000000000000000000, -0.8660254037844387076 ) ) ;
#2589 = DIRECTION ( 'NONE',  ( 0.000000000000000000, 1.000000000000000000, 0.000000000000000000 ) ) ;
#2590 = ORIENTED_EDGE ( 'NONE', *, *, #4835, .F. ) ;
#2591 = DIRECTION ( 'NONE',  ( 0.000000000000000000, 1.000000000000000000, -0.000000000000000000 ) ) ;
#2592 = DIRECTION ( 'NONE',  ( 0.000000000000000000, 0.000000000000000000, 1.000000000000000000 ) ) ;
#2593 = DIRECTION ( 'NONE',  ( -0.000000000000000000, -1.000000000000000000, 0.000000000000000000 ) ) ;
#2594 = ORIENTED_EDGE ( 'NONE', *, *, #704, .T. ) ;
#2595 = DIRECTION ( 'NONE',  ( 1.000000000000000000, 0.000000000000000000, 2.775557561562891351E-16 ) ) ;
#2596 = VERTEX_POINT ( 'NONE', #4072 ) ;
#2597 = ORIENTED_EDGE ( 'NONE', *, *, #4591, .T. ) ;
#2598 = PLANE ( 'NONE',  #4400 ) ;
#2599 = ADVANCED_FACE ( 'NONE', ( #2459 ), #259, .T. ) ;
#2600 = LINE ( 'NONE', #914, #5183 ) ;
#2601 = AXIS2_PLACEMENT_3D ( 'NONE', #415, #2029, #2921 ) ;
#2602 = ORIENTED_EDGE ( 'NONE', *, *, #2023, .T. ) ;
#2603 = DIRECTION ( 'NONE',  ( -0.5000000000000001110, 0.000000000000000000, 0.8660254037844387076 ) ) ;
#2604 = DIRECTION ( 'NONE',  ( 0.4999999999999998890, 0.000000000000000000, 0.8660254037844385966 ) ) ;
#2605 = VECTOR ( 'NONE', #216, 1000.000000000000000 ) ;
#2606 = ORIENTED_EDGE ( 'NONE', *, *, #2472, .F. ) ;
#2607 = DIRECTION ( 'NONE',  ( 0.4999999999999998890, -0.000000000000000000, 0.8660254037844387076 ) ) ;
#2608 = ORIENTED_EDGE ( 'NONE', *, *, #5101, .T. ) ;
#2609 = CARTESIAN_POINT ( 'NONE',  ( -11.25000000000001243, -2.000000000000000000, -13.99999999999999289 ) ) ;
#2610 = VERTEX_POINT ( 'NONE', #4511 ) ;
#2611 = ADVANCED_FACE ( 'NONE', ( #3735 ), #4147, .T. ) ;
#2612 = EDGE_CURVE ( 'NONE', #3031, #839, #2399, .T. ) ;
#2613 = VECTOR ( 'NONE', #5348, 999.9999999999998863 ) ;
#2614 = EDGE_LOOP ( 'NONE', ( #4460, #2492, #2893, #1556 ) ) ;
#2615 = AXIS2_PLACEMENT_3D ( 'NONE', #4564, #5370, #3207 ) ;
#2616 = CIRCLE ( 'NONE', #753, 1.449999999999999956 ) ;
#2617 = LINE ( 'NONE', #3764, #2141 ) ;
#2618 = CARTESIAN_POINT ( 'NONE',  ( -39.00000000000000711, -2.000000000000000000, -25.89999999999999858 ) ) ;
#2619 = ORIENTED_EDGE ( 'NONE', *, *, #2213, .T. ) ;
#2620 = LINE ( 'NONE', #903, #37 ) ;
#2621 = VECTOR ( 'NONE', #4696, 999.9999999999998863 ) ;
#2622 = CARTESIAN_POINT ( 'NONE',  ( -36.00000000000000711, -2.000000000000000000, -24.99999999999999645 ) ) ;
#2623 = DIRECTION ( 'NONE',  ( 0.8660254037844388186, 0.000000000000000000, 0.4999999999999997780 ) ) ;
#2624 = CARTESIAN_POINT ( 'NONE',  ( 0.7499999999999870104, -5.000000000000000000, 10.54999999999999183 ) ) ;
#2625 = ORIENTED_EDGE ( 'NONE', *, *, #2972, .F. ) ;
#2626 = ADVANCED_FACE ( 'NONE', ( #1955 ), #316, .T. ) ;
#2627 = EDGE_CURVE ( 'NONE', #1739, #783, #5342, .T. ) ;
#2628 = AXIS2_PLACEMENT_3D ( 'NONE', #4213, #4317, #2572 ) ;
#2629 = PLANE ( 'NONE',  #2628 ) ;
#2630 = DIRECTION ( 'NONE',  ( -0.000000000000000000, -1.000000000000000000, 0.000000000000000000 ) ) ;
#2631 = ORIENTED_EDGE ( 'NONE', *, *, #1979, .F. ) ;
#2632 = DIRECTION ( 'NONE',  ( 0.000000000000000000, 0.000000000000000000, -1.000000000000000000 ) ) ;
#2633 = DIRECTION ( 'NONE',  ( 0.000000000000000000, 1.000000000000000000, -0.000000000000000000 ) ) ;
#2634 = EDGE_CURVE ( 'NONE', #3509, #3270, #372, .T. ) ;
#2635 = ORIENTED_EDGE ( 'NONE', *, *, #2287, .T. ) ;
#2636 = CARTESIAN_POINT ( 'NONE',  ( 21.00000000000001066, -2.000000000000000000, -16.35999999999977916 ) ) ;
#2637 = ORIENTED_EDGE ( 'NONE', *, *, #1218, .T. ) ;
#2638 = CARTESIAN_POINT ( 'NONE',  ( -35.99999999999992895, 0.000000000000000000, 1.110223024625149977E-13 ) ) ;
#2639 = EDGE_LOOP ( 'NONE', ( #4995, #4, #5488, #71 ) ) ;
#2640 = VERTEX_POINT ( 'NONE', #5400 ) ;
#2641 = CARTESIAN_POINT ( 'NONE',  ( -11.51749431248185296, -2.000000000000000000, -6.649628441701377568 ) ) ;
#2642 = FACE_BOUND ( 'NONE', #1245, .T. ) ;
#2643 = ORIENTED_EDGE ( 'NONE', *, *, #2567, .T. ) ;
#2644 = EDGE_CURVE ( 'NONE', #1541, #335, #4900, .T. ) ;
#2645 = FACE_BOUND ( 'NONE', #62, .T. ) ;
#2646 = CARTESIAN_POINT ( 'NONE',  ( -31.17191295719072741, 0.000000000000000000, -11.71706463833671918 ) ) ;
#2647 = CARTESIAN_POINT ( 'NONE',  ( 22.00000000000001421, -2.000000000000000000, -16.35999999999977916 ) ) ;
#2648 = FACE_OUTER_BOUND ( 'NONE', #908, .T. ) ;
#2649 = CARTESIAN_POINT ( 'NONE',  ( 11.67191295719070787, 0.000000000000000000, -2.165063509461094604 ) ) ;
#2650 = ORIENTED_EDGE ( 'NONE', *, *, #1117, .F. ) ;
#2651 = CARTESIAN_POINT ( 'NONE',  ( -23.25000000000001421, -2.000000000000000000, 14.49999999999999112 ) ) ;
#2652 = LINE ( 'NONE', #939, #1018 ) ;
#2653 = ORIENTED_EDGE ( 'NONE', *, *, #4298, .T. ) ;
#2654 = EDGE_CURVE ( 'NONE', #2781, #100, #4489, .T. ) ;
#2655 = CARTESIAN_POINT ( 'NONE',  ( -36.21489119648840926, -5.000000000000000000, -9.106127583360004607 ) ) ;
#2656 = CARTESIAN_POINT ( 'NONE',  ( 12.96489119648838440, 0.000000000000000000, 20.82319222169673267 ) ) ;
#2657 = ORIENTED_EDGE ( 'NONE', *, *, #66, .F. ) ;
#2658 = DIRECTION ( 'NONE',  ( 0.000000000000000000, 0.000000000000000000, 1.000000000000000000 ) ) ;
#2659 = LINE ( 'NONE', #2580, #4287 ) ;
#2660 = ORIENTED_EDGE ( 'NONE', *, *, #3209, .T. ) ;
#2661 = CARTESIAN_POINT ( 'NONE',  ( 16.00000000000000355, -2.000000000000000000, -24.99999999999999645 ) ) ;
#2662 = ORIENTED_EDGE ( 'NONE', *, *, #1051, .F. ) ;
#2663 = VERTEX_POINT ( 'NONE', #1570 ) ;
#2664 = VECTOR ( 'NONE', #539, 1000.000000000000000 ) ;
#2665 = LINE ( 'NONE', #479, #474 ) ;
#2666 = ORIENTED_EDGE ( 'NONE', *, *, #2654, .T. ) ;
#2667 = EDGE_CURVE ( 'NONE', #4907, #5438, #2040, .T. ) ;
#2668 = ADVANCED_FACE ( 'NONE', ( #3235 ), #4928, .T. ) ;
#2669 = CYLINDRICAL_SURFACE ( 'NONE', #308, 2.999999999999995559 ) ;
#2670 = VERTEX_POINT ( 'NONE', #3680 ) ;
#2671 = DIRECTION ( 'NONE',  ( 0.000000000000000000, 1.000000000000000000, -0.000000000000000000 ) ) ;
#2672 = AXIS2_PLACEMENT_3D ( 'NONE', #4959, #1149, #1520 ) ;
#2673 = CARTESIAN_POINT ( 'NONE',  ( 16.71489119648838440, -5.000000000000000000, 22.98825573115782461 ) ) ;
#2674 = CIRCLE ( 'NONE', #548, 14.00000000000000000 ) ;
#2675 = CARTESIAN_POINT ( 'NONE',  ( 18.99999999999999645, 0.000000000000000000, 24.50000000000002487 ) ) ;
#2676 = DIRECTION ( 'NONE',  ( 0.000000000000000000, 1.000000000000000000, -0.000000000000000000 ) ) ;
#2677 = DIRECTION ( 'NONE',  ( -1.000000000000000000, 0.000000000000000000, 5.551115123125782702E-17 ) ) ;
#2678 = ORIENTED_EDGE ( 'NONE', *, *, #3337, .T. ) ;
#2679 = CARTESIAN_POINT ( 'NONE',  ( 22.00000000000001421, -2.000000000000000000, -16.35999999999977916 ) ) ;
#2680 = FACE_OUTER_BOUND ( 'NONE', #1470, .T. ) ;
#2681 = VERTEX_POINT ( 'NONE', #3263 ) ;
#2682 = CARTESIAN_POINT ( 'NONE',  ( 0.7499999999999867883, -5.000000000000000000, 11.99999999999999112 ) ) ;
#2683 = CARTESIAN_POINT ( 'NONE',  ( -28.67191295719072386, -2.000000000000000000, -2.165063509461094604 ) ) ;
#2684 = DIRECTION ( 'NONE',  ( 0.000000000000000000, 1.000000000000000000, -0.000000000000000000 ) ) ;
#2685 = EDGE_LOOP ( 'NONE', ( #3163, #371, #1027, #3421, #2051, #5161 ) ) ;
#2686 = CARTESIAN_POINT ( 'NONE',  ( 6.628934717893026018, -5.000000000000000000, 22.98825573115782461 ) ) ;
#2687 = DIRECTION ( 'NONE',  ( 1.000000000000000000, 0.000000000000000000, 2.775557561562891351E-16 ) ) ;
#2688 = ORIENTED_EDGE ( 'NONE', *, *, #5036, .T. ) ;
#2689 = ORIENTED_EDGE ( 'NONE', *, *, #5246, .F. ) ;
#2690 = AXIS2_PLACEMENT_3D ( 'NONE', #3643, #1140, #1028 ) ;
#2691 = ORIENTED_EDGE ( 'NONE', *, *, #1229, .T. ) ;
#2692 = CARTESIAN_POINT ( 'NONE',  ( 4.128934717893026907, 0.000000000000000000, 9.106127583360008160 ) ) ;
#2693 = ORIENTED_EDGE ( 'NONE', *, *, #3147, .F. ) ;
#2694 = AXIS2_PLACEMENT_3D ( 'NONE', #3958, #2257, #147 ) ;
#2695 = CARTESIAN_POINT ( 'NONE',  ( -7.207021760702333246, -2.000000000000000000, 20.82319222169673267 ) ) ;
#2696 = ORIENTED_EDGE ( 'NONE', *, *, #4991, .F. ) ;
#2697 = CARTESIAN_POINT ( 'NONE',  ( 0.000000000000000000, -2.000000000000000000, 0.000000000000000000 ) ) ;
#2698 = AXIS2_PLACEMENT_3D ( 'NONE', #1883, #5208, #238 ) ;
#2699 = DIRECTION ( 'NONE',  ( 0.000000000000000000, 1.000000000000000000, -0.000000000000000000 ) ) ;
#2700 = VECTOR ( 'NONE', #4095, 1000.000000000000000 ) ;
#2701 = CIRCLE ( 'NONE', #1016, 1.449999999999999956 ) ;
#2702 = EDGE_CURVE ( 'NONE', #3058, #4273, #4955, .T. ) ;
#2703 = CIRCLE ( 'NONE', #4388, 2.999999999999999112 ) ;
#2704 = LINE ( 'NONE', #4756, #1693 ) ;
#2705 = CARTESIAN_POINT ( 'NONE',  ( 14.21489119648838262, -5.000000000000000000, 4.776000564437814511 ) ) ;
#2706 = PLANE ( 'NONE',  #814 ) ;
#2707 = ORIENTED_EDGE ( 'NONE', *, *, #493, .F. ) ;
#2708 = DIRECTION ( 'NONE',  ( 0.4999999999999997224, -0.000000000000000000, -0.8660254037844387076 ) ) ;
#2709 = LINE ( 'NONE', #4821, #750 ) ;
#2710 = VECTOR ( 'NONE', #1409, 1000.000000000000000 ) ;
#2711 = ORIENTED_EDGE ( 'NONE', *, *, #3649, .F. ) ;
#2712 = DIRECTION ( 'NONE',  ( -0.5000000000000000000, 0.000000000000000000, -0.8660254037844385966 ) ) ;
#2713 = CARTESIAN_POINT ( 'NONE',  ( -5.957021760702331470, 0.000000000000000000, 22.98825573115782817 ) ) ;
#2714 = AXIS2_PLACEMENT_3D ( 'NONE', #853, #826, #3822 ) ;
#2715 = ORIENTED_EDGE ( 'NONE', *, *, #1065, .F. ) ;
#2716 = CARTESIAN_POINT ( 'NONE',  ( 0.7499999999999867883, -5.000000000000000000, 11.99999999999999112 ) ) ;
#2717 = CARTESIAN_POINT ( 'NONE',  ( 18.99999999999999645, -2.000000000000000000, -25.90000000000000213 ) ) ;
#2718 = ORIENTED_EDGE ( 'NONE', *, *, #3251, .F. ) ;
#2719 = ORIENTED_EDGE ( 'NONE', *, *, #1578, .F. ) ;
#2720 = DIRECTION ( 'NONE',  ( 0.000000000000000000, 1.000000000000000000, -0.000000000000000000 ) ) ;
#2721 = VERTEX_POINT ( 'NONE', #2424 ) ;
#2722 = AXIS2_PLACEMENT_3D ( 'NONE', #905, #4313, #3901 ) ;
#2723 = FACE_BOUND ( 'NONE', #4530, .T. ) ;
#2724 = VERTEX_POINT ( 'NONE', #2012 ) ;
#2725 = FACE_BOUND ( 'NONE', #5221, .T. ) ;
#2726 = ADVANCED_FACE ( 'NONE', ( #3707 ), #1596, .T. ) ;
#2727 = DIRECTION ( 'NONE',  ( 0.4999999999999997224, 0.000000000000000000, -0.8660254037844388186 ) ) ;
#2728 = DIRECTION ( 'NONE',  ( -0.000000000000000000, -1.000000000000000000, 0.000000000000000000 ) ) ;
#2729 = EDGE_CURVE ( 'NONE', #2584, #2895, #2199, .T. ) ;
#2730 = DIRECTION ( 'NONE',  ( 0.4999999999999997224, 0.000000000000000000, -0.8660254037844387076 ) ) ;
#2731 = LINE ( 'NONE', #1905, #899 ) ;
#2732 = ORIENTED_EDGE ( 'NONE', *, *, #4069, .F. ) ;
#2733 = DIRECTION ( 'NONE',  ( 0.000000000000000000, 1.000000000000000000, 0.000000000000000000 ) ) ;
#2734 = EDGE_CURVE ( 'NONE', #658, #5444, #3812, .T. ) ;
#2735 = CARTESIAN_POINT ( 'NONE',  ( 11.67191295719070787, -2.000000000000000000, 11.71706463833672274 ) ) ;
#2736 = ADVANCED_FACE ( 'NONE', ( #512 ), #1676, .T. ) ;
#2737 = VECTOR ( 'NONE', #5142, 1000.000000000000000 ) ;
#2738 = ORIENTED_EDGE ( 'NONE', *, *, #1462, .T. ) ;
#2739 = CARTESIAN_POINT ( 'NONE',  ( 11.67191295719070787, 0.000000000000000000, 2.165063509461098157 ) ) ;
#2740 = CARTESIAN_POINT ( 'NONE',  ( 23.00000000000000355, 0.000000000000000000, 25.00000000000001066 ) ) ;
#2741 = CARTESIAN_POINT ( 'NONE',  ( 16.71489119648838440, -5.000000000000000000, -9.106127583360004607 ) ) ;
#2742 = ORIENTED_EDGE ( 'NONE', *, *, #2627, .F. ) ;
#2743 = DIRECTION ( 'NONE',  ( 0.000000000000000000, 0.000000000000000000, 1.000000000000000000 ) ) ;
#2744 = DIRECTION ( 'NONE',  ( 1.000000000000000000, -0.000000000000000000, 0.000000000000000000 ) ) ;
#2745 = ORIENTED_EDGE ( 'NONE', *, *, #815, .T. ) ;
#2746 = ORIENTED_EDGE ( 'NONE', *, *, #2634, .F. ) ;
#2747 = FACE_OUTER_BOUND ( 'NONE', #1782, .T. ) ;
#2748 = ORIENTED_EDGE ( 'NONE', *, *, #3206, .T. ) ;
#2749 = VECTOR ( 'NONE', #1575, 999.9999999999998863 ) ;
#2750 = DIRECTION ( 'NONE',  ( 1.000000000000000000, 0.000000000000000000, 2.775557561562891351E-16 ) ) ;
#2751 = ORIENTED_EDGE ( 'NONE', *, *, #3721, .F. ) ;
#2752 = FACE_BOUND ( 'NONE', #4589, .T. ) ;
#2753 = VECTOR ( 'NONE', #2352, 1000.000000000000000 ) ;
#2754 = LINE ( 'NONE', #3092, #4917 ) ;
#2755 = AXIS2_PLACEMENT_3D ( 'NONE', #4735, #3078, #3101 ) ;
#2756 = VECTOR ( 'NONE', #41, 1000.000000000000227 ) ;
#2757 = DIRECTION ( 'NONE',  ( -2.775557561562891351E-16, 0.000000000000000000, 1.000000000000000000 ) ) ;
#2758 = CIRCLE ( 'NONE', #368, 1.000000000000000888 ) ;
#2759 = VECTOR ( 'NONE', #122, 1000.000000000000000 ) ;
#2760 = CARTESIAN_POINT ( 'NONE',  ( 3.680296900601067733, -2.000000000000000000, 2.124820406259771755 ) ) ;
#2761 = PLANE ( 'NONE',  #2945 ) ;
#2762 = ORIENTED_EDGE ( 'NONE', *, *, #647, .F. ) ;
#2763 = EDGE_CURVE ( 'NONE', #5030, #5080, #819, .T. ) ;
#2764 = FACE_OUTER_BOUND ( 'NONE', #3169, .T. ) ;
#2765 = CARTESIAN_POINT ( 'NONE',  ( 0.7499999999999870104, 0.000000000000000000, -13.44999999999999218 ) ) ;
#2766 = DIRECTION ( 'NONE',  ( 0.4999999999999997224, 0.000000000000000000, -0.8660254037844388186 ) ) ;
#2767 = EDGE_LOOP ( 'NONE', ( #2826, #4506 ) ) ;
#2768 =( NAMED_UNIT ( * ) SI_UNIT ( $, .STERADIAN. ) SOLID_ANGLE_UNIT ( ) );
#2769 = DIRECTION ( 'NONE',  ( -1.000000000000000000, 0.000000000000000000, -6.938893903907510790E-15 ) ) ;
#2770 = CARTESIAN_POINT ( 'NONE',  ( -11.25000000000001421, -2.000000000000000000, 7.286453133402096100E-15 ) ) ;
#2771 = ORIENTED_EDGE ( 'NONE', *, *, #4196, .T. ) ;
#2772 = CARTESIAN_POINT ( 'NONE',  ( 16.47923730601227277, -2.000000000000000000, -9.514292094665906419 ) ) ;
#2773 = CARTESIAN_POINT ( 'NONE',  ( -26.12893471789305266, -5.000000000000000000, 18.65812871223563363 ) ) ;
#2774 = VERTEX_POINT ( 'NONE', #1343 ) ;
#2775 = EDGE_CURVE ( 'NONE', #4263, #550, #398, .T. ) ;
#2776 = ORIENTED_EDGE ( 'NONE', *, *, #3486, .F. ) ;
#2777 = CARTESIAN_POINT ( 'NONE',  ( -27.42191295719072741, -5.000000000000000000, -13.88212814779781645 ) ) ;
#2778 = ORIENTED_EDGE ( 'NONE', *, *, #1229, .F. ) ;
#2779 = EDGE_CURVE ( 'NONE', #482, #560, #4227, .T. ) ;
#2780 = FACE_BOUND ( 'NONE', #4634, .T. ) ;
#2781 = VERTEX_POINT ( 'NONE', #426 ) ;
#2782 = AXIS2_PLACEMENT_3D ( 'NONE', #3411, #5160, #2999 ) ;
#2783 = ADVANCED_FACE ( 'NONE', ( #1700 ), #3363, .T. ) ;
#2784 = CARTESIAN_POINT ( 'NONE',  ( 4.128934717893025130, 0.000000000000000000, 4.776000564437814511 ) ) ;
#2785 = AXIS2_PLACEMENT_3D ( 'NONE', #2804, #3162, #1052 ) ;
#2786 = CARTESIAN_POINT ( 'NONE',  ( 16.71489119648838084, 0.000000000000000000, 22.98825573115782817 ) ) ;
#2787 = VECTOR ( 'NONE', #380, 999.9999999999998863 ) ;
#2788 = DIRECTION ( 'NONE',  ( 1.000000000000000000, 0.000000000000000000, 2.775557561562891351E-16 ) ) ;
#2789 = FACE_OUTER_BOUND ( 'NONE', #4616, .T. ) ;
#2790 = FACE_OUTER_BOUND ( 'NONE', #1123, .T. ) ;
#2791 = CIRCLE ( 'NONE', #397, 3.000000000000002665 ) ;
#2792 = VECTOR ( 'NONE', #5452, 1000.000000000000114 ) ;
#2793 = CARTESIAN_POINT ( 'NONE',  ( -27.42191295719072386, -5.000000000000000000, 13.88212814779782001 ) ) ;
#2794 = CARTESIAN_POINT ( 'NONE',  ( 11.67191295719070787, -2.000000000000000000, -11.71706463833671918 ) ) ;
#2795 = ORIENTED_EDGE ( 'NONE', *, *, #2420, .T. ) ;
#2796 = ADVANCED_FACE ( 'NONE', ( #3789 ), #3041, .F. ) ;
#2797 = CYLINDRICAL_SURFACE ( 'NONE', #1921, 1.449999999999999956 ) ;
#2798 = DIRECTION ( 'NONE',  ( 0.000000000000000000, 0.000000000000000000, 1.000000000000000000 ) ) ;
#2799 = DIRECTION ( 'NONE',  ( -6.938893903907227145E-17, 0.000000000000000000, -1.000000000000000000 ) ) ;
#2800 = EDGE_CURVE ( 'NONE', #3572, #470, #4203, .T. ) ;
#2801 = ORIENTED_EDGE ( 'NONE', *, *, #2269, .T. ) ;
#2802 = EDGE_CURVE ( 'NONE', #1840, #4808, #2620, .T. ) ;
#2803 = CARTESIAN_POINT ( 'NONE',  ( -32.42191295719072741, 0.000000000000000000, -13.88212814779781645 ) ) ;
#2804 = CARTESIAN_POINT ( 'NONE',  ( 0.7499999999999867883, -5.000000000000000000, 11.99999999999999112 ) ) ;
#2805 = VERTEX_POINT ( 'NONE', #3873 ) ;
#2806 = ADVANCED_FACE ( 'NONE', ( #63 ), #5058, .T. ) ;
#2807 = AXIS2_PLACEMENT_3D ( 'NONE', #3609, #1499, #3182 ) ;
#2808 = ORIENTED_EDGE ( 'NONE', *, *, #3250, .F. ) ;
#2809 = DIRECTION ( 'NONE',  ( 0.000000000000000000, 1.000000000000000000, 0.000000000000000000 ) ) ;
#2810 = ORIENTED_EDGE ( 'NONE', *, *, #3372, .F. ) ;
#2811 = EDGE_CURVE ( 'NONE', #5438, #2165, #5, .T. ) ;
#2812 = PLANE ( 'NONE',  #4297 ) ;
#2813 = ORIENTED_EDGE ( 'NONE', *, *, #2235, .F. ) ;
#2814 = CARTESIAN_POINT ( 'NONE',  ( 1.276104540435131672E-15, -2.000000000000000000, 22.98825573115782817 ) ) ;
#2815 = VECTOR ( 'NONE', #1887, 1000.000000000000000 ) ;
#2816 = ADVANCED_FACE ( 'NONE', ( #2121 ), #1758, .F. ) ;
#2817 = CARTESIAN_POINT ( 'NONE',  ( 16.71489119648838440, -2.000000000000000000, -9.106127583360004607 ) ) ;
#2818 = LINE ( 'NONE', #4118, #2258 ) ;
#2819 = FACE_OUTER_BOUND ( 'NONE', #4637, .T. ) ;
#2820 = DIRECTION ( 'NONE',  ( 0.000000000000000000, 1.000000000000000000, 0.000000000000000000 ) ) ;
#2821 =( NAMED_UNIT ( * ) PLANE_ANGLE_UNIT ( ) SI_UNIT ( $, .RADIAN. ) );
#2822 = DIRECTION ( 'NONE',  ( 0.000000000000000000, 1.000000000000000000, -0.000000000000000000 ) ) ;
#2823 = DIRECTION ( 'NONE',  ( -2.775557561562891351E-16, 0.000000000000000000, 1.000000000000000000 ) ) ;
#2824 = VERTEX_POINT ( 'NONE', #4311 ) ;
#2825 = CARTESIAN_POINT ( 'NONE',  ( 17.96489119648838440, 0.000000000000000000, 6.941064073898911779 ) ) ;
#2826 = ORIENTED_EDGE ( 'NONE', *, *, #2331, .T. ) ;
#2827 = ORIENTED_EDGE ( 'NONE', *, *, #4300, .F. ) ;
#2828 = DIRECTION ( 'NONE',  ( 0.000000000000000000, 1.000000000000000000, 0.000000000000000000 ) ) ;
#2829 = LINE ( 'NONE', #4550, #757 ) ;
#2830 = EDGE_CURVE ( 'NONE', #2663, #797, #2562, .T. ) ;
#2831 = EDGE_LOOP ( 'NONE', ( #3227, #2912, #1167, #1943 ) ) ;
#2832 = ORIENTED_EDGE ( 'NONE', *, *, #3259, .F. ) ;
#2833 = PLANE ( 'NONE',  #833 ) ;
#2834 = ORIENTED_EDGE ( 'NONE', *, *, #837, .F. ) ;
#2835 = DIRECTION ( 'NONE',  ( 0.000000000000000000, 1.000000000000000000, -0.000000000000000000 ) ) ;
#2836 = ORIENTED_EDGE ( 'NONE', *, *, #1039, .T. ) ;
#2837 = CYLINDRICAL_SURFACE ( 'NONE', #452, 1.399999999999998579 ) ;
#2838 = EDGE_CURVE ( 'NONE', #3547, #1964, #4255, .T. ) ;
#2839 = VECTOR ( 'NONE', #4545, 1000.000000000000000 ) ;
#2840 = EDGE_CURVE ( 'NONE', #1920, #156, #1643, .T. ) ;
#2841 = EDGE_CURVE ( 'NONE', #3905, #4130, #3423, .T. ) ;
#2842 = CARTESIAN_POINT ( 'NONE',  ( -31.17191295719072386, -5.000000000000000000, 11.71706463833672274 ) ) ;
#2843 = VECTOR ( 'NONE', #346, 999.9999999999998863 ) ;
#2844 = DIRECTION ( 'NONE',  ( -1.000000000000000000, 0.000000000000000000, 5.551115123125782702E-17 ) ) ;
#2845 = CARTESIAN_POINT ( 'NONE',  ( 6.628934717893026018, 0.000000000000000000, 18.65812871223563008 ) ) ;
#2846 = LINE ( 'NONE', #1205, #780 ) ;
#2847 = EDGE_CURVE ( 'NONE', #3334, #3880, #4333, .T. ) ;
#2848 = LINE ( 'NONE', #4124, #4094 ) ;
#2849 = VECTOR ( 'NONE', #4849, 1000.000000000000000 ) ;
#2850 = CARTESIAN_POINT ( 'NONE',  ( 0.000000000000000000, -2.000000000000000000, -27.99999999999999645 ) ) ;
#2851 = FACE_OUTER_BOUND ( 'NONE', #3840, .T. ) ;
#2852 = EDGE_CURVE ( 'NONE', #588, #4349, #2228, .T. ) ;
#2853 = ADVANCED_FACE ( 'NONE', ( #3929, #119, #1900, #1813, #957, #3170, #4751, #536, #2725, #5200, #3537, #4424, #1060, #5228, #2645, #3115, #1397, #4455, #4365, #3091, #5169, #170, #2752, #4809, #4780, #648, #565, #980, #1368 ), #3900, .F. ) ;
#2854 = EDGE_CURVE ( 'NONE', #2206, #5000, #4395, .T. ) ;
#2855 = DIRECTION ( 'NONE',  ( -5.551115123125782702E-17, 0.000000000000000000, -1.000000000000000000 ) ) ;
#2856 = ORIENTED_EDGE ( 'NONE', *, *, #20, .T. ) ;
#2857 = PRESENTATION_LAYER_ASSIGNMENT (  '', '', ( #3296 ) ) ;
#2858 = EDGE_LOOP ( 'NONE', ( #4798, #4585, #720, #5298, #3700, #2186 ) ) ;
#2859 = LINE ( 'NONE', #1662, #5180 ) ;
#2860 = DIRECTION ( 'NONE',  ( -0.5000000000000001110, 0.000000000000000000, -0.8660254037844387076 ) ) ;
#2861 = ORIENTED_EDGE ( 'NONE', *, *, #1932, .T. ) ;
#2862 = DIRECTION ( 'NONE',  ( 1.000000000000000000, 0.000000000000000000, 2.775557561562891351E-16 ) ) ;
#2863 = ORIENTED_EDGE ( 'NONE', *, *, #2913, .T. ) ;
#2864 = EDGE_CURVE ( 'NONE', #2886, #4320, #4841, .T. ) ;
#2865 = LINE ( 'NONE', #2450, #2871 ) ;
#2866 = ORIENTED_EDGE ( 'NONE', *, *, #2056, .F. ) ;
#2867 = DIRECTION ( 'NONE',  ( -2.775557561562891351E-16, 0.000000000000000000, 1.000000000000000000 ) ) ;
#2868 = ORIENTED_EDGE ( 'NONE', *, *, #2332, .F. ) ;
#2869 = CARTESIAN_POINT ( 'NONE',  ( 7.921912957190708759, 0.000000000000000000, 13.88212814779782001 ) ) ;
#2870 = EDGE_CURVE ( 'NONE', #3982, #2937, #146, .T. ) ;
#2871 = VECTOR ( 'NONE', #2894, 1000.000000000000000 ) ;
#2872 = CARTESIAN_POINT ( 'NONE',  ( 9.171912957190709648, -5.000000000000000000, 16.04719165725891727 ) ) ;
#2873 = EDGE_LOOP ( 'NONE', ( #1498, #1967, #436, #3624 ) ) ;
#2874 = DIRECTION ( 'NONE',  ( 0.000000000000000000, 0.000000000000000000, -1.000000000000000000 ) ) ;
#2875 = EDGE_CURVE ( 'NONE', #3334, #3759, #4119, .T. ) ;
#2876 = DIRECTION ( 'NONE',  ( 0.8660254037844387076, 0.000000000000000000, -0.5000000000000001110 ) ) ;
#2877 = AXIS2_PLACEMENT_3D ( 'NONE', #4522, #1239, #1158 ) ;
#2878 = LINE ( 'NONE', #3265, #3167 ) ;
#2879 = CARTESIAN_POINT ( 'NONE',  ( -31.17191295719073096, 0.000000000000000000, -16.04719165725891372 ) ) ;
#2880 = CARTESIAN_POINT ( 'NONE',  ( 16.71489119648838440, 0.000000000000000000, 22.98825573115782461 ) ) ;
#2881 = LINE ( 'NONE', #4572, #4697 ) ;
#2882 = DIRECTION ( 'NONE',  ( -0.5000000000000001110, 0.000000000000000000, 0.8660254037844387076 ) ) ;
#2883 = VECTOR ( 'NONE', #5467, 1000.000000000000000 ) ;
#2884 = ORIENTED_EDGE ( 'NONE', *, *, #3317, .T. ) ;
#2885 = VECTOR ( 'NONE', #2671, 1000.000000000000000 ) ;
#2886 = VERTEX_POINT ( 'NONE', #2286 ) ;
#2887 = VECTOR ( 'NONE', #3, 1000.000000000000227 ) ;
#2888 = CARTESIAN_POINT ( 'NONE',  ( 8.914769947065753541, -2.000000000000000000, 5.146944828701998098 ) ) ;
#2889 = DIRECTION ( 'NONE',  ( 0.000000000000000000, 0.000000000000000000, 1.000000000000000000 ) ) ;
#2890 = ORIENTED_EDGE ( 'NONE', *, *, #1524, .T. ) ;
#2891 = VECTOR ( 'NONE', #5061, 1000.000000000000000 ) ;
#2892 = CARTESIAN_POINT ( 'NONE',  ( -27.42191295719072386, 0.000000000000000000, 3.181541164974270327E-15 ) ) ;
#2893 = ORIENTED_EDGE ( 'NONE', *, *, #1825, .F. ) ;
#2894 = DIRECTION ( 'NONE',  ( -1.000000000000000000, 0.000000000000000000, 5.551115123125782702E-17 ) ) ;
#2895 = VERTEX_POINT ( 'NONE', #1033 ) ;
#2896 = DIRECTION ( 'NONE',  ( 0.000000000000000000, 1.000000000000000000, -0.000000000000000000 ) ) ;
#2897 = ORIENTED_EDGE ( 'NONE', *, *, #3603, .F. ) ;
#2898 = DIRECTION ( 'NONE',  ( 0.000000000000000000, 1.000000000000000000, 0.000000000000000000 ) ) ;
#2899 = VECTOR ( 'NONE', #3400, 1000.000000000000000 ) ;
#2900 = CARTESIAN_POINT ( 'NONE',  ( 11.67191295719070787, -2.000000000000000000, -16.04719165725891372 ) ) ;
#2901 = ORIENTED_EDGE ( 'NONE', *, *, #4060, .F. ) ;
#2902 = ADVANCED_FACE ( 'NONE', ( #620 ), #3983, .F. ) ;
#2903 = CARTESIAN_POINT ( 'NONE',  ( 21.00000000000001066, -2.000000000000000000, -20.35999999999977916 ) ) ;
#2904 = CARTESIAN_POINT ( 'NONE',  ( -23.62893471789305622, 0.000000000000000000, 18.65812871223563008 ) ) ;
#2905 = DIRECTION ( 'NONE',  ( -0.5000000000000000000, 0.000000000000000000, -0.8660254037844385966 ) ) ;
#2906 = DIRECTION ( 'NONE',  ( 0.000000000000000000, 1.000000000000000000, 0.000000000000000000 ) ) ;
#2907 = DIRECTION ( 'NONE',  ( 0.000000000000000000, 0.000000000000000000, 1.000000000000000000 ) ) ;
#2908 = AXIS2_PLACEMENT_3D ( 'NONE', #2461, #4149, #1625 ) ;
#2909 = DIRECTION ( 'NONE',  ( -1.000000000000000000, 0.000000000000000000, 5.551115123125782702E-17 ) ) ;
#2910 = CARTESIAN_POINT ( 'NONE',  ( -42.50000000000000000, 0.000000000000000000, -24.99999999999997868 ) ) ;
#2911 = EDGE_LOOP ( 'NONE', ( #2153, #2243, #1639, #1852 ) ) ;
#2912 = ORIENTED_EDGE ( 'NONE', *, *, #2428, .T. ) ;
#2913 = EDGE_CURVE ( 'NONE', #974, #3592, #487, .T. ) ;
#2914 = CARTESIAN_POINT ( 'NONE',  ( -7.207021760702333246, 0.000000000000000000, 20.82319222169673267 ) ) ;
#2915 = EDGE_CURVE ( 'NONE', #3220, #2386, #3482, .T. ) ;
#2916 = EDGE_CURVE ( 'NONE', #304, #4911, #1124, .T. ) ;
#2917 = DIRECTION ( 'NONE',  ( 0.000000000000000000, 1.000000000000000000, -0.000000000000000000 ) ) ;
#2918 = ORIENTED_EDGE ( 'NONE', *, *, #3179, .T. ) ;
#2919 = DIRECTION ( 'NONE',  ( 0.000000000000000000, 1.000000000000000000, -0.000000000000000000 ) ) ;
#2920 = VERTEX_POINT ( 'NONE', #2869 ) ;
#2921 = DIRECTION ( 'NONE',  ( 0.000000000000000000, 0.000000000000000000, 1.000000000000000000 ) ) ;
#2922 = ORIENTED_EDGE ( 'NONE', *, *, #155, .F. ) ;
#2923 = DIRECTION ( 'NONE',  ( 0.000000000000000000, 1.000000000000000000, -0.000000000000000000 ) ) ;
#2924 = ORIENTED_EDGE ( 'NONE', *, *, #4843, .F. ) ;
#2925 = FACE_OUTER_BOUND ( 'NONE', #3755, .T. ) ;
#2926 = CARTESIAN_POINT ( 'NONE',  ( -32.42191295719072741, -5.000000000000000000, 3.196152700731393163E-15 ) ) ;
#2927 = ORIENTED_EDGE ( 'NONE', *, *, #1649, .T. ) ;
#2928 = DIRECTION ( 'NONE',  ( 0.000000000000000000, 0.000000000000000000, 1.000000000000000000 ) ) ;
#2929 = CARTESIAN_POINT ( 'NONE',  ( -2.651212896130800173E-16, -2.000000000000000000, -4.776000564437810070 ) ) ;
#2930 = DIRECTION ( 'NONE',  ( 0.000000000000000000, 1.000000000000000000, -0.000000000000000000 ) ) ;
#2931 = CARTESIAN_POINT ( 'NONE',  ( 9.171912957190709648, -5.000000000000000000, 2.165063509461099489 ) ) ;
#2932 = EDGE_CURVE ( 'NONE', #4937, #4299, #1928, .T. ) ;
#2933 = CARTESIAN_POINT ( 'NONE',  ( 9.171912957190709648, -5.000000000000000000, 16.04719165725891727 ) ) ;
#2934 = VERTEX_POINT ( 'NONE', #4976 ) ;
#2935 = VECTOR ( 'NONE', #4772, 1000.000000000000000 ) ;
#2936 = AXIS2_PLACEMENT_3D ( 'NONE', #1980, #3285, #1594 ) ;
#2937 = VERTEX_POINT ( 'NONE', #2340 ) ;
#2938 = VECTOR ( 'NONE', #2578, 1000.000000000000000 ) ;
#2939 = DIRECTION ( 'NONE',  ( 0.000000000000000000, 1.000000000000000000, 0.000000000000000000 ) ) ;
#2940 = LINE ( 'NONE', #777, #2161 ) ;
#2941 = VECTOR ( 'NONE', #413, 1000.000000000000000 ) ;
#2942 = VECTOR ( 'NONE', #1875, 1000.000000000000000 ) ;
#2943 = EDGE_LOOP ( 'NONE', ( #4946, #2666, #2144, #3433 ) ) ;
#2944 = CARTESIAN_POINT ( 'NONE',  ( 17.00000000000001066, -2.000000000000000000, -16.35999999999977916 ) ) ;
#2945 = AXIS2_PLACEMENT_3D ( 'NONE', #652, #4815, #3571 ) ;
#2946 = EDGE_LOOP ( 'NONE', ( #3976, #1715, #1249, #4029 ) ) ;
#2947 = CARTESIAN_POINT ( 'NONE',  ( -37.46489119648840926, 0.000000000000000000, -6.941064073898908227 ) ) ;
#2948 = ORIENTED_EDGE ( 'NONE', *, *, #1871, .T. ) ;
#2949 = EDGE_CURVE ( 'NONE', #1303, #3058, #5393, .T. ) ;
#2950 = CARTESIAN_POINT ( 'NONE',  ( -33.71489119648840926, -5.000000000000000000, 18.65812871223563008 ) ) ;
#2951 = ORIENTED_EDGE ( 'NONE', *, *, #473, .T. ) ;
#2952 = ORIENTED_EDGE ( 'NONE', *, *, #126, .T. ) ;
#2953 = CARTESIAN_POINT ( 'NONE',  ( 12.92191295719070965, 0.000000000000000000, 3.181541164974270327E-15 ) ) ;
#2954 = ORIENTED_EDGE ( 'NONE', *, *, #5413, .F. ) ;
#2955 = CARTESIAN_POINT ( 'NONE',  ( 16.71489119648838440, -5.000000000000000000, 18.65812871223563008 ) ) ;
#2956 = CARTESIAN_POINT ( 'NONE',  ( -28.67191295719072386, -2.000000000000000000, 16.04719165725891727 ) ) ;
#2957 = DIRECTION ( 'NONE',  ( 0.000000000000000000, 1.000000000000000000, -0.000000000000000000 ) ) ;
#2958 = AXIS2_PLACEMENT_3D ( 'NONE', #5419, #1220, #4109 ) ;
#2959 = DIRECTION ( 'NONE',  ( -1.000000000000000000, 0.000000000000000000, 5.551115123125782702E-17 ) ) ;
#2960 = EDGE_LOOP ( 'NONE', ( #1892, #4603, #2049, #3998 ) ) ;
#2961 = ORIENTED_EDGE ( 'NONE', *, *, #1450, .F. ) ;
#2962 = DIRECTION ( 'NONE',  ( 0.4999999999999997224, 0.000000000000000000, -0.8660254037844387076 ) ) ;
#2963 = AXIS2_PLACEMENT_3D ( 'NONE', #2770, #3526, #5240 ) ;
#2964 = PLANE ( 'NONE',  #1469 ) ;
#2965 = VECTOR ( 'NONE', #1074, 1000.000000000000000 ) ;
#2966 = ORIENTED_EDGE ( 'NONE', *, *, #423, .T. ) ;
#2967 = ADVANCED_FACE ( 'NONE', ( #1978, #1093 ), #1199, .F. ) ;
#2968 = CARTESIAN_POINT ( 'NONE',  ( 0.7499999999999867883, -5.000000000000000000, -11.99999999999999112 ) ) ;
#2969 = FACE_OUTER_BOUND ( 'NONE', #3714, .T. ) ;
#2970 = VECTOR ( 'NONE', #4864, 1000.000000000000000 ) ;
#2971 = CIRCLE ( 'NONE', #3597, 1.449999999999999956 ) ;
#2972 = EDGE_CURVE ( 'NONE', #3531, #363, #3197, .T. ) ;
#2973 = VERTEX_POINT ( 'NONE', #1170 ) ;
#2974 = UNCERTAINTY_MEASURE_WITH_UNIT (LENGTH_MEASURE( 1.000000000000000082E-05 ), #737, 'distance_accuracy_value', 'NONE');
#2975 = AXIS2_PLACEMENT_3D ( 'NONE', #5468, #5047, #3074 ) ;
#2976 = DIRECTION ( 'NONE',  ( -1.000000000000000000, 0.000000000000000000, 5.551115123125782702E-17 ) ) ;
#2977 = VERTEX_POINT ( 'NONE', #4560 ) ;
#2978 = EDGE_CURVE ( 'NONE', #1169, #439, #756, .T. ) ;
#2979 = CARTESIAN_POINT ( 'NONE',  ( -33.71489119648840926, 0.000000000000000000, 22.98825573115782461 ) ) ;
#2980 = VERTEX_POINT ( 'NONE', #226 ) ;
#2981 = ORIENTED_EDGE ( 'NONE', *, *, #1653, .F. ) ;
#2982 = EDGE_CURVE ( 'NONE', #1300, #5000, #1952, .T. ) ;
#2983 = CIRCLE ( 'NONE', #409, 2.499999999999998668 ) ;
#2984 = CARTESIAN_POINT ( 'NONE',  ( -31.17191295719072386, 0.000000000000000000, 11.71706463833672274 ) ) ;
#2985 = ORIENTED_EDGE ( 'NONE', *, *, #2847, .T. ) ;
#2986 = DIRECTION ( 'NONE',  ( 0.000000000000000000, 1.000000000000000000, -0.000000000000000000 ) ) ;
#2987 = CARTESIAN_POINT ( 'NONE',  ( 11.67191295719070787, -5.000000000000000000, -16.04719165725891372 ) ) ;
#2988 = DIRECTION ( 'NONE',  ( -0.5000000000000001110, 0.000000000000000000, 0.8660254037844387076 ) ) ;
#2989 = ORIENTED_EDGE ( 'NONE', *, *, #67, .T. ) ;
#2990 = CARTESIAN_POINT ( 'NONE',  ( -26.12893471789305266, 0.000000000000000000, 18.65812871223563363 ) ) ;
#2991 = EDGE_LOOP ( 'NONE', ( #4851, #1424, #2509, #3190 ) ) ;
#2992 = VERTEX_POINT ( 'NONE', #2784 ) ;
#2993 = CARTESIAN_POINT ( 'NONE',  ( 12.92191295719070965, 0.000000000000000000, 13.88212814779782001 ) ) ;
#2994 = LINE ( 'NONE', #4677, #1728 ) ;
#2995 = ORIENTED_EDGE ( 'NONE', *, *, #427, .F. ) ;
#2996 = PLANE ( 'NONE',  #679 ) ;
#2997 = CARTESIAN_POINT ( 'NONE',  ( 20.00000000000000355, -2.000000000000000000, 28.00000000000001066 ) ) ;
#2998 = VERTEX_POINT ( 'NONE', #3625 ) ;
#2999 = DIRECTION ( 'NONE',  ( 0.000000000000000000, 0.000000000000000000, 1.000000000000000000 ) ) ;
#3000 = VERTEX_POINT ( 'NONE', #4068 ) ;
#3001 = LINE ( 'NONE', #2979, #2311 ) ;
#3002 = ORIENTED_EDGE ( 'NONE', *, *, #257, .T. ) ;
#3003 = DIRECTION ( 'NONE',  ( 0.000000000000000000, 0.000000000000000000, 1.000000000000000000 ) ) ;
#3004 = VERTEX_POINT ( 'NONE', #3729 ) ;
#3005 = PLANE ( 'NONE',  #2339 ) ;
#3006 = EDGE_CURVE ( 'NONE', #3945, #3000, #2454, .T. ) ;
#3007 = AXIS2_PLACEMENT_3D ( 'NONE', #3513, #201, #5201 ) ;
#3008 = CARTESIAN_POINT ( 'NONE',  ( -26.12893471789304911, -5.000000000000000000, 22.98825573115782817 ) ) ;
#3009 = ORIENTED_EDGE ( 'NONE', *, *, #3486, .T. ) ;
#3010 = CARTESIAN_POINT ( 'NONE',  ( -32.42191295719072741, -5.000000000000000000, -13.88212814779781645 ) ) ;
#3011 = CARTESIAN_POINT ( 'NONE',  ( 7.921912957190708759, -5.000000000000000000, 13.88212814779782001 ) ) ;
#3012 = ADVANCED_FACE ( 'NONE', ( #4897 ), #2837, .F. ) ;
#3013 = CARTESIAN_POINT ( 'NONE',  ( 11.67191295719070787, -2.000000000000000000, -2.165063509461094604 ) ) ;
#3014 = ORIENTED_EDGE ( 'NONE', *, *, #3259, .T. ) ;
#3015 = LINE ( 'NONE', #3045, #4702 ) ;
#3016 = ORIENTED_EDGE ( 'NONE', *, *, #2373, .F. ) ;
#3017 = EDGE_LOOP ( 'NONE', ( #39, #2657, #2215, #3009 ) ) ;
#3018 = CARTESIAN_POINT ( 'NONE',  ( 17.00000000000000711, -2.000000000000000000, -21.35999999999977916 ) ) ;
#3019 = AXIS2_PLACEMENT_3D ( 'NONE', #2262, #1401, #3570 ) ;
#3020 = EDGE_CURVE ( 'NONE', #5193, #3297, #1511, .T. ) ;
#3021 = CARTESIAN_POINT ( 'NONE',  ( -17.29297823929769251, -5.000000000000000000, 20.82319222169673267 ) ) ;
#3022 = ADVANCED_FACE ( 'NONE', ( #5339 ), #1542, .T. ) ;
#3023 = EDGE_CURVE ( 'NONE', #4575, #1226, #4925, .T. ) ;
#3024 = VECTOR ( 'NONE', #2075, 1000.000000000000227 ) ;
#3025 = EDGE_LOOP ( 'NONE', ( #1771, #2587, #4136, #2125 ) ) ;
#3026 = LINE ( 'NONE', #2158, #56 ) ;
#3027 = CARTESIAN_POINT ( 'NONE',  ( 3.680296900601069510, -2.000000000000000000, -2.124820406259772199 ) ) ;
#3028 = ORIENTED_EDGE ( 'NONE', *, *, #1629, .T. ) ;
#3029 = AXIS2_PLACEMENT_3D ( 'NONE', #2150, #4262, #3878 ) ;
#3030 = CARTESIAN_POINT ( 'NONE',  ( -32.42191295719072741, -2.000000000000000000, 13.88212814779782001 ) ) ;
#3031 = VERTEX_POINT ( 'NONE', #703 ) ;
#3032 = CIRCLE ( 'NONE', #636, 1.449999999999999956 ) ;
#3033 = CARTESIAN_POINT ( 'NONE',  ( 4.128934717893026907, 0.000000000000000000, 22.98825573115782817 ) ) ;
#3034 = ORIENTED_EDGE ( 'NONE', *, *, #405, .F. ) ;
#3035 = EDGE_CURVE ( 'NONE', #5188, #2193, #2395, .T. ) ;
#3036 = ORIENTED_EDGE ( 'NONE', *, *, #5347, .T. ) ;
#3037 = LINE ( 'NONE', #3870, #1008 ) ;
#3038 = CYLINDRICAL_SURFACE ( 'NONE', #3326, 2.999999999999999112 ) ;
#3039 = ORIENTED_EDGE ( 'NONE', *, *, #4477, .F. ) ;
#3040 = ADVANCED_FACE ( 'NONE', ( #4091 ), #2008, .T. ) ;
#3041 = PLANE ( 'NONE',  #1280 ) ;
#3042 = CARTESIAN_POINT ( 'NONE',  ( 17.00000000000000711, 0.000000000000000000, -21.35999999999977916 ) ) ;
#3043 = ADVANCED_FACE ( 'NONE', ( #731 ), #2067, .T. ) ;
#3044 = CARTESIAN_POINT ( 'NONE',  ( 0.7499999999999870104, -5.000000000000000000, -13.44999999999999218 ) ) ;
#3045 = CARTESIAN_POINT ( 'NONE',  ( -36.21489119648840926, 0.000000000000000000, -4.776000564437811846 ) ) ;
#3046 = ORIENTED_EDGE ( 'NONE', *, *, #4689, .T. ) ;
#3047 = CARTESIAN_POINT ( 'NONE',  ( 1.201851678989728063E-16, -2.000000000000000000, 2.165063509461097713 ) ) ;
#3048 = DIRECTION ( 'NONE',  ( -2.775557561562891351E-16, 0.000000000000000000, 1.000000000000000000 ) ) ;
#3049 = VECTOR ( 'NONE', #3620, 1000.000000000000000 ) ;
#3050 = ORIENTED_EDGE ( 'NONE', *, *, #5316, .T. ) ;
#3051 = DIRECTION ( 'NONE',  ( 0.000000000000000000, 0.000000000000000000, 1.000000000000000000 ) ) ;
#3052 = CARTESIAN_POINT ( 'NONE',  ( 16.71489119648838440, -5.000000000000000000, -9.106127583360004607 ) ) ;
#3053 = VECTOR ( 'NONE', #161, 1000.000000000000000 ) ;
#3054 = ORIENTED_EDGE ( 'NONE', *, *, #3006, .F. ) ;
#3055 = DIRECTION ( 'NONE',  ( 0.000000000000000000, 1.000000000000000000, -0.000000000000000000 ) ) ;
#3056 = VERTEX_POINT ( 'NONE', #3335 ) ;
#3057 = DIRECTION ( 'NONE',  ( 1.000000000000000000, 0.000000000000000000, 2.775557561562891351E-16 ) ) ;
#3058 = VERTEX_POINT ( 'NONE', #1224 ) ;
#3059 = AXIS2_PLACEMENT_3D ( 'NONE', #3554, #1442, #5267 ) ;
#3060 = ORIENTED_EDGE ( 'NONE', *, *, #3837, .T. ) ;
#3061 = VECTOR ( 'NONE', #4669, 1000.000000000000000 ) ;
#3062 = VECTOR ( 'NONE', #3683, 1000.000000000000114 ) ;
#3063 = DIRECTION ( 'NONE',  ( 0.000000000000000000, 1.000000000000000000, 0.000000000000000000 ) ) ;
#3064 = CARTESIAN_POINT ( 'NONE',  ( -31.17191295719072386, -2.000000000000000000, 11.71706463833672274 ) ) ;
#3065 = ORIENTED_EDGE ( 'NONE', *, *, #1230, .F. ) ;
#3066 = DIRECTION ( 'NONE',  ( 0.4999999999999999445, 0.000000000000000000, 0.8660254037844387076 ) ) ;
#3067 = CARTESIAN_POINT ( 'NONE',  ( 20.00000000000000355, -2.000000000000000000, 25.00000000000001066 ) ) ;
#3068 = ADVANCED_FACE ( 'NONE', ( #2925 ), #786, .T. ) ;
#3069 = CARTESIAN_POINT ( 'NONE',  ( -39.00000000000000711, -2.000000000000000000, -23.10000000000000853 ) ) ;
#3070 = CARTESIAN_POINT ( 'NONE',  ( -27.37893471789305266, -5.000000000000000000, 20.82319222169673267 ) ) ;
#3071 = DIRECTION ( 'NONE',  ( 0.4999999999999999445, 0.000000000000000000, 0.8660254037844387076 ) ) ;
#3072 = EDGE_LOOP ( 'NONE', ( #2304, #4519, #752, #5213 ) ) ;
#3073 = DIRECTION ( 'NONE',  ( 1.000000000000000000, 0.000000000000000000, 0.000000000000000000 ) ) ;
#3074 = DIRECTION ( 'NONE',  ( 0.000000000000000000, 0.000000000000000000, 1.000000000000000000 ) ) ;
#3075 = VERTEX_POINT ( 'NONE', #5451 ) ;
#3076 = LINE ( 'NONE', #5185, #501 ) ;
#3077 = AXIS2_PLACEMENT_3D ( 'NONE', #4825, #4936, #1079 ) ;
#3078 = DIRECTION ( 'NONE',  ( 0.8660254037844388186, 0.000000000000000000, 0.4999999999999997780 ) ) ;
#3079 = EDGE_LOOP ( 'NONE', ( #979, #755, #2237, #2742 ) ) ;
#3080 = EDGE_CURVE ( 'NONE', #5290, #249, #1959, .T. ) ;
#3081 = EDGE_CURVE ( 'NONE', #5466, #653, #202, .T. ) ;
#3082 = LINE ( 'NONE', #23, #209 ) ;
#3083 = VERTEX_POINT ( 'NONE', #3931 ) ;
#3084 = CARTESIAN_POINT ( 'NONE',  ( -36.21489119648840926, -5.000000000000000000, 22.98825573115782817 ) ) ;
#3085 = VERTEX_POINT ( 'NONE', #1428 ) ;
#3086 = ORIENTED_EDGE ( 'NONE', *, *, #5155, .T. ) ;
#3087 = CYLINDRICAL_SURFACE ( 'NONE', #3395, 1.399999999999995026 ) ;
#3088 = ORIENTED_EDGE ( 'NONE', *, *, #3353, .T. ) ;
#3089 = DIRECTION ( 'NONE',  ( 0.000000000000000000, 0.000000000000000000, 1.000000000000000000 ) ) ;
#3090 = ORIENTED_EDGE ( 'NONE', *, *, #1870, .T. ) ;
#3091 = FACE_BOUND ( 'NONE', #4065, .T. ) ;
#3092 = CARTESIAN_POINT ( 'NONE',  ( 14.21489119648838262, -5.000000000000000000, -9.106127583360002831 ) ) ;
#3093 = LINE ( 'NONE', #4782, #1161 ) ;
#3094 = CARTESIAN_POINT ( 'NONE',  ( -32.42191295719072741, -5.000000000000000000, -13.88212814779781645 ) ) ;
#3095 = DIRECTION ( 'NONE',  ( 0.000000000000000000, 1.000000000000000000, -0.000000000000000000 ) ) ;
#3096 = VERTEX_POINT ( 'NONE', #5174 ) ;
#3097 = PLANE ( 'NONE',  #3820 ) ;
#3098 = LINE ( 'NONE', #4905, #2965 ) ;
#3099 = ORIENTED_EDGE ( 'NONE', *, *, #5397, .F. ) ;
#3100 = CARTESIAN_POINT ( 'NONE',  ( -39.49999999999996447, 0.000000000000000000, 28.00000000000000711 ) ) ;
#3101 = DIRECTION ( 'NONE',  ( 0.4999999999999997224, 0.000000000000000000, -0.8660254037844387076 ) ) ;
#3102 = CARTESIAN_POINT ( 'NONE',  ( 20.00000000000000355, 0.000000000000000000, 25.00000000000001066 ) ) ;
#3103 = VECTOR ( 'NONE', #4726, 1000.000000000000000 ) ;
#3104 = ORIENTED_EDGE ( 'NONE', *, *, #155, .T. ) ;
#3105 = CARTESIAN_POINT ( 'NONE',  ( 2.878934717893027795, 0.000000000000000000, -6.941064073898906450 ) ) ;
#3106 = DIRECTION ( 'NONE',  ( -0.8660254037844387076, 0.000000000000000000, 0.4999999999999999445 ) ) ;
#3107 = ORIENTED_EDGE ( 'NONE', *, *, #250, .T. ) ;
#3108 = VERTEX_POINT ( 'NONE', #3986 ) ;
#3109 = ORIENTED_EDGE ( 'NONE', *, *, #2779, .F. ) ;
#3110 = AXIS2_PLACEMENT_3D ( 'NONE', #311, #5007, #3231 ) ;
#3111 = DIRECTION ( 'NONE',  ( -2.775557561562891351E-16, 0.000000000000000000, 1.000000000000000000 ) ) ;
#3112 = ORIENTED_EDGE ( 'NONE', *, *, #3186, .F. ) ;
#3113 = CARTESIAN_POINT ( 'NONE',  ( 16.71489119648838440, 0.000000000000000000, 9.106127583360008160 ) ) ;
#3114 = ORIENTED_EDGE ( 'NONE', *, *, #235, .T. ) ;
#3115 = FACE_BOUND ( 'NONE', #1394, .T. ) ;
#3116 = VECTOR ( 'NONE', #5018, 1000.000000000000000 ) ;
#3117 = CARTESIAN_POINT ( 'NONE',  ( -13.54297823929769429, 0.000000000000000000, 22.98825573115782817 ) ) ;
#3118 = DIRECTION ( 'NONE',  ( 1.000000000000000000, 0.000000000000000000, 2.775557561562891351E-16 ) ) ;
#3119 = FACE_OUTER_BOUND ( 'NONE', #2416, .T. ) ;
#3120 = DIRECTION ( 'NONE',  ( 0.000000000000000000, 1.000000000000000000, -0.000000000000000000 ) ) ;
#3121 = ORIENTED_EDGE ( 'NONE', *, *, #1260, .T. ) ;
#3122 = LINE ( 'NONE', #654, #2849 ) ;
#3123 = LINE ( 'NONE', #2268, #668 ) ;
#3124 = ORIENTED_EDGE ( 'NONE', *, *, #4528, .T. ) ;
#3125 =( NAMED_UNIT ( * ) PLANE_ANGLE_UNIT ( ) SI_UNIT ( $, .RADIAN. ) );
#3126 = DIRECTION ( 'NONE',  ( 2.775557561562893816E-16, 0.000000000000000000, 1.000000000000000000 ) ) ;
#3127 = DIRECTION ( 'NONE',  ( -0.5000000000000000000, 0.000000000000000000, 0.8660254037844385966 ) ) ;
#3128 = ORIENTED_EDGE ( 'NONE', *, *, #3209, .F. ) ;
#3129 = VECTOR ( 'NONE', #2720, 1000.000000000000000 ) ;
#3130 = PLANE ( 'NONE',  #217 ) ;
#3131 = DIRECTION ( 'NONE',  ( 0.4999999999999998890, 0.000000000000000000, 0.8660254037844385966 ) ) ;
#3132 = ADVANCED_FACE ( 'NONE', ( #2233 ), #2314, .T. ) ;
#3133 = VERTEX_POINT ( 'NONE', #1036 ) ;
#3134 = VECTOR ( 'NONE', #3328, 1000.000000000000114 ) ;
#3135 = ORIENTED_EDGE ( 'NONE', *, *, #5341, .T. ) ;
#3136 = EDGE_CURVE ( 'NONE', #1141, #4765, #4264, .T. ) ;
#3137 = DIRECTION ( 'NONE',  ( -0.000000000000000000, -1.000000000000000000, 0.000000000000000000 ) ) ;
#3138 = ORIENTED_EDGE ( 'NONE', *, *, #1230, .T. ) ;
#3139 = DIRECTION ( 'NONE',  ( 0.000000000000000000, 1.000000000000000000, 0.000000000000000000 ) ) ;
#3140 = ORIENTED_EDGE ( 'NONE', *, *, #303, .F. ) ;
#3141 = DIRECTION ( 'NONE',  ( 0.000000000000000000, 1.000000000000000000, -0.000000000000000000 ) ) ;
#3142 = VECTOR ( 'NONE', #3221, 999.9999999999998863 ) ;
#3143 = PLANE ( 'NONE',  #5131 ) ;
#3144 = VECTOR ( 'NONE', #4533, 1000.000000000000000 ) ;
#3145 = AXIS2_PLACEMENT_3D ( 'NONE', #708, #2876, #4956 ) ;
#3146 = EDGE_CURVE ( 'NONE', #890, #4610, #3172, .T. ) ;
#3147 = EDGE_CURVE ( 'NONE', #3152, #4008, #4429, .T. ) ;
#3148 = VECTOR ( 'NONE', #3178, 1000.000000000000114 ) ;
#3149 = LINE ( 'NONE', #3598, #187 ) ;
#3150 = DIRECTION ( 'NONE',  ( 0.8660254037844388186, 0.000000000000000000, 0.4999999999999997780 ) ) ;
#3151 = PLANE ( 'NONE',  #1787 ) ;
#3152 = VERTEX_POINT ( 'NONE', #2261 ) ;
#3153 = DIRECTION ( 'NONE',  ( -0.000000000000000000, -1.000000000000000000, 0.000000000000000000 ) ) ;
#3154 = FACE_OUTER_BOUND ( 'NONE', #1692, .T. ) ;
#3155 = EDGE_LOOP ( 'NONE', ( #3002, #3323, #69, #5465, #4975, #3124, #3674, #2732, #2079, #252, #5140, #1732, #333, #508, #1802, #4902 ) ) ;
#3156 = LINE ( 'NONE', #1828, #4308 ) ;
#3157 = FACE_OUTER_BOUND ( 'NONE', #3853, .T. ) ;
#3158 = CARTESIAN_POINT ( 'NONE',  ( 6.628934717893027795, 0.000000000000000000, -4.776000564437810958 ) ) ;
#3159 = VECTOR ( 'NONE', #4104, 1000.000000000000000 ) ;
#3160 = ORIENTED_EDGE ( 'NONE', *, *, #298, .F. ) ;
#3161 = CARTESIAN_POINT ( 'NONE',  ( 6.718099488720311818, -2.000000000000000000, 3.878696548255356369 ) ) ;
#3162 = DIRECTION ( 'NONE',  ( 0.000000000000000000, 1.000000000000000000, -0.000000000000000000 ) ) ;
#3163 = ORIENTED_EDGE ( 'NONE', *, *, #532, .F. ) ;
#3164 = ORIENTED_EDGE ( 'NONE', *, *, #179, .T. ) ;
#3165 = DIRECTION ( 'NONE',  ( -0.8660254037844387076, 0.000000000000000000, -0.5000000000000001110 ) ) ;
#3166 = ORIENTED_EDGE ( 'NONE', *, *, #1288, .T. ) ;
#3167 = VECTOR ( 'NONE', #4568, 999.9999999999998863 ) ;
#3168 = DIRECTION ( 'NONE',  ( -1.000000000000000000, 0.000000000000000000, 5.551115123125782702E-17 ) ) ;
#3169 = EDGE_LOOP ( 'NONE', ( #2738, #2453, #592, #4294 ) ) ;
#3170 = FACE_BOUND ( 'NONE', #3973, .T. ) ;
#3171 = DIRECTION ( 'NONE',  ( 0.000000000000000000, 1.000000000000000000, 0.000000000000000000 ) ) ;
#3172 = LINE ( 'NONE', #568, #2759 ) ;
#3173 = DIRECTION ( 'NONE',  ( 0.000000000000000000, 0.000000000000000000, 1.000000000000000000 ) ) ;
#3174 = LINE ( 'NONE', #1935, #1076 ) ;
#3175 = ORIENTED_EDGE ( 'NONE', *, *, #476, .F. ) ;
#3176 = DIRECTION ( 'NONE',  ( 0.000000000000000000, 1.000000000000000000, 0.000000000000000000 ) ) ;
#3177 = APPLICATION_CONTEXT ( 'automotive_design' ) ;
#3178 = DIRECTION ( 'NONE',  ( 0.4999999999999997224, -0.000000000000000000, -0.8660254037844387076 ) ) ;
#3179 = EDGE_CURVE ( 'NONE', #2805, #4375, #5426, .T. ) ;
#3180 = DIRECTION ( 'NONE',  ( 0.4999999999999997224, 0.000000000000000000, -0.8660254037844388186 ) ) ;
#3181 = ORIENTED_EDGE ( 'NONE', *, *, #2612, .T. ) ;
#3182 = DIRECTION ( 'NONE',  ( 1.000000000000000000, 0.000000000000000000, 0.000000000000000000 ) ) ;
#3183 = PLANE ( 'NONE',  #3200 ) ;
#3184 = CARTESIAN_POINT ( 'NONE',  ( -10.67197304646469647, -2.000000000000000000, 6.161466511160822002 ) ) ;
#3185 = ORIENTED_EDGE ( 'NONE', *, *, #3020, .T. ) ;
#3186 = EDGE_CURVE ( 'NONE', #1710, #2670, #3569, .T. ) ;
#3187 = DIRECTION ( 'NONE',  ( -0.5000000000000000000, 0.000000000000000000, -0.8660254037844385966 ) ) ;
#3188 = EDGE_CURVE ( 'NONE', #5358, #4040, #3149, .T. ) ;
#3189 = DIRECTION ( 'NONE',  ( -2.775557561562891351E-16, 0.000000000000000000, 1.000000000000000000 ) ) ;
#3190 = ORIENTED_EDGE ( 'NONE', *, *, #2373, .T. ) ;
#3191 = EDGE_LOOP ( 'NONE', ( #4310, #3245, #1936, #5219 ) ) ;
#3192 = DIRECTION ( 'NONE',  ( -0.5000000000000000000, 0.000000000000000000, -0.8660254037844385966 ) ) ;
#3193 = EDGE_LOOP ( 'NONE', ( #702, #3631, #1634, #4939 ) ) ;
#3194 = VECTOR ( 'NONE', #2676, 1000.000000000000000 ) ;
#3195 = CARTESIAN_POINT ( 'NONE',  ( 16.71489119648838440, 0.000000000000000000, -9.106127583360004607 ) ) ;
#3196 = VERTEX_POINT ( 'NONE', #515 ) ;
#3197 = LINE ( 'NONE', #3283, #4794 ) ;
#3198 = VECTOR ( 'NONE', #3780, 1000.000000000000000 ) ;
#3199 = CARTESIAN_POINT ( 'NONE',  ( -22.37893471789305266, -5.000000000000000000, 20.82319222169673267 ) ) ;
#3200 = AXIS2_PLACEMENT_3D ( 'NONE', #3636, #267, #2712 ) ;
#3201 = VECTOR ( 'NONE', #3934, 1000.000000000000000 ) ;
#3202 = EDGE_CURVE ( 'NONE', #3459, #588, #149, .T. ) ;
#3203 = DIRECTION ( 'NONE',  ( -2.775557561562891351E-16, 0.000000000000000000, 1.000000000000000000 ) ) ;
#3204 = AXIS2_PLACEMENT_3D ( 'NONE', #4659, #2026, #4216 ) ;
#3205 = AXIS2_PLACEMENT_3D ( 'NONE', #1457, #2728, #3960 ) ;
#3206 = EDGE_CURVE ( 'NONE', #1156, #5184, #5286, .T. ) ;
#3207 = DIRECTION ( 'NONE',  ( 0.4999999999999998890, 0.000000000000000000, 0.8660254037844385966 ) ) ;
#3208 = AXIS2_PLACEMENT_3D ( 'NONE', #4847, #3630, #260 ) ;
#3209 = EDGE_CURVE ( 'NONE', #5184, #4944, #3540, .T. ) ;
#3210 = FACE_OUTER_BOUND ( 'NONE', #3017, .T. ) ;
#3211 = ORIENTED_EDGE ( 'NONE', *, *, #265, .T. ) ;
#3212 = EDGE_CURVE ( 'NONE', #606, #5472, #4179, .T. ) ;
#3213 = DIRECTION ( 'NONE',  ( 0.000000000000000000, 1.000000000000000000, 0.000000000000000000 ) ) ;
#3214 = LINE ( 'NONE', #1497, #5418 ) ;
#3215 = ORIENTED_EDGE ( 'NONE', *, *, #5421, .F. ) ;
#3216 = CARTESIAN_POINT ( 'NONE',  ( 4.128934717893026907, -2.000000000000000000, 22.98825573115782817 ) ) ;
#3217 = CARTESIAN_POINT ( 'NONE',  ( -23.25000000000001421, -5.000000000000000000, 11.99999999999999112 ) ) ;
#3218 = LINE ( 'NONE', #4055, #3677 ) ;
#3219 = ADVANCED_BREP_SHAPE_REPRESENTATION ( '\X2\681183936d3e\X0\4b\X2\987658f3\X0\', ( #3575, #2807 ), #5376 ) ;
#3220 = VERTEX_POINT ( 'NONE', #1009 ) ;
#3221 = DIRECTION ( 'NONE',  ( 0.4999999999999999445, 0.000000000000000000, 0.8660254037844387076 ) ) ;
#3222 = CARTESIAN_POINT ( 'NONE',  ( -33.71489119648840926, -2.000000000000000000, 4.776000564437813622 ) ) ;
#3223 = EDGE_LOOP ( 'NONE', ( #4085, #2961, #2296, #3448, #2469, #4161 ) ) ;
#3224 = EDGE_CURVE ( 'NONE', #4392, #418, #3902, .T. ) ;
#3225 = ORIENTED_EDGE ( 'NONE', *, *, #1160, .T. ) ;
#3226 = DIRECTION ( 'NONE',  ( -2.262682794752357637E-16, 0.000000000000000000, -1.000000000000000000 ) ) ;
#3227 = ORIENTED_EDGE ( 'NONE', *, *, #3224, .T. ) ;
#3228 = DIRECTION ( 'NONE',  ( -0.5000000000000000000, 0.000000000000000000, -0.8660254037844385966 ) ) ;
#3229 = VERTEX_POINT ( 'NONE', #3069 ) ;
#3230 = AXIS2_PLACEMENT_3D ( 'NONE', #727, #2114, #5051 ) ;
#3231 = DIRECTION ( 'NONE',  ( 0.4999999999999998890, 0.000000000000000000, 0.8660254037844385966 ) ) ;
#3232 = VECTOR ( 'NONE', #1427, 1000.000000000000227 ) ;
#3233 = LINE ( 'NONE', #1621, #4978 ) ;
#3234 = AXIS2_PLACEMENT_3D ( 'NONE', #2275, #4058, #3943 ) ;
#3235 = FACE_OUTER_BOUND ( 'NONE', #1041, .T. ) ;
#3236 = DIRECTION ( 'NONE',  ( -0.5000000000000000000, 0.000000000000000000, 0.8660254037844385966 ) ) ;
#3237 = DIRECTION ( 'NONE',  ( 1.000000000000000000, 0.000000000000000000, 2.775557561562891351E-16 ) ) ;
#3238 = AXIS2_PLACEMENT_3D ( 'NONE', #4135, #5412, #3299 ) ;
#3239 = EDGE_CURVE ( 'NONE', #788, #5306, #2704, .T. ) ;
#3240 = CARTESIAN_POINT ( 'NONE',  ( 0.7499999999999867883, 0.000000000000000000, 11.99999999999999112 ) ) ;
#3241 = LINE ( 'NONE', #1130, #931 ) ;
#3242 = LINE ( 'NONE', #4989, #3552 ) ;
#3243 = ORIENTED_EDGE ( 'NONE', *, *, #2295, .F. ) ;
#3244 = DIRECTION ( 'NONE',  ( -1.000000000000000000, 0.000000000000000000, 5.551115123125782702E-17 ) ) ;
#3245 = ORIENTED_EDGE ( 'NONE', *, *, #710, .T. ) ;
#3246 = ORIENTED_EDGE ( 'NONE', *, *, #2830, .T. ) ;
#3247 = PLANE ( 'NONE',  #486 ) ;
#3248 = CARTESIAN_POINT ( 'NONE',  ( 12.92191295719070965, 0.000000000000000000, 3.181541164974270327E-15 ) ) ;
#3249 = EDGE_LOOP ( 'NONE', ( #4580, #3164, #918, #590 ) ) ;
#3250 = EDGE_CURVE ( 'NONE', #1964, #3644, #3093, .T. ) ;
#3251 = EDGE_CURVE ( 'NONE', #1766, #3572, #1844, .T. ) ;
#3252 = ORIENTED_EDGE ( 'NONE', *, *, #2464, .T. ) ;
#3253 = CARTESIAN_POINT ( 'NONE',  ( 16.00000000000001066, -2.000000000000000000, 0.000000000000000000 ) ) ;
#3254 = ORIENTED_EDGE ( 'NONE', *, *, #1348, .T. ) ;
#3255 = DIRECTION ( 'NONE',  ( -0.5000000000000000000, 0.000000000000000000, -0.8660254037844385966 ) ) ;
#3256 = ORIENTED_EDGE ( 'NONE', *, *, #3795, .T. ) ;
#3257 = CARTESIAN_POINT ( 'NONE',  ( 0.000000000000000000, -5.000000000000000000, 0.000000000000000000 ) ) ;
#3258 = EDGE_CURVE ( 'NONE', #969, #4653, #596, .T. ) ;
#3259 = EDGE_CURVE ( 'NONE', #2596, #586, #339, .T. ) ;
#3260 = ADVANCED_FACE ( 'NONE', ( #4457 ), #4561, .T. ) ;
#3261 = EDGE_CURVE ( 'NONE', #5137, #5112, #3233, .T. ) ;
#3262 = DIRECTION ( 'NONE',  ( 0.000000000000000000, 1.000000000000000000, 0.000000000000000000 ) ) ;
#3263 = CARTESIAN_POINT ( 'NONE',  ( -13.54297823929769251, -2.000000000000000000, 22.98825573115782461 ) ) ;
#3264 = CARTESIAN_POINT ( 'NONE',  ( -13.54297823929769251, -5.000000000000000000, 22.98825573115782461 ) ) ;
#3265 = CARTESIAN_POINT ( 'NONE',  ( 16.47923730601227277, -2.000000000000000000, 9.514292094665908195 ) ) ;
#3266 = CARTESIAN_POINT ( 'NONE',  ( 18.99999999999999645, -2.000000000000000000, 23.10000000000002629 ) ) ;
#3267 = LINE ( 'NONE', #1152, #2839 ) ;
#3268 = ADVANCED_FACE ( 'NONE', ( #5369 ), #3732, .T. ) ;
#3269 = DIRECTION ( 'NONE',  ( 0.000000000000000000, 0.000000000000000000, 1.000000000000000000 ) ) ;
#3270 = VERTEX_POINT ( 'NONE', #4071 ) ;
#3271 = ORIENTED_EDGE ( 'NONE', *, *, #1620, .T. ) ;
#3272 = DIRECTION ( 'NONE',  ( 0.4999999999999997224, 0.000000000000000000, -0.8660254037844388186 ) ) ;
#3273 = CARTESIAN_POINT ( 'NONE',  ( -0.06970309939892778417, -2.000000000000000000, -0.04024310320132216956 ) ) ;
#3274 = VECTOR ( 'NONE', #3813, 1000.000000000000000 ) ;
#3275 = ORIENTED_EDGE ( 'NONE', *, *, #4534, .T. ) ;
#3276 = DIRECTION ( 'NONE',  ( -2.775557561562891351E-16, 0.000000000000000000, 1.000000000000000000 ) ) ;
#3277 = ORIENTED_EDGE ( 'NONE', *, *, #1072, .F. ) ;
#3278 = CARTESIAN_POINT ( 'NONE',  ( 18.99999999999999645, -2.000000000000000000, 25.90000000000002345 ) ) ;
#3279 = ORIENTED_EDGE ( 'NONE', *, *, #5445, .F. ) ;
#3280 = EDGE_CURVE ( 'NONE', #2222, #3880, #3032, .T. ) ;
#3281 = DIRECTION ( 'NONE',  ( 0.4999999999999999445, 0.000000000000000000, 0.8660254037844387076 ) ) ;
#3282 = VERTEX_POINT ( 'NONE', #2786 ) ;
#3283 = CARTESIAN_POINT ( 'NONE',  ( -12.29297823929769073, -5.000000000000000000, 20.82319222169673267 ) ) ;
#3284 = AXIS2_PLACEMENT_3D ( 'NONE', #2705, #3150, #2730 ) ;
#3285 = DIRECTION ( 'NONE',  ( -0.8660254037844387076, 0.000000000000000000, 0.4999999999999999445 ) ) ;
#3286 = VERTEX_POINT ( 'NONE', #282 ) ;
#3287 = AXIS2_PLACEMENT_3D ( 'NONE', #5496, #3834, #2508 ) ;
#3288 = CARTESIAN_POINT ( 'NONE',  ( 1.276104540435131672E-15, -2.000000000000000000, 22.98825573115782817 ) ) ;
#3289 = DIRECTION ( 'NONE',  ( 0.000000000000000000, 1.000000000000000000, -0.000000000000000000 ) ) ;
#3290 = DIRECTION ( 'NONE',  ( 0.000000000000000000, 1.000000000000000000, 0.000000000000000000 ) ) ;
#3291 = LINE ( 'NONE', #3739, #2409 ) ;
#3292 = DIRECTION ( 'NONE',  ( 0.000000000000000000, 0.000000000000000000, -1.000000000000000000 ) ) ;
#3293 = DIRECTION ( 'NONE',  ( 1.000000000000000000, 0.000000000000000000, 2.775557561562891351E-16 ) ) ;
#3294 = CARTESIAN_POINT ( 'NONE',  ( -36.21489119648840926, -5.000000000000000000, -4.776000564437811846 ) ) ;
#3295 = EDGE_LOOP ( 'NONE', ( #2108, #4394, #497, #4678 ) ) ;
#3296 = STYLED_ITEM ( 'NONE', ( #2487 ), #3575 ) ;
#3297 = VERTEX_POINT ( 'NONE', #2398 ) ;
#3298 = LINE ( 'NONE', #2914, #951 ) ;
#3299 = DIRECTION ( 'NONE',  ( 0.000000000000000000, 0.000000000000000000, 1.000000000000000000 ) ) ;
#3300 = ORIENTED_EDGE ( 'NONE', *, *, #1893, .T. ) ;
#3301 = CARTESIAN_POINT ( 'NONE',  ( -23.62893471789305622, 0.000000000000000000, 22.98825573115782461 ) ) ;
#3302 = ORIENTED_EDGE ( 'NONE', *, *, #5354, .F. ) ;
#3303 = EDGE_CURVE ( 'NONE', #4964, #1300, #732, .T. ) ;
#3304 = CARTESIAN_POINT ( 'NONE',  ( 0.7499999999999867883, -5.000000000000000000, 11.99999999999999112 ) ) ;
#3305 = ORIENTED_EDGE ( 'NONE', *, *, #1489, .T. ) ;
#3306 = CARTESIAN_POINT ( 'NONE',  ( 9.171912957190709648, -2.000000000000000000, 16.04719165725891727 ) ) ;
#3307 = ORIENTED_EDGE ( 'NONE', *, *, #4524, .T. ) ;
#3308 = CARTESIAN_POINT ( 'NONE',  ( 16.71489119648838440, 0.000000000000000000, -4.776000564437810958 ) ) ;
#3309 = CIRCLE ( 'NONE', #2156, 1.449999999999999956 ) ;
#3310 = CARTESIAN_POINT ( 'NONE',  ( -33.71489119648840926, 0.000000000000000000, 18.65812871223563008 ) ) ;
#3311 = ORIENTED_EDGE ( 'NONE', *, *, #3427, .F. ) ;
#3312 = DIRECTION ( 'NONE',  ( -1.000000000000000000, 0.000000000000000000, 5.551115123125782702E-17 ) ) ;
#3313 = ADVANCED_FACE ( 'NONE', ( #4093 ), #314, .T. ) ;
#3314 = CARTESIAN_POINT ( 'NONE',  ( -23.25000000000001421, 0.000000000000000000, 11.99999999999999112 ) ) ;
#3315 = LINE ( 'NONE', #5017, #514 ) ;
#3316 = EDGE_CURVE ( 'NONE', #1947, #234, #4046, .T. ) ;
#3317 = EDGE_CURVE ( 'NONE', #4804, #59, #2010, .T. ) ;
#3318 = DIRECTION ( 'NONE',  ( 0.000000000000000000, 0.000000000000000000, 1.000000000000000000 ) ) ;
#3319 = CARTESIAN_POINT ( 'NONE',  ( 0.7499999999999867883, -2.000000000000000000, 11.99999999999999112 ) ) ;
#3320 = CARTESIAN_POINT ( 'NONE',  ( -23.25000000000001421, 0.000000000000000000, 10.54999999999999183 ) ) ;
#3321 = LINE ( 'NONE', #2491, #1392 ) ;
#3322 = VECTOR ( 'NONE', #2377, 1000.000000000000000 ) ;
#3323 = ORIENTED_EDGE ( 'NONE', *, *, #3366, .T. ) ;
#3324 = VECTOR ( 'NONE', #733, 1000.000000000000000 ) ;
#3325 = EDGE_LOOP ( 'NONE', ( #1421, #4743, #310, #1212 ) ) ;
#3326 = AXIS2_PLACEMENT_3D ( 'NONE', #1839, #3898, #3089 ) ;
#3327 = FACE_OUTER_BOUND ( 'NONE', #3295, .T. ) ;
#3328 = DIRECTION ( 'NONE',  ( 0.4999999999999997224, -0.000000000000000000, -0.8660254037844387076 ) ) ;
#3329 = DIRECTION ( 'NONE',  ( 1.000000000000000000, 0.000000000000000000, 2.775557561562891351E-16 ) ) ;
#3330 = ORIENTED_EDGE ( 'NONE', *, *, #4230, .T. ) ;
#3331 = DIRECTION ( 'NONE',  ( -1.000000000000000000, 0.000000000000000000, 5.551115123125782702E-17 ) ) ;
#3332 = VERTEX_POINT ( 'NONE', #758 ) ;
#3333 = CARTESIAN_POINT ( 'NONE',  ( -36.00000000000000000, -2.000000000000000000, -22.74999999999998934 ) ) ;
#3334 = VERTEX_POINT ( 'NONE', #230 ) ;
#3335 = CARTESIAN_POINT ( 'NONE',  ( 0.7499999999999867883, -5.000000000000000000, -10.54999999999999183 ) ) ;
#3336 = VECTOR ( 'NONE', #2939, 1000.000000000000000 ) ;
#3337 = EDGE_CURVE ( 'NONE', #2270, #3644, #1933, .T. ) ;
#3338 = CARTESIAN_POINT ( 'NONE',  ( -5.178671023185929160E-15, -2.000000000000000000, 18.65812871223562652 ) ) ;
#3339 = ORIENTED_EDGE ( 'NONE', *, *, #1997, .F. ) ;
#3340 = DIRECTION ( 'NONE',  ( 0.000000000000000000, 1.000000000000000000, 0.000000000000000000 ) ) ;
#3341 = AXIS2_PLACEMENT_3D ( 'NONE', #4993, #1632, #324 ) ;
#3342 = CYLINDRICAL_SURFACE ( 'NONE', #2017, 1.449999999999999956 ) ;
#3343 = PLANE ( 'NONE',  #4563 ) ;
#3344 = CARTESIAN_POINT ( 'NONE',  ( -28.67191295719072386, -5.000000000000000000, 11.71706463833672274 ) ) ;
#3345 = LINE ( 'NONE', #4209, #4755 ) ;
#3346 = EDGE_LOOP ( 'NONE', ( #4800, #973, #2507, #1562 ) ) ;
#3347 = VERTEX_POINT ( 'NONE', #5310 ) ;
#3348 = ADVANCED_FACE ( 'NONE', ( #4954 ), #1954, .T. ) ;
#3349 = CARTESIAN_POINT ( 'NONE',  ( -21.98644040541121569, -2.000000000000000000, 12.69387728658583114 ) ) ;
#3350 = DIRECTION ( 'NONE',  ( 0.4999999999999998890, 0.000000000000000000, 0.8660254037844385966 ) ) ;
#3351 = EDGE_LOOP ( 'NONE', ( #3430, #2249, #2981, #1949 ) ) ;
#3352 = PLANE ( 'NONE',  #4621 ) ;
#3353 = EDGE_CURVE ( 'NONE', #2998, #4889, #4145, .T. ) ;
#3354 = ADVANCED_FACE ( 'NONE', ( #4488 ), #2422, .F. ) ;
#3355 = ORIENTED_EDGE ( 'NONE', *, *, #4924, .T. ) ;
#3356 = PLANE ( 'NONE',  #205 ) ;
#3357 = VERTEX_POINT ( 'NONE', #2817 ) ;
#3358 = LINE ( 'NONE', #3754, #3198 ) ;
#3359 = VERTEX_POINT ( 'NONE', #5398 ) ;
#3360 = EDGE_LOOP ( 'NONE', ( #3810, #4143, #4733, #1391 ) ) ;
#3361 = DIRECTION ( 'NONE',  ( -1.000000000000000000, 0.000000000000000000, 5.551115123125782702E-17 ) ) ;
#3362 = ORIENTED_EDGE ( 'NONE', *, *, #4764, .T. ) ;
#3363 = PLANE ( 'NONE',  #1015 ) ;
#3364 = ADVANCED_FACE ( 'NONE', ( #4510 ), #1145, .T. ) ;
#3365 = DIRECTION ( 'NONE',  ( 0.4999999999999999445, 0.000000000000000000, 0.8660254037844387076 ) ) ;
#3366 = EDGE_CURVE ( 'NONE', #4889, #4299, #3650, .T. ) ;
#3367 = DIRECTION ( 'NONE',  ( 1.000000000000000000, 0.000000000000000000, 2.775557561562891351E-16 ) ) ;
#3368 = LINE ( 'NONE', #1257, #93 ) ;
#3369 = ADVANCED_FACE ( 'NONE', ( #602 ), #3097, .T. ) ;
#3370 = CARTESIAN_POINT ( 'NONE',  ( 17.00000000000000711, 0.000000000000000000, -15.35999999999977739 ) ) ;
#3371 = ORIENTED_EDGE ( 'NONE', *, *, #5386, .F. ) ;
#3372 = EDGE_CURVE ( 'NONE', #996, #3031, #1014, .T. ) ;
#3373 = VECTOR ( 'NONE', #2343, 1000.000000000000000 ) ;
#3374 = ORIENTED_EDGE ( 'NONE', *, *, #5461, .F. ) ;
#3375 = CARTESIAN_POINT ( 'NONE',  ( -23.25000000000001421, -5.000000000000000000, 9.499999999999992895 ) ) ;
#3376 = DIRECTION ( 'NONE',  ( -1.000000000000000000, 0.000000000000000000, 5.551115123125782702E-17 ) ) ;
#3377 = CIRCLE ( 'NONE', #2586, 2.999999999999999112 ) ;
#3378 = ORIENTED_EDGE ( 'NONE', *, *, #4235, .F. ) ;
#3379 = DIRECTION ( 'NONE',  ( 0.000000000000000000, 1.000000000000000000, -0.000000000000000000 ) ) ;
#3380 = CARTESIAN_POINT ( 'NONE',  ( -23.62893471789305622, -5.000000000000000000, 22.98825573115782461 ) ) ;
#3381 = VECTOR ( 'NONE', #3542, 1000.000000000000000 ) ;
#3382 = EDGE_CURVE ( 'NONE', #249, #5444, #3545, .T. ) ;
#3383 = ORIENTED_EDGE ( 'NONE', *, *, #843, .T. ) ;
#3384 = LINE ( 'NONE', #4162, #3845 ) ;
#3385 = ORIENTED_EDGE ( 'NONE', *, *, #766, .F. ) ;
#3386 = LINE ( 'NONE', #3333, #538 ) ;
#3387 = ORIENTED_EDGE ( 'NONE', *, *, #5220, .T. ) ;
#3388 = VERTEX_POINT ( 'NONE', #5236 ) ;
#3389 = CARTESIAN_POINT ( 'NONE',  ( 20.00000000000000355, 0.000000000000000000, -24.99999999999999645 ) ) ;
#3390 = VERTEX_POINT ( 'NONE', #4405 ) ;
#3391 = DIRECTION ( 'NONE',  ( 0.000000000000000000, 0.000000000000000000, 1.000000000000000000 ) ) ;
#3392 = CARTESIAN_POINT ( 'NONE',  ( 15.99999999999996625, 0.000000000000000000, 2.467162276944784809E-14 ) ) ;
#3393 = DIRECTION ( 'NONE',  ( 0.000000000000000000, 0.000000000000000000, 1.000000000000000000 ) ) ;
#3394 = VERTEX_POINT ( 'NONE', #2651 ) ;
#3395 = AXIS2_PLACEMENT_3D ( 'NONE', #509, #1393, #4307 ) ;
#3396 = CARTESIAN_POINT ( 'NONE',  ( 2.878934717893026018, 0.000000000000000000, 20.82319222169673267 ) ) ;
#3397 = ORIENTED_EDGE ( 'NONE', *, *, #2396, .T. ) ;
#3398 = EDGE_CURVE ( 'NONE', #1055, #3481, #963, .T. ) ;
#3399 = ORIENTED_EDGE ( 'NONE', *, *, #3426, .F. ) ;
#3400 = DIRECTION ( 'NONE',  ( 0.000000000000000000, 1.000000000000000000, -0.000000000000000000 ) ) ;
#3401 = VECTOR ( 'NONE', #4378, 1000.000000000000000 ) ;
#3402 = CARTESIAN_POINT ( 'NONE',  ( 4.128934717893025130, -2.000000000000000000, 4.776000564437814511 ) ) ;
#3403 = VECTOR ( 'NONE', #4933, 1000.000000000000000 ) ;
#3404 = ORIENTED_EDGE ( 'NONE', *, *, #1233, .F. ) ;
#3405 = PLANE ( 'NONE',  #763 ) ;
#3406 = CARTESIAN_POINT ( 'NONE',  ( -36.21489119648840926, 0.000000000000000000, 4.776000564437814511 ) ) ;
#3407 = AXIS2_PLACEMENT_3D ( 'NONE', #4723, #5118, #2928 ) ;
#3408 = EDGE_LOOP ( 'NONE', ( #3720, #4277, #4268, #2458 ) ) ;
#3409 = EDGE_CURVE ( 'NONE', #3332, #588, #4535, .T. ) ;
#3410 = VECTOR ( 'NONE', #4239, 1000.000000000000000 ) ;
#3411 = CARTESIAN_POINT ( 'NONE',  ( 17.00000000000001066, -2.000000000000000000, -16.35999999999977916 ) ) ;
#3412 = ORIENTED_EDGE ( 'NONE', *, *, #5284, .F. ) ;
#3413 = DIRECTION ( 'NONE',  ( 0.000000000000000000, 1.000000000000000000, -0.000000000000000000 ) ) ;
#3414 = ORIENTED_EDGE ( 'NONE', *, *, #3896, .T. ) ;
#3415 = EDGE_CURVE ( 'NONE', #3759, #3334, #102, .T. ) ;
#3416 = EDGE_CURVE ( 'NONE', #4551, #2992, #3122, .T. ) ;
#3417 = DIRECTION ( 'NONE',  ( -0.8660254037844387076, 0.000000000000000000, 0.4999999999999999445 ) ) ;
#3418 = VERTEX_POINT ( 'NONE', #4762 ) ;
#3419 = FACE_BOUND ( 'NONE', #5075, .T. ) ;
#3420 = DIRECTION ( 'NONE',  ( 0.000000000000000000, 1.000000000000000000, -0.000000000000000000 ) ) ;
#3421 = ORIENTED_EDGE ( 'NONE', *, *, #4402, .F. ) ;
#3422 = ADVANCED_FACE ( 'NONE', ( #2764 ), #5181, .T. ) ;
#3423 = LINE ( 'NONE', #3455, #2970 ) ;
#3424 = VECTOR ( 'NONE', #2210, 1000.000000000000000 ) ;
#3425 = DIRECTION ( 'NONE',  ( 0.4999999999999999445, 0.000000000000000000, 0.8660254037844387076 ) ) ;
#3426 = EDGE_CURVE ( 'NONE', #4108, #1092, #628, .T. ) ;
#3427 = EDGE_CURVE ( 'NONE', #4103, #4166, #4341, .T. ) ;
#3428 = EDGE_CURVE ( 'NONE', #1055, #2069, #3377, .T. ) ;
#3429 = LINE ( 'NONE', #4314, #2489 ) ;
#3430 = ORIENTED_EDGE ( 'NONE', *, *, #2915, .T. ) ;
#3431 = LINE ( 'NONE', #3458, #98 ) ;
#3432 = ORIENTED_EDGE ( 'NONE', *, *, #5373, .T. ) ;
#3433 = ORIENTED_EDGE ( 'NONE', *, *, #4188, .F. ) ;
#3434 = DIRECTION ( 'NONE',  ( -1.000000000000000000, 0.000000000000000000, 5.551115123125782702E-17 ) ) ;
#3435 = AXIS2_PLACEMENT_3D ( 'NONE', #5402, #5459, #1654 ) ;
#3436 = LINE ( 'NONE', #5182, #3505 ) ;
#3437 = EDGE_CURVE ( 'NONE', #3842, #2724, #574, .T. ) ;
#3438 = ORIENTED_EDGE ( 'NONE', *, *, #3811, .F. ) ;
#3439 = DIRECTION ( 'NONE',  ( 0.4999999999999999445, 0.000000000000000000, 0.8660254037844387076 ) ) ;
#3440 = CARTESIAN_POINT ( 'NONE',  ( 6.009258394948639083E-16, -2.000000000000000000, -2.165063509461097713 ) ) ;
#3441 = EDGE_LOOP ( 'NONE', ( #5478, #4352, #2897, #2924 ) ) ;
#3442 = EDGE_CURVE ( 'NONE', #482, #1553, #1824, .T. ) ;
#3443 = FACE_OUTER_BOUND ( 'NONE', #966, .T. ) ;
#3444 = ORIENTED_EDGE ( 'NONE', *, *, #462, .T. ) ;
#3445 = DIRECTION ( 'NONE',  ( 0.000000000000000000, 1.000000000000000000, 0.000000000000000000 ) ) ;
#3446 = ORIENTED_EDGE ( 'NONE', *, *, #2447, .T. ) ;
#3447 = DIRECTION ( 'NONE',  ( -0.5000000000000000000, 0.000000000000000000, 0.8660254037844385966 ) ) ;
#3448 = ORIENTED_EDGE ( 'NONE', *, *, #5285, .F. ) ;
#3449 = EDGE_CURVE ( 'NONE', #2570, #5130, #1881, .T. ) ;
#3450 = EDGE_CURVE ( 'NONE', #3229, #2001, #2293, .T. ) ;
#3451 = CARTESIAN_POINT ( 'NONE',  ( 12.92191295719070432, -2.000000000000000000, 13.88212814779782001 ) ) ;
#3452 = CIRCLE ( 'NONE', #1761, 2.999999999999999112 ) ;
#3453 = LINE ( 'NONE', #4667, #1375 ) ;
#3454 = ORIENTED_EDGE ( 'NONE', *, *, #290, .F. ) ;
#3455 = CARTESIAN_POINT ( 'NONE',  ( -36.21489119648840926, 0.000000000000000000, -9.106127583360004607 ) ) ;
#3456 = CARTESIAN_POINT ( 'NONE',  ( -2.651212896130799680E-16, -2.000000000000000000, -4.776000564437809182 ) ) ;
#3457 = CARTESIAN_POINT ( 'NONE',  ( 0.7499999999999867883, -5.000000000000000000, 11.99999999999999112 ) ) ;
#3458 = CARTESIAN_POINT ( 'NONE',  ( -27.35423730601228343, -2.000000000000000000, 15.79297627210309329 ) ) ;
#3459 = VERTEX_POINT ( 'NONE', #2679 ) ;
#3460 = LINE ( 'NONE', #45, #322 ) ;
#3461 = AXIS2_PLACEMENT_3D ( 'NONE', #3457, #1679, #5090 ) ;
#3462 = LINE ( 'NONE', #5154, #4834 ) ;
#3463 = AXIS2_PLACEMENT_3D ( 'NONE', #111, #210, #972 ) ;
#3464 = ORIENTED_EDGE ( 'NONE', *, *, #66, .T. ) ;
#3465 = LINE ( 'NONE', #916, #5197 ) ;
#3466 = LINE ( 'NONE', #3027, #1073 ) ;
#3467 = VECTOR ( 'NONE', #1528, 1000.000000000000000 ) ;
#3468 = ORIENTED_EDGE ( 'NONE', *, *, #866, .T. ) ;
#3469 = VECTOR ( 'NONE', #4673, 999.9999999999998863 ) ;
#3470 = DIRECTION ( 'NONE',  ( 0.000000000000000000, 0.000000000000000000, 1.000000000000000000 ) ) ;
#3471 = EDGE_LOOP ( 'NONE', ( #5032, #3086, #4038, #3801 ) ) ;
#3472 = VECTOR ( 'NONE', #779, 1000.000000000000000 ) ;
#3473 = VECTOR ( 'NONE', #3676, 1000.000000000000000 ) ;
#3474 = CARTESIAN_POINT ( 'NONE',  ( 17.96489119648838440, 0.000000000000000000, 20.82319222169673267 ) ) ;
#3475 = EDGE_LOOP ( 'NONE', ( #2579, #3565, #2985, #952 ) ) ;
#3476 = CIRCLE ( 'NONE', #1252, 2.999999999999999112 ) ;
#3477 = EDGE_CURVE ( 'NONE', #4437, #3945, #3990, .T. ) ;
#3478 = ORIENTED_EDGE ( 'NONE', *, *, #3261, .T. ) ;
#3479 = PLANE ( 'NONE',  #27 ) ;
#3480 = FACE_OUTER_BOUND ( 'NONE', #4498, .T. ) ;
#3481 = VERTEX_POINT ( 'NONE', #4372 ) ;
#3482 = LINE ( 'NONE', #3593, #3681 ) ;
#3483 = DIRECTION ( 'NONE',  ( -1.000000000000000000, 0.000000000000000000, 5.551115123125782702E-17 ) ) ;
#3484 = DIRECTION ( 'NONE',  ( 0.4999999999999997224, -0.000000000000000000, -0.8660254037844387076 ) ) ;
#3485 = DIRECTION ( 'NONE',  ( 0.000000000000000000, 0.000000000000000000, 1.000000000000000000 ) ) ;
#3486 = EDGE_CURVE ( 'NONE', #572, #974, #180, .T. ) ;
#3487 = EDGE_CURVE ( 'NONE', #550, #2218, #4982, .T. ) ;
#3488 = ADVANCED_FACE ( 'NONE', ( #320 ), #262, .F. ) ;
#3489 = DIRECTION ( 'NONE',  ( 0.4999999999999999445, 0.000000000000000000, 0.8660254037844387076 ) ) ;
#3490 = EDGE_LOOP ( 'NONE', ( #4923, #2182, #1329, #1211, #2555, #2362 ) ) ;
#3491 = CARTESIAN_POINT ( 'NONE',  ( -23.25000000000001421, -5.000000000000000000, -11.99999999999999112 ) ) ;
#3492 = DIRECTION ( 'NONE',  ( -5.551115123125782702E-17, 0.000000000000000000, -1.000000000000000000 ) ) ;
#3493 = VECTOR ( 'NONE', #4892, 1000.000000000000227 ) ;
#3494 = EDGE_LOOP ( 'NONE', ( #350, #211, #3225, #911 ) ) ;
#3495 = CARTESIAN_POINT ( 'NONE',  ( -5.957021760702333246, 0.000000000000000000, 18.65812871223563363 ) ) ;
#3496 = FACE_OUTER_BOUND ( 'NONE', #214, .T. ) ;
#3497 = VECTOR ( 'NONE', #4740, 1000.000000000000000 ) ;
#3498 = CIRCLE ( 'NONE', #2694, 2.499999999999998668 ) ;
#3499 = VERTEX_POINT ( 'NONE', #1101 ) ;
#3500 = LINE ( 'NONE', #1271, #121 ) ;
#3501 = EDGE_LOOP ( 'NONE', ( #3978, #2391, #613, #4062 ) ) ;
#3502 = VECTOR ( 'NONE', #4051, 1000.000000000000000 ) ;
#3503 = CARTESIAN_POINT ( 'NONE',  ( -42.50000000000000000, -2.000000000000000000, -24.99999999999997868 ) ) ;
#3504 = ORIENTED_EDGE ( 'NONE', *, *, #4336, .T. ) ;
#3505 = VECTOR ( 'NONE', #4731, 1000.000000000000000 ) ;
#3506 = ORIENTED_EDGE ( 'NONE', *, *, #313, .F. ) ;
#3507 = AXIS2_PLACEMENT_3D ( 'NONE', #3871, #1282, #2119 ) ;
#3508 = DIRECTION ( 'NONE',  ( 0.8660254037844387076, 0.000000000000000000, -0.5000000000000001110 ) ) ;
#3509 = VERTEX_POINT ( 'NONE', #1206 ) ;
#3510 = DIRECTION ( 'NONE',  ( -1.000000000000000000, 0.000000000000000000, 5.551115123125782702E-17 ) ) ;
#3511 = VERTEX_POINT ( 'NONE', #4150 ) ;
#3512 = CARTESIAN_POINT ( 'NONE',  ( 22.00000000000001421, 0.000000000000000000, 0.000000000000000000 ) ) ;
#3513 = CARTESIAN_POINT ( 'NONE',  ( -33.71489119648840926, -5.000000000000000000, -9.106127583360004607 ) ) ;
#3514 = EDGE_CURVE ( 'NONE', #874, #1861, #4514, .T. ) ;
#3515 = DIRECTION ( 'NONE',  ( 0.4999999999999998890, -0.000000000000000000, 0.8660254037844387076 ) ) ;
#3516 = CARTESIAN_POINT ( 'NONE',  ( -16.04297823929769251, -5.000000000000000000, 18.65812871223563363 ) ) ;
#3517 = CIRCLE ( 'NONE', #2007, 2.499999999999998668 ) ;
#3518 = CARTESIAN_POINT ( 'NONE',  ( -26.12893471789304911, -2.000000000000000000, 22.98825573115782817 ) ) ;
#3519 = ORIENTED_EDGE ( 'NONE', *, *, #2387, .F. ) ;
#3520 = CARTESIAN_POINT ( 'NONE',  ( 4.453990414615392785E-15, -2.000000000000000000, -16.04719165725891727 ) ) ;
#3521 = DIRECTION ( 'NONE',  ( 1.000000000000000000, 0.000000000000000000, 5.831003280594312264E-17 ) ) ;
#3522 = ORIENTED_EDGE ( 'NONE', *, *, #5308, .F. ) ;
#3523 = DIRECTION ( 'NONE',  ( 0.000000000000000000, 0.000000000000000000, 1.000000000000000000 ) ) ;
#3524 = VECTOR ( 'NONE', #212, 1000.000000000000000 ) ;
#3525 = PLANE ( 'NONE',  #2496 ) ;
#3526 = DIRECTION ( 'NONE',  ( 0.000000000000000000, 1.000000000000000000, 0.000000000000000000 ) ) ;
#3527 = ORIENTED_EDGE ( 'NONE', *, *, #3558, .T. ) ;
#3528 = DIRECTION ( 'NONE',  ( 0.000000000000000000, 1.000000000000000000, 0.000000000000000000 ) ) ;
#3529 = CARTESIAN_POINT ( 'NONE',  ( -28.67191295719072386, -5.000000000000000000, -2.165063509461094604 ) ) ;
#3530 = ORIENTED_EDGE ( 'NONE', *, *, #3897, .F. ) ;
#3531 = VERTEX_POINT ( 'NONE', #2429 ) ;
#3532 = EDGE_LOOP ( 'NONE', ( #1674, #3746, #4404, #1023 ) ) ;
#3533 = DIRECTION ( 'NONE',  ( 0.000000000000000000, 1.000000000000000000, 0.000000000000000000 ) ) ;
#3534 = ORIENTED_EDGE ( 'NONE', *, *, #4013, .F. ) ;
#3535 = CARTESIAN_POINT ( 'NONE',  ( 11.67191295719070787, -5.000000000000000000, 16.04719165725891727 ) ) ;
#3536 = ORIENTED_EDGE ( 'NONE', *, *, #4013, .T. ) ;
#3537 = FACE_BOUND ( 'NONE', #2032, .T. ) ;
#3538 = DIRECTION ( 'NONE',  ( 0.000000000000000000, 0.000000000000000000, 1.000000000000000000 ) ) ;
#3539 = PRODUCT_DEFINITION ( 'æœ', '', #4223, #5076 ) ;
#3540 = LINE ( 'NONE', #4867, #904 ) ;
#3541 = DIRECTION ( 'NONE',  ( 1.000000000000000000, 0.000000000000000000, 2.775557561562891351E-16 ) ) ;
#3542 = DIRECTION ( 'NONE',  ( 0.000000000000000000, 1.000000000000000000, -0.000000000000000000 ) ) ;
#3543 = ORIENTED_EDGE ( 'NONE', *, *, #1525, .T. ) ;
#3544 = EDGE_CURVE ( 'NONE', #5159, #2596, #1626, .T. ) ;
#3545 = LINE ( 'NONE', #1495, #1429 ) ;
#3546 = FACE_OUTER_BOUND ( 'NONE', #3351, .T. ) ;
#3547 = VERTEX_POINT ( 'NONE', #5346 ) ;
#3548 = CARTESIAN_POINT ( 'NONE',  ( 0.7499999999999867883, -2.000000000000000000, 11.99999999999999112 ) ) ;
#3549 = CARTESIAN_POINT ( 'NONE',  ( -23.25000000000001421, -5.000000000000000000, 11.99999999999999112 ) ) ;
#3550 = DIRECTION ( 'NONE',  ( 0.000000000000000000, 1.000000000000000000, -0.000000000000000000 ) ) ;
#3551 = EDGE_CURVE ( 'NONE', #5080, #845, #5433, .T. ) ;
#3552 = VECTOR ( 'NONE', #714, 1000.000000000000000 ) ;
#3553 = EDGE_LOOP ( 'NONE', ( #3065, #2057, #3277, #4275, #378, #558 ) ) ;
#3554 = CARTESIAN_POINT ( 'NONE',  ( -23.25000000000001421, -5.000000000000000000, -11.99999999999999112 ) ) ;
#3555 = CARTESIAN_POINT ( 'NONE',  ( 17.00000000000001066, -2.000000000000000000, -20.35999999999977916 ) ) ;
#3556 = VECTOR ( 'NONE', #3057, 1000.000000000000000 ) ;
#3557 = ORIENTED_EDGE ( 'NONE', *, *, #5096, .F. ) ;
#3558 = EDGE_CURVE ( 'NONE', #3056, #2934, #4932, .T. ) ;
#3559 = ADVANCED_FACE ( 'NONE', ( #686 ), #3686, .T. ) ;
#3560 = VERTEX_POINT ( 'NONE', #4075 ) ;
#3561 = VECTOR ( 'NONE', #256, 999.9999999999998863 ) ;
#3562 = CARTESIAN_POINT ( 'NONE',  ( 0.7499999999999867883, -2.000000000000000000, -11.99999999999999112 ) ) ;
#3563 = ORIENTED_EDGE ( 'NONE', *, *, #4060, .T. ) ;
#3564 = LINE ( 'NONE', #3113, #5015 ) ;
#3565 = ORIENTED_EDGE ( 'NONE', *, *, #3415, .T. ) ;
#3566 = CARTESIAN_POINT ( 'NONE',  ( -32.99999999999998579, -2.000000000000000000, -22.74999999999998934 ) ) ;
#3567 = AXIS2_PLACEMENT_3D ( 'NONE', #3240, #711, #3318 ) ;
#3568 = LINE ( 'NONE', #1455, #4246 ) ;
#3569 = LINE ( 'NONE', #4368, #4622 ) ;
#3570 = DIRECTION ( 'NONE',  ( 0.000000000000000000, 0.000000000000000000, 1.000000000000000000 ) ) ;
#3571 = DIRECTION ( 'NONE',  ( 0.4999999999999997224, 0.000000000000000000, -0.8660254037844387076 ) ) ;
#3572 = VERTEX_POINT ( 'NONE', #1549 ) ;
#3573 = DIRECTION ( 'NONE',  ( 0.000000000000000000, 1.000000000000000000, 0.000000000000000000 ) ) ;
#3574 = LINE ( 'NONE', #655, #3148 ) ;
#3575 = MANIFOLD_SOLID_BREP ( '\X2\586b514596355217\X0\1', #1749 ) ;
#3576 = ORIENTED_EDGE ( 'NONE', *, *, #65, .F. ) ;
#3577 = DIRECTION ( 'NONE',  ( 0.000000000000000000, 1.000000000000000000, -0.000000000000000000 ) ) ;
#3578 = LINE ( 'NONE', #1021, #5474 ) ;
#3579 = LINE ( 'NONE', #4081, #1275 ) ;
#3580 = ORIENTED_EDGE ( 'NONE', *, *, #4768, .F. ) ;
#3581 = VECTOR ( 'NONE', #4007, 1000.000000000000000 ) ;
#3582 = CARTESIAN_POINT ( 'NONE',  ( 7.921912957190708759, -5.000000000000000000, 3.196152700731393163E-15 ) ) ;
#3583 = CARTESIAN_POINT ( 'NONE',  ( 13.00000000000000533, 0.000000000000000000, -19.75000000000000000 ) ) ;
#3584 = ORIENTED_EDGE ( 'NONE', *, *, #5413, .T. ) ;
#3585 = AXIS2_PLACEMENT_3D ( 'NONE', #4607, #827, #1663 ) ;
#3586 = ADVANCED_FACE ( 'NONE', ( #2463 ), #765, .T. ) ;
#3587 = ORIENTED_EDGE ( 'NONE', *, *, #1285, .T. ) ;
#3588 = CARTESIAN_POINT ( 'NONE',  ( 0.7499999999999867883, -5.000000000000000000, 11.99999999999999112 ) ) ;
#3589 = ORIENTED_EDGE ( 'NONE', *, *, #4415, .T. ) ;
#3590 = EDGE_CURVE ( 'NONE', #977, #689, #2848, .T. ) ;
#3591 = FACE_BOUND ( 'NONE', #3833, .T. ) ;
#3592 = VERTEX_POINT ( 'NONE', #2043 ) ;
#3593 = CARTESIAN_POINT ( 'NONE',  ( -19.08196167142837396, -2.000000000000000000, -11.01697570766528322 ) ) ;
#3594 = VECTOR ( 'NONE', #3367, 1000.000000000000000 ) ;
#3595 = LINE ( 'NONE', #2288, #5359 ) ;
#3596 = AXIS2_PLACEMENT_3D ( 'NONE', #4983, #1174, #2874 ) ;
#3597 = AXIS2_PLACEMENT_3D ( 'NONE', #1091, #5337, #1926 ) ;
#3598 = CARTESIAN_POINT ( 'NONE',  ( -3.457021760702332802, 0.000000000000000000, 18.65812871223563008 ) ) ;
#3599 = DIRECTION ( 'NONE',  ( 0.8660254037844388186, 0.000000000000000000, 0.4999999999999997780 ) ) ;
#3600 = EDGE_CURVE ( 'NONE', #3390, #5358, #3710, .T. ) ;
#3601 = LINE ( 'NONE', #1068, #4004 ) ;
#3602 = ORIENTED_EDGE ( 'NONE', *, *, #1588, .F. ) ;
#3603 = EDGE_CURVE ( 'NONE', #1642, #1964, #3291, .T. ) ;
#3604 = DIRECTION ( 'NONE',  ( -0.5000000000000000000, 0.000000000000000000, -0.8660254037844385966 ) ) ;
#3605 = CARTESIAN_POINT ( 'NONE',  ( -39.49999999999998579, -2.000000000000000000, 25.00000000000000711 ) ) ;
#3606 = VECTOR ( 'NONE', #465, 1000.000000000000000 ) ;
#3607 = CARTESIAN_POINT ( 'NONE',  ( 0.7499999999999867883, -5.000000000000000000, 14.49999999999999112 ) ) ;
#3608 = EDGE_LOOP ( 'NONE', ( #145, #2006, #2890, #2866 ) ) ;
#3609 = CARTESIAN_POINT ( 'NONE',  ( 0.000000000000000000, 0.000000000000000000, 0.000000000000000000 ) ) ;
#3610 = LINE ( 'NONE', #4027, #3467 ) ;
#3611 = CARTESIAN_POINT ( 'NONE',  ( -23.62893471789305622, -2.000000000000000000, 18.65812871223563008 ) ) ;
#3612 = VECTOR ( 'NONE', #1238, 1000.000000000000000 ) ;
#3613 = ORIENTED_EDGE ( 'NONE', *, *, #1740, .F. ) ;
#3614 = FACE_OUTER_BOUND ( 'NONE', #4049, .T. ) ;
#3615 = CARTESIAN_POINT ( 'NONE',  ( 0.000000000000000000, -2.000000000000000000, -21.35999999999977916 ) ) ;
#3616 = ORIENTED_EDGE ( 'NONE', *, *, #644, .F. ) ;
#3617 = EDGE_CURVE ( 'NONE', #1735, #1235, #5138, .T. ) ;
#3618 = VERTEX_POINT ( 'NONE', #2173 ) ;
#3619 = EDGE_CURVE ( 'NONE', #502, #3220, #2617, .T. ) ;
#3620 = DIRECTION ( 'NONE',  ( 1.000000000000000000, 0.000000000000000000, 2.775557561562891351E-16 ) ) ;
#3621 = ORIENTED_EDGE ( 'NONE', *, *, #3967, .F. ) ;
#3622 = VECTOR ( 'NONE', #4074, 1000.000000000000000 ) ;
#3623 = LINE ( 'NONE', #3195, #5092 ) ;
#3624 = ORIENTED_EDGE ( 'NONE', *, *, #3337, .F. ) ;
#3625 = CARTESIAN_POINT ( 'NONE',  ( 16.00000000000000000, -2.000000000000000000, -22.74999999999999645 ) ) ;
#3626 = DIRECTION ( 'NONE',  ( -0.8660254037844387076, 0.000000000000000000, 0.4999999999999999445 ) ) ;
#3627 = ADVANCED_FACE ( 'NONE', ( #1364 ), #4691, .F. ) ;
#3628 = DIRECTION ( 'NONE',  ( 0.000000000000000000, 1.000000000000000000, -0.000000000000000000 ) ) ;
#3629 = FACE_OUTER_BOUND ( 'NONE', #382, .T. ) ;
#3630 = DIRECTION ( 'NONE',  ( 0.000000000000000000, 1.000000000000000000, 0.000000000000000000 ) ) ;
#3631 = ORIENTED_EDGE ( 'NONE', *, *, #4231, .F. ) ;
#3632 = DIRECTION ( 'NONE',  ( 0.4999999999999997224, 0.000000000000000000, -0.8660254037844387076 ) ) ;
#3633 = DIRECTION ( 'NONE',  ( 0.000000000000000000, 1.000000000000000000, 0.000000000000000000 ) ) ;
#3634 = EDGE_LOOP ( 'NONE', ( #3563, #2471, #1331, #1452 ) ) ;
#3635 = DIRECTION ( 'NONE',  ( 0.4999999999999997224, -0.000000000000000000, -0.8660254037844387076 ) ) ;
#3636 = CARTESIAN_POINT ( 'NONE',  ( -32.42191295719072741, -5.000000000000000000, 13.88212814779782001 ) ) ;
#3637 = DIRECTION ( 'NONE',  ( 0.000000000000000000, 1.000000000000000000, -0.000000000000000000 ) ) ;
#3638 = ORIENTED_EDGE ( 'NONE', *, *, #1524, .F. ) ;
#3639 = CARTESIAN_POINT ( 'NONE',  ( -20.56643471789304556, -2.000000000000000000, 11.87403662064641274 ) ) ;
#3640 = DIRECTION ( 'NONE',  ( 1.000000000000000000, -0.000000000000000000, 0.000000000000000000 ) ) ;
#3641 = EDGE_LOOP ( 'NONE', ( #4700, #4465, #3014, #76, #3414, #3121 ) ) ;
#3642 = ORIENTED_EDGE ( 'NONE', *, *, #4300, .T. ) ;
#3643 = CARTESIAN_POINT ( 'NONE',  ( -11.25000000000001421, 0.000000000000000000, 7.286453133402096100E-15 ) ) ;
#3644 = VERTEX_POINT ( 'NONE', #2692 ) ;
#3645 = CARTESIAN_POINT ( 'NONE',  ( 17.96489119648838440, -5.000000000000000000, 6.941064073898911779 ) ) ;
#3646 = VERTEX_POINT ( 'NONE', #1753 ) ;
#3647 = DIRECTION ( 'NONE',  ( 0.000000000000000000, 1.000000000000000000, 0.000000000000000000 ) ) ;
#3648 = VECTOR ( 'NONE', #3180, 1000.000000000000000 ) ;
#3649 = EDGE_CURVE ( 'NONE', #2218, #550, #4816, .T. ) ;
#3650 = CIRCLE ( 'NONE', #1082, 2.999999999999995559 ) ;
#3651 = VECTOR ( 'NONE', #2633, 1000.000000000000000 ) ;
#3652 = DIRECTION ( 'NONE',  ( 1.000000000000000000, 0.000000000000000000, 2.775557561562891351E-16 ) ) ;
#3653 = VECTOR ( 'NONE', #1638, 1000.000000000000000 ) ;
#3654 = DIRECTION ( 'NONE',  ( -0.5000000000000000000, 0.000000000000000000, 0.8660254037844385966 ) ) ;
#3655 = AXIS2_PLACEMENT_3D ( 'NONE', #3264, #5431, #4148 ) ;
#3656 = DIRECTION ( 'NONE',  ( 0.4999999999999997224, 0.000000000000000000, -0.8660254037844387076 ) ) ;
#3657 = CARTESIAN_POINT ( 'NONE',  ( -23.25000000000001421, -5.000000000000000000, -14.49999999999999112 ) ) ;
#3658 = CARTESIAN_POINT ( 'NONE',  ( -35.99999999999992895, -2.000000000000000000, 1.110223024625149977E-13 ) ) ;
#3659 = CARTESIAN_POINT ( 'NONE',  ( -36.21489119648840926, -5.000000000000000000, 4.776000564437814511 ) ) ;
#3660 = PLANE ( 'NONE',  #802 ) ;
#3661 = ADVANCED_FACE ( 'NONE', ( #4747 ), #3087, .F. ) ;
#3662 = ADVANCED_FACE ( 'NONE', ( #1420 ), #4330, .T. ) ;
#3663 = ORIENTED_EDGE ( 'NONE', *, *, #5422, .F. ) ;
#3664 = CARTESIAN_POINT ( 'NONE',  ( -30.32757253518502338, -2.000000000000000000, -17.50963216705696368 ) ) ;
#3665 = ORIENTED_EDGE ( 'NONE', *, *, #946, .T. ) ;
#3666 = ORIENTED_EDGE ( 'NONE', *, *, #4416, .F. ) ;
#3667 = FACE_OUTER_BOUND ( 'NONE', #2991, .T. ) ;
#3668 = CARTESIAN_POINT ( 'NONE',  ( 18.99999999999999645, 0.000000000000000000, -24.50000000000000355 ) ) ;
#3669 = VERTEX_POINT ( 'NONE', #898 ) ;
#3670 = VERTEX_POINT ( 'NONE', #5195 ) ;
#3671 = LINE ( 'NONE', #3253, #1709 ) ;
#3672 = ORIENTED_EDGE ( 'NONE', *, *, #3999, .F. ) ;
#3673 = FACE_BOUND ( 'NONE', #2545, .T. ) ;
#3674 = ORIENTED_EDGE ( 'NONE', *, *, #894, .T. ) ;
#3675 = VECTOR ( 'NONE', #440, 1000.000000000000000 ) ;
#3676 = DIRECTION ( 'NONE',  ( 0.000000000000000000, 1.000000000000000000, 0.000000000000000000 ) ) ;
#3677 = VECTOR ( 'NONE', #634, 1000.000000000000227 ) ;
#3678 = CARTESIAN_POINT ( 'NONE',  ( -23.25000000000001421, -5.000000000000000000, -11.99999999999999112 ) ) ;
#3679 = AXIS2_PLACEMENT_3D ( 'NONE', #4788, #3213, #2294 ) ;
#3680 = CARTESIAN_POINT ( 'NONE',  ( -5.957021760702333246, -2.000000000000000000, 18.65812871223563363 ) ) ;
#3681 = VECTOR ( 'NONE', #5425, 1000.000000000000114 ) ;
#3682 = AXIS2_PLACEMENT_3D ( 'NONE', #787, #3787, #1673 ) ;
#3683 = DIRECTION ( 'NONE',  ( 0.4999999999999997224, -0.000000000000000000, -0.8660254037844387076 ) ) ;
#3684 = DIRECTION ( 'NONE',  ( 0.8660254037844387076, 0.000000000000000000, -0.5000000000000001110 ) ) ;
#3685 = VECTOR ( 'NONE', #5099, 1000.000000000000000 ) ;
#3686 = CYLINDRICAL_SURFACE ( 'NONE', #1250, 2.499999999999998668 ) ;
#3687 = CARTESIAN_POINT ( 'NONE',  ( 16.71489119648838440, 0.000000000000000000, 9.106127583360008160 ) ) ;
#3688 = DIRECTION ( 'NONE',  ( -5.551115123125782702E-17, 0.000000000000000000, -1.000000000000000000 ) ) ;
#3689 = DIRECTION ( 'NONE',  ( -1.000000000000000000, 0.000000000000000000, 5.551115123125782702E-17 ) ) ;
#3690 = ORIENTED_EDGE ( 'NONE', *, *, #594, .F. ) ;
#3691 = EDGE_LOOP ( 'NONE', ( #3939, #1800, #4408, #2388 ) ) ;
#3692 = ADVANCED_FACE ( 'NONE', ( #374, #3419 ), #4775, .F. ) ;
#3693 = CARTESIAN_POINT ( 'NONE',  ( -39.00000000000000711, -2.000000000000000000, 23.10000000000002984 ) ) ;
#3694 = DIRECTION ( 'NONE',  ( 0.4999999999999998890, -0.000000000000000000, 0.8660254037844387076 ) ) ;
#3695 = ORIENTED_EDGE ( 'NONE', *, *, #3784, .T. ) ;
#3696 = CARTESIAN_POINT ( 'NONE',  ( 18.99999999999999645, -2.000000000000000000, 24.50000000000002487 ) ) ;
#3697 = AXIS2_PLACEMENT_3D ( 'NONE', #5381, #2828, #4521 ) ;
#3698 = ORIENTED_EDGE ( 'NONE', *, *, #500, .F. ) ;
#3699 = CYLINDRICAL_SURFACE ( 'NONE', #2958, 3.000000000000002665 ) ;
#3700 = ORIENTED_EDGE ( 'NONE', *, *, #250, .F. ) ;
#3701 = CARTESIAN_POINT ( 'NONE',  ( 16.00000000000000355, -2.000000000000000000, -24.99999999999999645 ) ) ;
#3702 = EDGE_LOOP ( 'NONE', ( #2635, #944, #693, #928, #5399, #2361 ) ) ;
#3703 = DIRECTION ( 'NONE',  ( -1.000000000000000000, 0.000000000000000000, 5.551115123125782702E-17 ) ) ;
#3704 = AXIS2_PLACEMENT_3D ( 'NONE', #343, #3684, #764 ) ;
#3705 = CARTESIAN_POINT ( 'NONE',  ( 4.128934717893026907, -5.000000000000000000, 9.106127583360008160 ) ) ;
#3706 = ORIENTED_EDGE ( 'NONE', *, *, #2916, .T. ) ;
#3707 = FACE_OUTER_BOUND ( 'NONE', #4893, .T. ) ;
#3708 = FACE_OUTER_BOUND ( 'NONE', #4520, .T. ) ;
#3709 = CARTESIAN_POINT ( 'NONE',  ( -36.21489119648840926, -5.000000000000000000, 9.106127583360008160 ) ) ;
#3710 = LINE ( 'NONE', #5404, #4799 ) ;
#3711 = CARTESIAN_POINT ( 'NONE',  ( 9.171912957190707871, 0.000000000000000000, -2.165063509461093716 ) ) ;
#3712 = DIRECTION ( 'NONE',  ( 0.000000000000000000, 0.000000000000000000, 1.000000000000000000 ) ) ;
#3713 = FACE_OUTER_BOUND ( 'NONE', #3360, .T. ) ;
#3714 = EDGE_LOOP ( 'NONE', ( #4554, #2495, #1367, #1975 ) ) ;
#3715 = EDGE_CURVE ( 'NONE', #730, #50, #2250, .T. ) ;
#3716 = ORIENTED_EDGE ( 'NONE', *, *, #4134, .T. ) ;
#3717 = LINE ( 'NONE', #3693, #2883 ) ;
#3718 = DIRECTION ( 'NONE',  ( 0.000000000000000000, 1.000000000000000000, -0.000000000000000000 ) ) ;
#3719 = AXIS2_PLACEMENT_3D ( 'NONE', #7, #4256, #2592 ) ;
#3720 = ORIENTED_EDGE ( 'NONE', *, *, #2667, .T. ) ;
#3721 = EDGE_CURVE ( 'NONE', #1432, #842, #2665, .T. ) ;
#3722 = DIRECTION ( 'NONE',  ( 0.000000000000000000, 0.000000000000000000, 1.000000000000000000 ) ) ;
#3723 = ORIENTED_EDGE ( 'NONE', *, *, #5458, .F. ) ;
#3724 = CARTESIAN_POINT ( 'NONE',  ( 7.921912957190708759, 0.000000000000000000, -13.88212814779781645 ) ) ;
#3725 = ORIENTED_EDGE ( 'NONE', *, *, #1270, .F. ) ;
#3726 = ADVANCED_FACE ( 'NONE', ( #30 ), #3005, .T. ) ;
#3727 = LINE ( 'NONE', #2554, #4002 ) ;
#3728 = ORIENTED_EDGE ( 'NONE', *, *, #1979, .T. ) ;
#3729 = CARTESIAN_POINT ( 'NONE',  ( -32.46489119648840216, 0.000000000000000000, 6.941064073898911779 ) ) ;
#3730 = EDGE_CURVE ( 'NONE', #3220, #2423, #3037, .T. ) ;
#3731 = CIRCLE ( 'NONE', #4881, 2.499999999999998668 ) ;
#3732 = CYLINDRICAL_SURFACE ( 'NONE', #1611, 2.499999999999998668 ) ;
#3733 = VERTEX_POINT ( 'NONE', #3451 ) ;
#3734 = AXIS2_PLACEMENT_3D ( 'NONE', #3344, #2046, #5463 ) ;
#3735 = FACE_OUTER_BOUND ( 'NONE', #1396, .T. ) ;
#3736 = LINE ( 'NONE', #2168, #672 ) ;
#3737 = DIRECTION ( 'NONE',  ( -5.551115123125782702E-17, 0.000000000000000000, -1.000000000000000000 ) ) ;
#3738 = VECTOR ( 'NONE', #1293, 1000.000000000000000 ) ;
#3739 = CARTESIAN_POINT ( 'NONE',  ( 6.628934717893026018, 0.000000000000000000, 9.106127583360008160 ) ) ;
#3740 = CIRCLE ( 'NONE', #3913, 1.399999999999998579 ) ;
#3741 = AXIS2_PLACEMENT_3D ( 'NONE', #5009, #1200, #1172 ) ;
#3742 = DIRECTION ( 'NONE',  ( 0.000000000000000000, 1.000000000000000000, -0.000000000000000000 ) ) ;
#3743 = DIRECTION ( 'NONE',  ( -0.5000000000000000000, 0.000000000000000000, -0.8660254037844385966 ) ) ;
#3744 = LINE ( 'NONE', #5021, #1129 ) ;
#3745 = ORIENTED_EDGE ( 'NONE', *, *, #2982, .F. ) ;
#3746 = ORIENTED_EDGE ( 'NONE', *, *, #4738, .T. ) ;
#3747 = DIRECTION ( 'NONE',  ( 0.4999999999999998890, -0.000000000000000000, 0.8660254037844387076 ) ) ;
#3748 = LINE ( 'NONE', #1137, #2531 ) ;
#3749 = ORIENTED_EDGE ( 'NONE', *, *, #1880, .T. ) ;
#3750 = CARTESIAN_POINT ( 'NONE',  ( 18.99999999999999645, -2.000000000000000000, -23.10000000000000497 ) ) ;
#3751 = ORIENTED_EDGE ( 'NONE', *, *, #5283, .F. ) ;
#3752 = DIRECTION ( 'NONE',  ( 0.000000000000000000, 1.000000000000000000, 0.000000000000000000 ) ) ;
#3753 = ORIENTED_EDGE ( 'NONE', *, *, #816, .T. ) ;
#3754 = CARTESIAN_POINT ( 'NONE',  ( -23.25000000000001421, -5.000000000000000000, 10.54999999999999183 ) ) ;
#3755 = EDGE_LOOP ( 'NONE', ( #772, #5329, #4215, #3135 ) ) ;
#3756 = DIRECTION ( 'NONE',  ( 0.000000000000000000, 0.000000000000000000, 1.000000000000000000 ) ) ;
#3757 = AXIS2_PLACEMENT_3D ( 'NONE', #109, #3889, #1385 ) ;
#3758 = LINE ( 'NONE', #3841, #2792 ) ;
#3759 = VERTEX_POINT ( 'NONE', #1339 ) ;
#3760 = DIRECTION ( 'NONE',  ( 0.000000000000000000, 1.000000000000000000, 0.000000000000000000 ) ) ;
#3761 = ADVANCED_FACE ( 'NONE', ( #4720 ), #531, .T. ) ;
#3762 = CIRCLE ( 'NONE', #5261, 1.000000000000000888 ) ;
#3763 = FACE_OUTER_BOUND ( 'NONE', #4057, .T. ) ;
#3764 = CARTESIAN_POINT ( 'NONE',  ( -37.11537512330425415, -2.000000000000000000, 21.42857181851364956 ) ) ;
#3765 = DIRECTION ( 'NONE',  ( 0.000000000000000000, 1.000000000000000000, -0.000000000000000000 ) ) ;
#3766 = FACE_OUTER_BOUND ( 'NONE', #2357, .T. ) ;
#3767 = EDGE_CURVE ( 'NONE', #3347, #4981, #88, .T. ) ;
#3768 = ADVANCED_FACE ( 'NONE', ( #1837 ), #3479, .T. ) ;
#3769 = CARTESIAN_POINT ( 'NONE',  ( -17.29297823929769251, -2.000000000000000000, 20.82319222169673267 ) ) ;
#3770 = ORIENTED_EDGE ( 'NONE', *, *, #87, .T. ) ;
#3771 = VECTOR ( 'NONE', #4594, 1000.000000000000000 ) ;
#3772 = ORIENTED_EDGE ( 'NONE', *, *, #1459, .F. ) ;
#3773 = CIRCLE ( 'NONE', #5457, 2.999999999999999112 ) ;
#3774 = CARTESIAN_POINT ( 'NONE',  ( -33.71489119648840926, -5.000000000000000000, -4.776000564437812734 ) ) ;
#3775 = DIRECTION ( 'NONE',  ( -0.5000000000000001110, 0.000000000000000000, -0.8660254037844387076 ) ) ;
#3776 = DIRECTION ( 'NONE',  ( 1.000000000000000000, 0.000000000000000000, 2.775557561562891351E-16 ) ) ;
#3777 = ORIENTED_EDGE ( 'NONE', *, *, #533, .F. ) ;
#3778 = PLANE ( 'NONE',  #3230 ) ;
#3779 = ORIENTED_EDGE ( 'NONE', *, *, #2511, .F. ) ;
#3780 = DIRECTION ( 'NONE',  ( 0.000000000000000000, 1.000000000000000000, 0.000000000000000000 ) ) ;
#3781 = VERTEX_POINT ( 'NONE', #4037 ) ;
#3782 = VECTOR ( 'NONE', #3994, 1000.000000000000000 ) ;
#3783 = ADVANCED_FACE ( 'NONE', ( #4087 ), #222, .T. ) ;
#3784 = EDGE_CURVE ( 'NONE', #4808, #3905, #1895, .T. ) ;
#3785 = VERTEX_POINT ( 'NONE', #4064 ) ;
#3786 = EDGE_CURVE ( 'NONE', #5352, #1235, #5173, .T. ) ;
#3787 = DIRECTION ( 'NONE',  ( -5.551115123125782702E-17, 0.000000000000000000, -1.000000000000000000 ) ) ;
#3788 = ORIENTED_EDGE ( 'NONE', *, *, #5316, .F. ) ;
#3789 = FACE_OUTER_BOUND ( 'NONE', #3193, .T. ) ;
#3790 = VECTOR ( 'NONE', #4602, 999.9999999999998863 ) ;
#3791 = EDGE_CURVE ( 'NONE', #3085, #1432, #5362, .T. ) ;
#3792 = LINE ( 'NONE', #3392, #4427 ) ;
#3793 = LINE ( 'NONE', #4623, #1814 ) ;
#3794 = DIRECTION ( 'NONE',  ( -0.000000000000000000, -1.000000000000000000, 0.000000000000000000 ) ) ;
#3795 = EDGE_CURVE ( 'NONE', #4130, #1748, #1923, .T. ) ;
#3796 = DIRECTION ( 'NONE',  ( 0.000000000000000000, 1.000000000000000000, -0.000000000000000000 ) ) ;
#3797 = ORIENTED_EDGE ( 'NONE', *, *, #485, .F. ) ;
#3798 = ORIENTED_EDGE ( 'NONE', *, *, #3767, .F. ) ;
#3799 = DIRECTION ( 'NONE',  ( 0.000000000000000000, 1.000000000000000000, 0.000000000000000000 ) ) ;
#3800 = DIRECTION ( 'NONE',  ( 0.4999999999999997224, 0.000000000000000000, -0.8660254037844388186 ) ) ;
#3801 = ORIENTED_EDGE ( 'NONE', *, *, #2802, .F. ) ;
#3802 = CARTESIAN_POINT ( 'NONE',  ( -27.42191295719072386, 0.000000000000000000, 3.181541164974270327E-15 ) ) ;
#3803 = ORIENTED_EDGE ( 'NONE', *, *, #3258, .T. ) ;
#3804 = CARTESIAN_POINT ( 'NONE',  ( -39.00000000000000000, 0.000000000000000000, -27.99999999999999645 ) ) ;
#3805 = ORIENTED_EDGE ( 'NONE', *, *, #1407, .T. ) ;
#3806 = PLANE ( 'NONE',  #357 ) ;
#3807 = ORIENTED_EDGE ( 'NONE', *, *, #3442, .F. ) ;
#3808 = ORIENTED_EDGE ( 'NONE', *, *, #816, .F. ) ;
#3809 = DIRECTION ( 'NONE',  ( 0.4999999999999997224, 0.000000000000000000, -0.8660254037844388186 ) ) ;
#3810 = ORIENTED_EDGE ( 'NONE', *, *, #1276, .T. ) ;
#3811 = EDGE_CURVE ( 'NONE', #1927, #834, #1899, .T. ) ;
#3812 = LINE ( 'NONE', #483, #1195 ) ;
#3813 = DIRECTION ( 'NONE',  ( 0.000000000000000000, 1.000000000000000000, -0.000000000000000000 ) ) ;
#3814 = VECTOR ( 'NONE', #3876, 1000.000000000000000 ) ;
#3815 = VECTOR ( 'NONE', #2217, 1000.000000000000000 ) ;
#3816 = CARTESIAN_POINT ( 'NONE',  ( 0.7499999999999871214, -5.000000000000000000, -14.49999999999999112 ) ) ;
#3817 = EDGE_CURVE ( 'NONE', #5179, #1896, #4480, .T. ) ;
#3818 = CARTESIAN_POINT ( 'NONE',  ( -33.71489119648840926, 0.000000000000000000, 9.106127583360008160 ) ) ;
#3819 = ORIENTED_EDGE ( 'NONE', *, *, #3186, .T. ) ;
#3820 = AXIS2_PLACEMENT_3D ( 'NONE', #4433, #130, #3073 ) ;
#3821 = EDGE_LOOP ( 'NONE', ( #4608, #4224 ) ) ;
#3822 = DIRECTION ( 'NONE',  ( 0.000000000000000000, 0.000000000000000000, 1.000000000000000000 ) ) ;
#3823 = EDGE_CURVE ( 'NONE', #825, #2251, #1564, .T. ) ;
#3824 = ADVANCED_FACE ( 'NONE', ( #4947 ), #1120, .T. ) ;
#3825 = CARTESIAN_POINT ( 'NONE',  ( -6.504277471251330134E-16, -2.000000000000000000, -11.71706463833672096 ) ) ;
#3826 = COLOUR_RGB ( '',0.7921568627450980005, 0.8196078431372548767, 0.9333333333333333481 ) ;
#3827 = VERTEX_POINT ( 'NONE', #4420 ) ;
#3828 = CARTESIAN_POINT ( 'NONE',  ( 1.942890293094084025E-13, -2.000000000000000000, -27.99999999999972644 ) ) ;
#3829 = CARTESIAN_POINT ( 'NONE',  ( -27.42191295719072741, 0.000000000000000000, -13.88212814779781645 ) ) ;
#3830 = ORIENTED_EDGE ( 'NONE', *, *, #1850, .T. ) ;
#3831 = EDGE_CURVE ( 'NONE', #3359, #646, #5277, .T. ) ;
#3832 = CARTESIAN_POINT ( 'NONE',  ( -23.25000000000001421, -5.000000000000000000, -10.54999999999999183 ) ) ;
#3833 = EDGE_LOOP ( 'NONE', ( #5271, #1769 ) ) ;
#3834 = DIRECTION ( 'NONE',  ( -0.000000000000000000, -1.000000000000000000, 0.000000000000000000 ) ) ;
#3835 = EDGE_LOOP ( 'NONE', ( #3444, #4660, #223, #759 ) ) ;
#3836 = EDGE_CURVE ( 'NONE', #3945, #825, #3979, .T. ) ;
#3837 = EDGE_CURVE ( 'NONE', #5095, #3842, #1974, .T. ) ;
#3838 = ADVANCED_FACE ( 'NONE', ( #2747 ), #4391, .T. ) ;
#3839 = LINE ( 'NONE', #4276, #1644 ) ;
#3840 = EDGE_LOOP ( 'NONE', ( #3107, #4627, #527, #4286 ) ) ;
#3841 = CARTESIAN_POINT ( 'NONE',  ( -3.953026953535327959, -2.000000000000000000, -2.282281175737467027 ) ) ;
#3842 = VERTEX_POINT ( 'NONE', #4505 ) ;
#3843 = CARTESIAN_POINT ( 'NONE',  ( 9.171912957190707871, -5.000000000000000000, -16.04719165725891372 ) ) ;
#3844 = CARTESIAN_POINT ( 'NONE',  ( 14.21489119648838262, -5.000000000000000000, 4.776000564437814511 ) ) ;
#3845 = VECTOR ( 'NONE', #4972, 1000.000000000000000 ) ;
#3846 = EDGE_CURVE ( 'NONE', #839, #59, #1864, .T. ) ;
#3847 = CARTESIAN_POINT ( 'NONE',  ( -23.25000000000001421, -2.000000000000000000, 11.99999999999999112 ) ) ;
#3848 = ORIENTED_EDGE ( 'NONE', *, *, #715, .F. ) ;
#3849 = CIRCLE ( 'NONE', #2426, 1.399999999999998579 ) ;
#3850 = DIRECTION ( 'NONE',  ( 1.000000000000000000, 0.000000000000000000, 2.775557561562891351E-16 ) ) ;
#3851 = VERTEX_POINT ( 'NONE', #2390 ) ;
#3852 = EDGE_CURVE ( 'NONE', #3499, #1633, #3671, .T. ) ;
#3853 = EDGE_LOOP ( 'NONE', ( #2571, #4193, #800, #1486 ) ) ;
#3854 = LINE ( 'NONE', #2523, #3612 ) ;
#3855 = DIRECTION ( 'NONE',  ( 0.000000000000000000, 1.000000000000000000, -0.000000000000000000 ) ) ;
#3856 = VERTEX_POINT ( 'NONE', #1447 ) ;
#3857 = LINE ( 'NONE', #1767, #4846 ) ;
#3858 = CARTESIAN_POINT ( 'NONE',  ( 9.171912957190709648, 0.000000000000000000, 16.04719165725891727 ) ) ;
#3859 = VECTOR ( 'NONE', #283, 1000.000000000000000 ) ;
#3860 = VECTOR ( 'NONE', #2068, 1000.000000000000000 ) ;
#3861 = EDGE_CURVE ( 'NONE', #3056, #2336, #3309, .T. ) ;
#3862 = ORIENTED_EDGE ( 'NONE', *, *, #3600, .T. ) ;
#3863 = VECTOR ( 'NONE', #3775, 999.9999999999998863 ) ;
#3864 = FACE_OUTER_BOUND ( 'NONE', #553, .T. ) ;
#3865 = ORIENTED_EDGE ( 'NONE', *, *, #4583, .F. ) ;
#3866 = LINE ( 'NONE', #557, #1070 ) ;
#3867 = ORIENTED_EDGE ( 'NONE', *, *, #5189, .T. ) ;
#3868 = LINE ( 'NONE', #1335, #576 ) ;
#3869 = EDGE_LOOP ( 'NONE', ( #4248, #3246, #1223, #3311 ) ) ;
#3870 = CARTESIAN_POINT ( 'NONE',  ( -37.46489119648840926, -5.000000000000000000, 20.82319222169673267 ) ) ;
#3871 = CARTESIAN_POINT ( 'NONE',  ( -23.25000000000001421, -2.000000000000000000, 11.99999999999999112 ) ) ;
#3872 = ORIENTED_EDGE ( 'NONE', *, *, #5175, .T. ) ;
#3873 = CARTESIAN_POINT ( 'NONE',  ( 18.99999999999999645, 0.000000000000000000, 23.10000000000002629 ) ) ;
#3874 = CIRCLE ( 'NONE', #2714, 2.499999999999998668 ) ;
#3875 = CARTESIAN_POINT ( 'NONE',  ( 22.49037512330423283, -2.000000000000000000, 12.98482413161536186 ) ) ;
#3876 = DIRECTION ( 'NONE',  ( 0.4999999999999997224, 0.000000000000000000, -0.8660254037844388186 ) ) ;
#3877 = ORIENTED_EDGE ( 'NONE', *, *, #4070, .T. ) ;
#3878 = DIRECTION ( 'NONE',  ( 0.000000000000000000, 0.000000000000000000, 1.000000000000000000 ) ) ;
#3879 = VERTEX_POINT ( 'NONE', #2305 ) ;
#3880 = VERTEX_POINT ( 'NONE', #4451 ) ;
#3881 = FACE_OUTER_BOUND ( 'NONE', #5493, .T. ) ;
#3882 = AXIS2_PLACEMENT_3D ( 'NONE', #3709, #3737, #5432 ) ;
#3883 = LINE ( 'NONE', #1765, #3410 ) ;
#3884 = ORIENTED_EDGE ( 'NONE', *, *, #894, .F. ) ;
#3885 = ADVANCED_FACE ( 'NONE', ( #642 ), #2415, .T. ) ;
#3886 = DIRECTION ( 'NONE',  ( 0.000000000000000000, 1.000000000000000000, 0.000000000000000000 ) ) ;
#3887 = LINE ( 'NONE', #1357, #360 ) ;
#3888 = VERTEX_POINT ( 'NONE', #334 ) ;
#3889 = DIRECTION ( 'NONE',  ( 0.8660254037844388186, 0.000000000000000000, 0.4999999999999997780 ) ) ;
#3890 = ORIENTED_EDGE ( 'NONE', *, *, #1962, .F. ) ;
#3891 = CARTESIAN_POINT ( 'NONE',  ( 21.00000000000001066, -2.000000000000000000, -15.35999999999977739 ) ) ;
#3892 = EDGE_LOOP ( 'NONE', ( #716, #2502, #2718, #4006 ) ) ;
#3893 = ORIENTED_EDGE ( 'NONE', *, *, #647, .T. ) ;
#3894 = EDGE_CURVE ( 'NONE', #586, #5054, #3384, .T. ) ;
#3895 = DIRECTION ( 'NONE',  ( 0.000000000000000000, 1.000000000000000000, 0.000000000000000000 ) ) ;
#3896 = EDGE_CURVE ( 'NONE', #5054, #4327, #4611, .T. ) ;
#3897 = EDGE_CURVE ( 'NONE', #3418, #1319, #1453, .T. ) ;
#3898 = DIRECTION ( 'NONE',  ( 0.000000000000000000, 1.000000000000000000, 0.000000000000000000 ) ) ;
#3899 = ORIENTED_EDGE ( 'NONE', *, *, #4389, .T. ) ;
#3900 = PLANE ( 'NONE',  #4736 ) ;
#3901 = DIRECTION ( 'NONE',  ( 0.4999999999999997224, 0.000000000000000000, -0.8660254037844387076 ) ) ;
#3902 = LINE ( 'NONE', #95, #2230 ) ;
#3903 = LINE ( 'NONE', #1702, #5143 ) ;
#3904 = DIRECTION ( 'NONE',  ( -1.000000000000000000, 0.000000000000000000, 5.551115123125782702E-17 ) ) ;
#3905 = VERTEX_POINT ( 'NONE', #2947 ) ;
#3906 = CARTESIAN_POINT ( 'NONE',  ( -31.17191295719072031, 0.000000000000000000, 2.165063509461099489 ) ) ;
#3907 = AXIS2_PLACEMENT_3D ( 'NONE', #2518, #2623, #5485 ) ;
#3908 = CARTESIAN_POINT ( 'NONE',  ( 0.7499999999999867883, -5.000000000000000000, -11.99999999999999112 ) ) ;
#3909 = AXIS2_PLACEMENT_3D ( 'NONE', #3084, #4906, #239 ) ;
#3910 = ORIENTED_EDGE ( 'NONE', *, *, #2916, .F. ) ;
#3911 = CARTESIAN_POINT ( 'NONE',  ( -27.42191295719072386, 0.000000000000000000, 13.88212814779782001 ) ) ;
#3912 = DIRECTION ( 'NONE',  ( -0.8660254037844387076, 0.000000000000000000, 0.4999999999999999445 ) ) ;
#3913 = AXIS2_PLACEMENT_3D ( 'NONE', #3696, #5026, #5385 ) ;
#3914 = ORIENTED_EDGE ( 'NONE', *, *, #5421, .T. ) ;
#3915 = VECTOR ( 'NONE', #1040, 1000.000000000000000 ) ;
#3916 = PLANE ( 'NONE',  #3757 ) ;
#3917 = ORIENTED_EDGE ( 'NONE', *, *, #5113, .T. ) ;
#3918 = CIRCLE ( 'NONE', #2229, 1.399999999999995026 ) ;
#3919 = VECTOR ( 'NONE', #1568, 1000.000000000000000 ) ;
#3920 = DIRECTION ( 'NONE',  ( 0.4999999999999998890, -0.000000000000000000, 0.8660254037844387076 ) ) ;
#3921 = ORIENTED_EDGE ( 'NONE', *, *, #1981, .F. ) ;
#3922 = AXIS2_PLACEMENT_3D ( 'NONE', #864, #477, #3236 ) ;
#3923 = EDGE_CURVE ( 'NONE', #4769, #100, #2865, .T. ) ;
#3924 = EDGE_LOOP ( 'NONE', ( #1444, #221 ) ) ;
#3925 = DIRECTION ( 'NONE',  ( 0.000000000000000000, 1.000000000000000000, -0.000000000000000000 ) ) ;
#3926 = ORIENTED_EDGE ( 'NONE', *, *, #2511, .T. ) ;
#3927 = FACE_BOUND ( 'NONE', #467, .T. ) ;
#3928 = VERTEX_POINT ( 'NONE', #1244 ) ;
#3929 = FACE_BOUND ( 'NONE', #2408, .T. ) ;
#3930 = DIRECTION ( 'NONE',  ( 0.000000000000000000, 0.000000000000000000, 1.000000000000000000 ) ) ;
#3931 = CARTESIAN_POINT ( 'NONE',  ( 11.67191295719070787, 0.000000000000000000, -16.04719165725891372 ) ) ;
#3932 = DIRECTION ( 'NONE',  ( -0.5000000000000000000, 0.000000000000000000, -0.8660254037844385966 ) ) ;
#3933 = ADVANCED_FACE ( 'NONE', ( #4555 ), #5077, .T. ) ;
#3934 = DIRECTION ( 'NONE',  ( 0.4999999999999998890, -0.000000000000000000, 0.8660254037844387076 ) ) ;
#3935 = ORIENTED_EDGE ( 'NONE', *, *, #2568, .T. ) ;
#3936 = CARTESIAN_POINT ( 'NONE',  ( -32.42191295719072741, 0.000000000000000000, 3.196152700731393163E-15 ) ) ;
#3937 = PLANE ( 'NONE',  #4732 ) ;
#3938 = CIRCLE ( 'NONE', #567, 3.000000000000002665 ) ;
#3939 = ORIENTED_EDGE ( 'NONE', *, *, #5066, .T. ) ;
#3940 = LINE ( 'NONE', #4345, #2455 ) ;
#3941 = LINE ( 'NONE', #3858, #1247 ) ;
#3942 = EDGE_LOOP ( 'NONE', ( #3884, #2693, #1026, #340 ) ) ;
#3943 = DIRECTION ( 'NONE',  ( 0.4999999999999998890, 0.000000000000000000, 0.8660254037844385966 ) ) ;
#3944 = DIRECTION ( 'NONE',  ( -0.5000000000000000000, 0.000000000000000000, 0.8660254037844385966 ) ) ;
#3945 = VERTEX_POINT ( 'NONE', #2062 ) ;
#3946 = AXIS2_PLACEMENT_3D ( 'NONE', #2044, #3742, #4600 ) ;
#3947 = EDGE_LOOP ( 'NONE', ( #141, #1616, #3243, #294 ) ) ;
#3948 = VECTOR ( 'NONE', #3141, 1000.000000000000000 ) ;
#3949 = AXIS2_PLACEMENT_3D ( 'NONE', #329, #1609, #3350 ) ;
#3950 = EDGE_LOOP ( 'NONE', ( #2631, #781, #3099, #492, #460, #1972 ) ) ;
#3951 = ADVANCED_FACE ( 'NONE', ( #5473 ), #2003, .T. ) ;
#3952 = DIRECTION ( 'NONE',  ( 0.000000000000000000, 1.000000000000000000, -0.000000000000000000 ) ) ;
#3953 = VERTEX_POINT ( 'NONE', #3724 ) ;
#3954 = PLANE ( 'NONE',  #5273 ) ;
#3955 = ORIENTED_EDGE ( 'NONE', *, *, #1870, .F. ) ;
#3956 = CARTESIAN_POINT ( 'NONE',  ( -23.25000000000001421, -5.000000000000000000, 13.44999999999999218 ) ) ;
#3957 = ADVANCED_FACE ( 'NONE', ( #782 ), #3699, .T. ) ;
#3958 = CARTESIAN_POINT ( 'NONE',  ( -23.25000000000001421, -2.000000000000000000, -11.99999999999999112 ) ) ;
#3959 = ADVANCED_FACE ( 'NONE', ( #5002 ), #3356, .T. ) ;
#3960 = DIRECTION ( 'NONE',  ( 0.000000000000000000, 0.000000000000000000, 1.000000000000000000 ) ) ;
#3961 = EDGE_CURVE ( 'NONE', #2610, #3928, #2478, .T. ) ;
#3962 = CARTESIAN_POINT ( 'NONE',  ( -39.49999999999996447, -2.000000000000000000, 28.00000000000000711 ) ) ;
#3963 = AXIS2_PLACEMENT_3D ( 'NONE', #1078, #4079, #3970 ) ;
#3964 = DIRECTION ( 'NONE',  ( 1.000000000000000000, 0.000000000000000000, 0.000000000000000000 ) ) ;
#3965 = ORIENTED_EDGE ( 'NONE', *, *, #3450, .T. ) ;
#3966 = CARTESIAN_POINT ( 'NONE',  ( 13.00000000000000533, 0.000000000000000000, -22.74999999999999645 ) ) ;
#3967 = EDGE_CURVE ( 'NONE', #1661, #1541, #5389, .T. ) ;
#3968 = PLANE ( 'NONE',  #4919 ) ;
#3969 = ORIENTED_EDGE ( 'NONE', *, *, #866, .F. ) ;
#3970 = DIRECTION ( 'NONE',  ( -0.5000000000000000000, 0.000000000000000000, 0.8660254037844385966 ) ) ;
#3971 = CYLINDRICAL_SURFACE ( 'NONE', #807, 1.449999999999999956 ) ;
#3972 = DIRECTION ( 'NONE',  ( 0.4999999999999999445, 0.000000000000000000, 0.8660254037844387076 ) ) ;
#3973 = EDGE_LOOP ( 'NONE', ( #2922, #3534, #4654, #4998, #2650, #4750 ) ) ;
#3974 = LINE ( 'NONE', #4000, #4293 ) ;
#3975 = DIRECTION ( 'NONE',  ( 0.000000000000000000, 1.000000000000000000, -0.000000000000000000 ) ) ;
#3976 = ORIENTED_EDGE ( 'NONE', *, *, #2163, .T. ) ;
#3977 = EDGE_LOOP ( 'NONE', ( #420, #2020, #3621, #2689, #1811, #948 ) ) ;
#3978 = ORIENTED_EDGE ( 'NONE', *, *, #3006, .T. ) ;
#3979 = LINE ( 'NONE', #2777, #3581 ) ;
#3980 = ORIENTED_EDGE ( 'NONE', *, *, #4397, .F. ) ;
#3981 = CARTESIAN_POINT ( 'NONE',  ( -39.00000000000000711, -2.000000000000000000, 25.90000000000001990 ) ) ;
#3982 = VERTEX_POINT ( 'NONE', #5029 ) ;
#3983 = CYLINDRICAL_SURFACE ( 'NONE', #575, 3.000000000000006217 ) ;
#3984 = LINE ( 'NONE', #227, #2252 ) ;
#3985 = VECTOR ( 'NONE', #820, 1000.000000000000000 ) ;
#3986 = CARTESIAN_POINT ( 'NONE',  ( 6.628934717893026018, 0.000000000000000000, 22.98825573115782461 ) ) ;
#3987 = LINE ( 'NONE', #2760, #3997 ) ;
#3988 = DIRECTION ( 'NONE',  ( -0.8660254037844387076, 0.000000000000000000, -0.5000000000000001110 ) ) ;
#3989 = VERTEX_POINT ( 'NONE', #4219 ) ;
#3990 = LINE ( 'NONE', #4787, #1696 ) ;
#3991 = DIRECTION ( 'NONE',  ( 0.8660254037844388186, 0.000000000000000000, 0.4999999999999997780 ) ) ;
#3992 = EDGE_CURVE ( 'NONE', #3133, #5043, #358, .T. ) ;
#3993 = ORIENTED_EDGE ( 'NONE', *, *, #2370, .F. ) ;
#3994 = DIRECTION ( 'NONE',  ( 0.000000000000000000, 1.000000000000000000, -0.000000000000000000 ) ) ;
#3995 = LINE ( 'NONE', #3664, #5330 ) ;
#3996 = CARTESIAN_POINT ( 'NONE',  ( 0.7499999999999867883, 0.000000000000000000, 13.44999999999999218 ) ) ;
#3997 = VECTOR ( 'NONE', #5204, 999.9999999999998863 ) ;
#3998 = ORIENTED_EDGE ( 'NONE', *, *, #4192, .F. ) ;
#3999 = EDGE_CURVE ( 'NONE', #1141, #4375, #2506, .T. ) ;
#4000 = CARTESIAN_POINT ( 'NONE',  ( 5.054916254110256792E-16, -2.000000000000000000, 9.106127583360006383 ) ) ;
#4001 = DIRECTION ( 'NONE',  ( 0.000000000000000000, 0.000000000000000000, 1.000000000000000000 ) ) ;
#4002 = VECTOR ( 'NONE', #1248, 1000.000000000000000 ) ;
#4003 = ORIENTED_EDGE ( 'NONE', *, *, #5215, .F. ) ;
#4004 = VECTOR ( 'NONE', #3095, 1000.000000000000000 ) ;
#4005 = ADVANCED_FACE ( 'NONE', ( #4194 ), #3778, .T. ) ;
#4006 = ORIENTED_EDGE ( 'NONE', *, *, #179, .F. ) ;
#4007 = DIRECTION ( 'NONE',  ( 0.000000000000000000, 1.000000000000000000, -0.000000000000000000 ) ) ;
#4008 = VERTEX_POINT ( 'NONE', #3804 ) ;
#4009 = ADVANCED_FACE ( 'NONE', ( #1691 ), #2833, .T. ) ;
#4010 = FACE_OUTER_BOUND ( 'NONE', #742, .T. ) ;
#4011 = ORIENTED_EDGE ( 'NONE', *, *, #4760, .T. ) ;
#4012 = ADVANCED_FACE ( 'NONE', ( #4247 ), #3916, .T. ) ;
#4013 = EDGE_CURVE ( 'NONE', #1526, #4575, #1744, .T. ) ;
#4014 = CARTESIAN_POINT ( 'NONE',  ( 17.00000000000001066, 0.000000000000000000, -16.35999999999977916 ) ) ;
#4015 = AXIS2_PLACEMENT_3D ( 'NONE', #5259, #4462, #2348 ) ;
#4016 = PLANE ( 'NONE',  #3007 ) ;
#4017 = DIRECTION ( 'NONE',  ( 0.000000000000000000, 1.000000000000000000, 0.000000000000000000 ) ) ;
#4018 = PLANE ( 'NONE',  #2573 ) ;
#4019 = FACE_OUTER_BOUND ( 'NONE', #4504, .T. ) ;
#4020 = ORIENTED_EDGE ( 'NONE', *, *, #1862, .T. ) ;
#4021 = ADVANCED_FACE ( 'NONE', ( #3443 ), #1330, .F. ) ;
#4022 = DIRECTION ( 'NONE',  ( 0.000000000000000000, 1.000000000000000000, -0.000000000000000000 ) ) ;
#4023 = DIRECTION ( 'NONE',  ( -1.000000000000000000, 0.000000000000000000, 2.775557561562893816E-16 ) ) ;
#4024 = CARTESIAN_POINT ( 'NONE',  ( -42.49999999999998579, -2.000000000000000000, 24.99999999999998579 ) ) ;
#4025 = ORIENTED_EDGE ( 'NONE', *, *, #4416, .T. ) ;
#4026 = EDGE_CURVE ( 'NONE', #2670, #3618, #2135, .T. ) ;
#4027 = CARTESIAN_POINT ( 'NONE',  ( -23.62893471789305622, -5.000000000000000000, 18.65812871223563008 ) ) ;
#4028 = DIRECTION ( 'NONE',  ( 0.000000000000000000, 0.000000000000000000, 1.000000000000000000 ) ) ;
#4029 = ORIENTED_EDGE ( 'NONE', *, *, #4474, .F. ) ;
#4030 = VECTOR ( 'NONE', #306, 1000.000000000000000 ) ;
#4031 = DIRECTION ( 'NONE',  ( 0.8660254037844387076, 0.000000000000000000, -0.5000000000000001110 ) ) ;
#4032 = LINE ( 'NONE', #5300, #2605 ) ;
#4033 = ORIENTED_EDGE ( 'NONE', *, *, #2101, .T. ) ;
#4034 = ADVANCED_FACE ( 'NONE', ( #5105 ), #138, .T. ) ;
#4035 = AXIS2_PLACEMENT_3D ( 'NONE', #2636, #919, #4302 ) ;
#4036 = VERTEX_POINT ( 'NONE', #1832 ) ;
#4037 = CARTESIAN_POINT ( 'NONE',  ( -28.67191295719072386, -2.000000000000000000, 11.71706463833672274 ) ) ;
#4038 = ORIENTED_EDGE ( 'NONE', *, *, #3784, .F. ) ;
#4039 = LINE ( 'NONE', #3701, #4387 ) ;
#4040 = VERTEX_POINT ( 'NONE', #4351 ) ;
#4041 = CARTESIAN_POINT ( 'NONE',  ( 20.00000000000000355, -2.000000000000000000, -27.99999999999999645 ) ) ;
#4042 = AXIS2_PLACEMENT_3D ( 'NONE', #2405, #4151, #2016 ) ;
#4043 = CARTESIAN_POINT ( 'NONE',  ( -32.42191295719072741, 0.000000000000000000, 13.88212814779782001 ) ) ;
#4044 = VECTOR ( 'NONE', #2145, 1000.000000000000000 ) ;
#4045 = VECTOR ( 'NONE', #1868, 1000.000000000000000 ) ;
#4046 = LINE ( 'NONE', #2872, #1785 ) ;
#4047 = DIRECTION ( 'NONE',  ( -0.5000000000000000000, 0.000000000000000000, -0.8660254037844385966 ) ) ;
#4048 = CARTESIAN_POINT ( 'NONE',  ( 9.171912957190707871, 0.000000000000000000, 11.71706463833672274 ) ) ;
#4049 = EDGE_LOOP ( 'NONE', ( #2189, #5023, #677, #3140 ) ) ;
#4050 = CARTESIAN_POINT ( 'NONE',  ( -32.42191295719072741, -5.000000000000000000, 13.88212814779782001 ) ) ;
#4051 = DIRECTION ( 'NONE',  ( 0.000000000000000000, 1.000000000000000000, -0.000000000000000000 ) ) ;
#4052 = PLANE ( 'NONE',  #3909 ) ;
#4053 = ORIENTED_EDGE ( 'NONE', *, *, #4477, .T. ) ;
#4054 = CARTESIAN_POINT ( 'NONE',  ( -33.71489119648840926, -2.000000000000000000, 18.65812871223563008 ) ) ;
#4055 = CARTESIAN_POINT ( 'NONE',  ( -37.46489119648840926, 0.000000000000000000, 6.941064073898911779 ) ) ;
#4056 = CIRCLE ( 'NONE', #4138, 1.449999999999999956 ) ;
#4057 = EDGE_LOOP ( 'NONE', ( #2836, #4789, #3175, #1727 ) ) ;
#4058 = DIRECTION ( 'NONE',  ( -0.8660254037844387076, 0.000000000000000000, 0.4999999999999999445 ) ) ;
#4059 = CARTESIAN_POINT ( 'NONE',  ( 0.000000000000000000, -2.000000000000000000, -27.99999999999999645 ) ) ;
#4060 = EDGE_CURVE ( 'NONE', #2581, #502, #3500, .T. ) ;
#4061 = AXIS2_PLACEMENT_3D ( 'NONE', #4574, #2468, #4153 ) ;
#4062 = ORIENTED_EDGE ( 'NONE', *, *, #3836, .F. ) ;
#4063 = ORIENTED_EDGE ( 'NONE', *, *, #773, .T. ) ;
#4064 = CARTESIAN_POINT ( 'NONE',  ( 17.96489119648838440, -2.000000000000000000, 6.941064073898911779 ) ) ;
#4065 = EDGE_LOOP ( 'NONE', ( #2367, #1622, #3330, #5280, #2334, #494, #3378, #1322 ) ) ;
#4066 = FACE_BOUND ( 'NONE', #3702, .T. ) ;
#4067 = ORIENTED_EDGE ( 'NONE', *, *, #2775, .F. ) ;
#4068 = CARTESIAN_POINT ( 'NONE',  ( -28.67191295719073096, -2.000000000000000000, -11.71706463833671918 ) ) ;
#4069 = EDGE_CURVE ( 'NONE', #1059, #3270, #3938, .T. ) ;
#4070 = EDGE_CURVE ( 'NONE', #730, #4327, #889, .T. ) ;
#4071 = CARTESIAN_POINT ( 'NONE',  ( -39.49999999999997868, 0.000000000000000000, -28.00000000000000000 ) ) ;
#4072 = CARTESIAN_POINT ( 'NONE',  ( -22.37893471789305266, 0.000000000000000000, 20.82319222169673267 ) ) ;
#4073 = LINE ( 'NONE', #571, #4357 ) ;
#4074 = DIRECTION ( 'NONE',  ( 0.000000000000000000, 1.000000000000000000, 0.000000000000000000 ) ) ;
#4075 = CARTESIAN_POINT ( 'NONE',  ( 20.00000000000000355, 0.000000000000000000, 28.00000000000001066 ) ) ;
#4076 = DIRECTION ( 'NONE',  ( -0.8660254037844387076, 0.000000000000000000, -0.5000000000000001110 ) ) ;
#4077 = DIRECTION ( 'NONE',  ( -0.5000000000000000000, 0.000000000000000000, 0.8660254037844385966 ) ) ;
#4078 = ORIENTED_EDGE ( 'NONE', *, *, #2494, .T. ) ;
#4079 = DIRECTION ( 'NONE',  ( -0.8660254037844387076, 0.000000000000000000, -0.5000000000000001110 ) ) ;
#4080 = CARTESIAN_POINT ( 'NONE',  ( 5.054916254110257778E-16, -2.000000000000000000, 9.106127583360008160 ) ) ;
#4081 = CARTESIAN_POINT ( 'NONE',  ( 23.00000000000000000, 0.000000000000000000, -1.595945597898662132E-15 ) ) ;
#4082 = ORIENTED_EDGE ( 'NONE', *, *, #4401, .F. ) ;
#4083 = LINE ( 'NONE', #351, #768 ) ;
#4084 = CARTESIAN_POINT ( 'NONE',  ( -28.67191295719072386, 0.000000000000000000, 16.04719165725891727 ) ) ;
#4085 = ORIENTED_EDGE ( 'NONE', *, *, #194, .F. ) ;
#4086 = ORIENTED_EDGE ( 'NONE', *, *, #4367, .F. ) ;
#4087 = FACE_OUTER_BOUND ( 'NONE', #2227, .T. ) ;
#4088 = EDGE_LOOP ( 'NONE', ( #2527, #1029 ) ) ;
#4089 = FACE_BOUND ( 'NONE', #2090, .T. ) ;
#4090 = ORIENTED_EDGE ( 'NONE', *, *, #1459, .T. ) ;
#4091 = FACE_OUTER_BOUND ( 'NONE', #2170, .T. ) ;
#4092 = EDGE_CURVE ( 'NONE', #2069, #2998, #1359, .T. ) ;
#4093 = FACE_OUTER_BOUND ( 'NONE', #2960, .T. ) ;
#4094 = VECTOR ( 'NONE', #2015, 1000.000000000000000 ) ;
#4095 = DIRECTION ( 'NONE',  ( 0.000000000000000000, 1.000000000000000000, 0.000000000000000000 ) ) ;
#4096 = DIRECTION ( 'NONE',  ( -0.5000000000000001110, 0.000000000000000000, -0.8660254037844387076 ) ) ;
#4097 = FACE_OUTER_BOUND ( 'NONE', #1502, .T. ) ;
#4098 = CARTESIAN_POINT ( 'NONE',  ( 0.7499999999999867883, -5.000000000000000000, -10.54999999999999183 ) ) ;
#4099 = DIRECTION ( 'NONE',  ( -0.5000000000000000000, 0.000000000000000000, 0.8660254037844385966 ) ) ;
#4100 = LINE ( 'NONE', #289, #2749 ) ;
#4101 = LINE ( 'NONE', #4128, #236 ) ;
#4102 = ORIENTED_EDGE ( 'NONE', *, *, #3477, .T. ) ;
#4103 = VERTEX_POINT ( 'NONE', #3832 ) ;
#4104 = DIRECTION ( 'NONE',  ( -1.000000000000000000, 0.000000000000000000, 5.551115123125782702E-17 ) ) ;
#4105 = CARTESIAN_POINT ( 'NONE',  ( 22.00000000000001421, 0.000000000000000000, -20.35999999999977916 ) ) ;
#4106 = ORIENTED_EDGE ( 'NONE', *, *, #4583, .T. ) ;
#4107 = VECTOR ( 'NONE', #699, 1000.000000000000000 ) ;
#4108 = VERTEX_POINT ( 'NONE', #3030 ) ;
#4109 = DIRECTION ( 'NONE',  ( 0.000000000000000000, 0.000000000000000000, 1.000000000000000000 ) ) ;
#4110 = ORIENTED_EDGE ( 'NONE', *, *, #946, .F. ) ;
#4111 = LINE ( 'NONE', #1950, #1776 ) ;
#4112 = ORIENTED_EDGE ( 'NONE', *, *, #4407, .F. ) ;
#4113 = VECTOR ( 'NONE', #251, 1000.000000000000000 ) ;
#4114 = DIRECTION ( 'NONE',  ( 0.000000000000000000, 0.000000000000000000, 1.000000000000000000 ) ) ;
#4115 = DIRECTION ( 'NONE',  ( 0.4999999999999997224, 0.000000000000000000, -0.8660254037844387076 ) ) ;
#4116 = ORIENTED_EDGE ( 'NONE', *, *, #4241, .T. ) ;
#4117 = EDGE_CURVE ( 'NONE', #3670, #108, #3082, .T. ) ;
#4118 = CARTESIAN_POINT ( 'NONE',  ( -31.17191295719072741, -5.000000000000000000, -11.71706463833671918 ) ) ;
#4119 = CIRCLE ( 'NONE', #1557, 1.449999999999999956 ) ;
#4120 = VECTOR ( 'NONE', #3168, 1000.000000000000000 ) ;
#4121 = DIRECTION ( 'NONE',  ( -6.938893903907227145E-17, 0.000000000000000000, -1.000000000000000000 ) ) ;
#4122 = CARTESIAN_POINT ( 'NONE',  ( 6.628934717893027795, 0.000000000000000000, -9.106127583360004607 ) ) ;
#4123 = VECTOR ( 'NONE', #3718, 1000.000000000000000 ) ;
#4124 = CARTESIAN_POINT ( 'NONE',  ( -17.29297823929769251, -5.000000000000000000, 20.82319222169673267 ) ) ;
#4125 = EDGE_CURVE ( 'NONE', #3592, #5290, #555, .T. ) ;
#4126 = DIRECTION ( 'NONE',  ( 0.000000000000000000, 1.000000000000000000, -0.000000000000000000 ) ) ;
#4127 = CARTESIAN_POINT ( 'NONE',  ( -23.25000000000001421, -5.000000000000000000, 11.99999999999999112 ) ) ;
#4128 = CARTESIAN_POINT ( 'NONE',  ( -25.09309948872033402, -2.000000000000000000, -14.48750774461473689 ) ) ;
#4129 = ORIENTED_EDGE ( 'NONE', *, *, #4092, .T. ) ;
#4130 = VERTEX_POINT ( 'NONE', #970 ) ;
#4131 = EDGE_CURVE ( 'NONE', #1703, #3229, #1635, .T. ) ;
#4132 = AXIS2_PLACEMENT_3D ( 'NONE', #4791, #1527, #1438 ) ;
#4133 = LINE ( 'NONE', #1214, #2083 ) ;
#4134 = EDGE_CURVE ( 'NONE', #4040, #1766, #4683, .T. ) ;
#4135 = CARTESIAN_POINT ( 'NONE',  ( -39.00000000000000711, -2.000000000000000000, 24.50000000000002487 ) ) ;
#4136 = ORIENTED_EDGE ( 'NONE', *, *, #2248, .F. ) ;
#4137 = CARTESIAN_POINT ( 'NONE',  ( 16.71489119648838440, -5.000000000000000000, 4.776000564437813622 ) ) ;
#4138 = AXIS2_PLACEMENT_3D ( 'NONE', #1737, #913, #5152 ) ;
#4139 = EDGE_LOOP ( 'NONE', ( #1002, #2379 ) ) ;
#4140 = CARTESIAN_POINT ( 'NONE',  ( -27.37893471789305266, 0.000000000000000000, 20.82319222169673267 ) ) ;
#4141 = ORIENTED_EDGE ( 'NONE', *, *, #4916, .T. ) ;
#4142 = DIRECTION ( 'NONE',  ( 0.8660254037844387076, 0.000000000000000000, -0.5000000000000001110 ) ) ;
#4143 = ORIENTED_EDGE ( 'NONE', *, *, #2802, .T. ) ;
#4144 = CARTESIAN_POINT ( 'NONE',  ( -26.57757253518500917, -2.000000000000000000, -15.34456865759586996 ) ) ;
#4145 = LINE ( 'NONE', #4899, #724 ) ;
#4146 = ORIENTED_EDGE ( 'NONE', *, *, #2333, .F. ) ;
#4147 = PLANE ( 'NONE',  #5089 ) ;
#4148 = DIRECTION ( 'NONE',  ( -0.5000000000000000000, 0.000000000000000000, 0.8660254037844385966 ) ) ;
#4149 = DIRECTION ( 'NONE',  ( 0.000000000000000000, 1.000000000000000000, -0.000000000000000000 ) ) ;
#4150 = CARTESIAN_POINT ( 'NONE',  ( 0.7499999999999871214, -5.000000000000000000, 9.499999999999992895 ) ) ;
#4151 = DIRECTION ( 'NONE',  ( 0.8660254037844387076, 0.000000000000000000, -0.5000000000000001110 ) ) ;
#4152 = LINE ( 'NONE', #4934, #2843 ) ;
#4153 = DIRECTION ( 'NONE',  ( 0.4999999999999998890, 0.000000000000000000, 0.8660254037844385966 ) ) ;
#4154 = ORIENTED_EDGE ( 'NONE', *, *, #1850, .F. ) ;
#4155 = ORIENTED_EDGE ( 'NONE', *, *, #644, .T. ) ;
#4156 = DIRECTION ( 'NONE',  ( -0.5000000000000000000, 0.000000000000000000, -0.8660254037844385966 ) ) ;
#4157 = CARTESIAN_POINT ( 'NONE',  ( 7.921912957190708759, -2.000000000000000000, 3.196152700731393163E-15 ) ) ;
#4158 = AXIS2_PLACEMENT_3D ( 'NONE', #4866, #1006, #5253 ) ;
#4159 = ORIENTED_EDGE ( 'NONE', *, *, #1456, .T. ) ;
#4160 = DIRECTION ( 'NONE',  ( -3.469446951953611033E-15, 0.000000000000000000, 1.000000000000000000 ) ) ;
#4161 = ORIENTED_EDGE ( 'NONE', *, *, #5107, .F. ) ;
#4162 = CARTESIAN_POINT ( 'NONE',  ( -26.12893471789304911, 0.000000000000000000, 22.98825573115782817 ) ) ;
#4163 = ORIENTED_EDGE ( 'NONE', *, *, #3551, .F. ) ;
#4164 = EDGE_CURVE ( 'NONE', #2254, #3357, #2659, .T. ) ;
#4165 = CARTESIAN_POINT ( 'NONE',  ( 7.878934717893026907, -2.000000000000000000, 6.941064073898911779 ) ) ;
#4166 = VERTEX_POINT ( 'NONE', #2164 ) ;
#4167 = CARTESIAN_POINT ( 'NONE',  ( -39.49999999999998579, -2.000000000000000000, 25.00000000000000711 ) ) ;
#4168 = VECTOR ( 'NONE', #651, 1000.000000000000227 ) ;
#4169 = ADVANCED_FACE ( 'NONE', ( #3864 ), #4715, .F. ) ;
#4170 = ADVANCED_FACE ( 'NONE', ( #2190 ), #4324, .T. ) ;
#4171 = PLANE ( 'NONE',  #490 ) ;
#4172 = ORIENTED_EDGE ( 'NONE', *, *, #319, .F. ) ;
#4173 = AXIS2_PLACEMENT_3D ( 'NONE', #419, #4274, #5423 ) ;
#4174 = CARTESIAN_POINT ( 'NONE',  ( -39.00000000000000711, -2.000000000000000000, 25.90000000000001990 ) ) ;
#4175 = CARTESIAN_POINT ( 'NONE',  ( 14.21489119648838440, 0.000000000000000000, 9.106127583360008160 ) ) ;
#4176 = CIRCLE ( 'NONE', #2313, 2.999999999999999112 ) ;
#4177 =( NAMED_UNIT ( * ) SI_UNIT ( $, .STERADIAN. ) SOLID_ANGLE_UNIT ( ) );
#4178 = VECTOR ( 'NONE', #4244, 1000.000000000000000 ) ;
#4179 = CIRCLE ( 'NONE', #1876, 3.000000000000002665 ) ;
#4180 = PLANE ( 'NONE',  #1907 ) ;
#4181 = PLANE ( 'NONE',  #5235 ) ;
#4182 = VECTOR ( 'NONE', #4901, 1000.000000000000000 ) ;
#4183 = FACE_OUTER_BOUND ( 'NONE', #700, .T. ) ;
#4184 = ORIENTED_EDGE ( 'NONE', *, *, #1178, .T. ) ;
#4185 = ORIENTED_EDGE ( 'NONE', *, *, #4703, .T. ) ;
#4186 = CARTESIAN_POINT ( 'NONE',  ( 7.878934717893026907, -5.000000000000000000, 20.82319222169673267 ) ) ;
#4187 = CARTESIAN_POINT ( 'NONE',  ( 9.171912957190709648, -5.000000000000000000, 2.165063509461099489 ) ) ;
#4188 = EDGE_CURVE ( 'NONE', #1259, #4769, #4417, .T. ) ;
#4189 = VERTEX_POINT ( 'NONE', #2717 ) ;
#4190 = EDGE_CURVE ( 'NONE', #617, #3108, #1113, .T. ) ;
#4191 = CARTESIAN_POINT ( 'NONE',  ( 12.92191295719070965, 0.000000000000000000, -13.88212814779781645 ) ) ;
#4192 = EDGE_CURVE ( 'NONE', #4380, #3953, #4914, .T. ) ;
#4193 = ORIENTED_EDGE ( 'NONE', *, *, #4938, .T. ) ;
#4194 = FACE_OUTER_BOUND ( 'NONE', #1173, .T. ) ;
#4195 = ORIENTED_EDGE ( 'NONE', *, *, #1299, .T. ) ;
#4196 = EDGE_CURVE ( 'NONE', #3733, #2149, #1477, .T. ) ;
#4197 = LINE ( 'NONE', #1222, #1519 ) ;
#4198 = EDGE_LOOP ( 'NONE', ( #5238, #136, #4185, #4632 ) ) ;
#4199 = EDGE_LOOP ( 'NONE', ( #4184, #4948, #3745, #3339 ) ) ;
#4200 = AXIS2_PLACEMENT_3D ( 'NONE', #3304, #1668, #4586 ) ;
#4201 = FACE_OUTER_BOUND ( 'NONE', #1219, .T. ) ;
#4202 = VERTEX_POINT ( 'NONE', #3222 ) ;
#4203 = LINE ( 'NONE', #5037, #2171 ) ;
#4204 = LINE ( 'NONE', #1317, #3985 ) ;
#4205 = VECTOR ( 'NONE', #692, 1000.000000000000000 ) ;
#4206 = EDGE_CURVE ( 'NONE', #4263, #3888, #5177, .T. ) ;
#4207 = DIRECTION ( 'NONE',  ( 0.000000000000000000, 1.000000000000000000, -0.000000000000000000 ) ) ;
#4208 = CARTESIAN_POINT ( 'NONE',  ( 0.7499999999999867883, -5.000000000000000000, -11.99999999999999112 ) ) ;
#4209 = CARTESIAN_POINT ( 'NONE',  ( 8.907980829230786754E-16, -2.000000000000000000, 16.04719165725891727 ) ) ;
#4210 = VECTOR ( 'NONE', #1298, 1000.000000000000000 ) ;
#4211 = ORIENTED_EDGE ( 'NONE', *, *, #4953, .T. ) ;
#4212 = EDGE_LOOP ( 'NONE', ( #114, #1508, #4003, #728 ) ) ;
#4213 = CARTESIAN_POINT ( 'NONE',  ( -28.67191295719072386, -5.000000000000000000, 16.04719165725891727 ) ) ;
#4214 = CARTESIAN_POINT ( 'NONE',  ( -31.17191295719072741, -2.000000000000000000, -11.71706463833671918 ) ) ;
#4215 = ORIENTED_EDGE ( 'NONE', *, *, #4597, .T. ) ;
#4216 = DIRECTION ( 'NONE',  ( 0.000000000000000000, 0.000000000000000000, 1.000000000000000000 ) ) ;
#4217 = ORIENTED_EDGE ( 'NONE', *, *, #367, .T. ) ;
#4218 = EDGE_CURVE ( 'NONE', #5472, #3560, #5244, .T. ) ;
#4219 = CARTESIAN_POINT ( 'NONE',  ( -33.71489119648840926, -2.000000000000000000, -9.106127583360004607 ) ) ;
#4220 = ORIENTED_EDGE ( 'NONE', *, *, #680, .T. ) ;
#4221 = LINE ( 'NONE', #4663, #4971 ) ;
#4222 = VERTEX_POINT ( 'NONE', #4084 ) ;
#4223 = PRODUCT_DEFINITION_FORMATION_WITH_SPECIFIED_SOURCE ( 'ä»', '', #2070, .NOT_KNOWN. ) ;
#4224 = ORIENTED_EDGE ( 'NONE', *, *, #3786, .F. ) ;
#4225 = CARTESIAN_POINT ( 'NONE',  ( 20.00000000000000355, -2.000000000000000000, 28.00000000000001066 ) ) ;
#4226 = EDGE_LOOP ( 'NONE', ( #4967, #3504, #2444, #3522 ) ) ;
#4227 = LINE ( 'NONE', #3843, #671 ) ;
#4228 = AXIS2_PLACEMENT_3D ( 'NONE', #3294, #2855, #5041 ) ;
#4229 = CARTESIAN_POINT ( 'NONE',  ( 1.201851678989729296E-16, -2.000000000000000000, 2.165063509461099933 ) ) ;
#4230 = EDGE_CURVE ( 'NONE', #572, #2111, #995, .T. ) ;
#4231 = EDGE_CURVE ( 'NONE', #2300, #4349, #4884, .T. ) ;
#4232 = CARTESIAN_POINT ( 'NONE',  ( 14.92590776435771538, -2.000000000000000000, 8.617476865651452655 ) ) ;
#4233 = CARTESIAN_POINT ( 'NONE',  ( -5.178671023185933105E-15, -2.000000000000000000, 18.65812871223564073 ) ) ;
#4234 = ORIENTED_EDGE ( 'NONE', *, *, #430, .T. ) ;
#4235 = EDGE_CURVE ( 'NONE', #3196, #658, #5217, .T. ) ;
#4236 = ORIENTED_EDGE ( 'NONE', *, *, #281, .T. ) ;
#4237 = DIRECTION ( 'NONE',  ( -1.000000000000000000, 0.000000000000000000, 5.551115123125782702E-17 ) ) ;
#4238 = EDGE_CURVE ( 'NONE', #3499, #3592, #4032, .T. ) ;
#4239 = DIRECTION ( 'NONE',  ( 0.000000000000000000, 1.000000000000000000, -0.000000000000000000 ) ) ;
#4240 = ADVANCED_FACE ( 'NONE', ( #1415 ), #4382, .T. ) ;
#4241 = EDGE_CURVE ( 'NONE', #1169, #1055, #4444, .T. ) ;
#4242 = VERTEX_POINT ( 'NONE', #4501 ) ;
#4243 = CARTESIAN_POINT ( 'NONE',  ( 16.71489119648838440, -2.000000000000000000, -4.776000564437810958 ) ) ;
#4244 = DIRECTION ( 'NONE',  ( 0.000000000000000000, 1.000000000000000000, 0.000000000000000000 ) ) ;
#4245 = ORIENTED_EDGE ( 'NONE', *, *, #450, .F. ) ;
#4246 = VECTOR ( 'NONE', #2699, 1000.000000000000000 ) ;
#4247 = FACE_OUTER_BOUND ( 'NONE', #3947, .T. ) ;
#4248 = ORIENTED_EDGE ( 'NONE', *, *, #4990, .F. ) ;
#4249 = LINE ( 'NONE', #5079, #5328 ) ;
#4250 = ORIENTED_EDGE ( 'NONE', *, *, #4872, .T. ) ;
#4251 = PLANE ( 'NONE',  #5336 ) ;
#4252 = ORIENTED_EDGE ( 'NONE', *, *, #2332, .T. ) ;
#4253 = DIRECTION ( 'NONE',  ( -1.000000000000000000, 0.000000000000000000, 5.551115123125782702E-17 ) ) ;
#4254 = ORIENTED_EDGE ( 'NONE', *, *, #3449, .F. ) ;
#4255 = LINE ( 'NONE', #451, #4044 ) ;
#4256 = DIRECTION ( 'NONE',  ( 0.000000000000000000, 1.000000000000000000, 0.000000000000000000 ) ) ;
#4257 = AXIS2_PLACEMENT_3D ( 'NONE', #2290, #5287, #3173 ) ;
#4258 = AXIS2_PLACEMENT_3D ( 'NONE', #5020, #2823, #3293 ) ;
#4259 = DIRECTION ( 'NONE',  ( -0.5000000000000000000, 0.000000000000000000, 0.8660254037844385966 ) ) ;
#4260 = ORIENTED_EDGE ( 'NONE', *, *, #3449, .T. ) ;
#4261 = EDGE_CURVE ( 'NONE', #3388, #664, #2385, .T. ) ;
#4262 = DIRECTION ( 'NONE',  ( 0.000000000000000000, 1.000000000000000000, 0.000000000000000000 ) ) ;
#4263 = VERTEX_POINT ( 'NONE', #5268 ) ;
#4264 = CIRCLE ( 'NONE', #3205, 1.399999999999998579 ) ;
#4265 = ORIENTED_EDGE ( 'NONE', *, *, #4070, .F. ) ;
#4266 = DIRECTION ( 'NONE',  ( 0.000000000000000000, 0.000000000000000000, 1.000000000000000000 ) ) ;
#4267 = FACE_OUTER_BOUND ( 'NONE', #1751, .T. ) ;
#4268 = ORIENTED_EDGE ( 'NONE', *, *, #2433, .F. ) ;
#4269 = DIRECTION ( 'NONE',  ( 0.000000000000000000, 1.000000000000000000, -0.000000000000000000 ) ) ;
#4270 = CARTESIAN_POINT ( 'NONE',  ( -28.67191295719073096, -5.000000000000000000, -16.04719165725891372 ) ) ;
#4271 = EDGE_LOOP ( 'NONE', ( #950, #3716, #5117, #425, #2608, #3862 ) ) ;
#4272 = DIRECTION ( 'NONE',  ( 1.000000000000000000, 0.000000000000000000, 2.775557561562891351E-16 ) ) ;
#4273 = VERTEX_POINT ( 'NONE', #1086 ) ;
#4274 = DIRECTION ( 'NONE',  ( -0.000000000000000000, -1.000000000000000000, 0.000000000000000000 ) ) ;
#4275 = ORIENTED_EDGE ( 'NONE', *, *, #80, .F. ) ;
#4276 = CARTESIAN_POINT ( 'NONE',  ( 23.00000000000000000, -2.000000000000000000, -1.595945597898662132E-15 ) ) ;
#4277 = ORIENTED_EDGE ( 'NONE', *, *, #2811, .T. ) ;
#4278 = CARTESIAN_POINT ( 'NONE',  ( 0.7499999999999867883, 0.000000000000000000, 11.99999999999999112 ) ) ;
#4279 = LINE ( 'NONE', #900, #2887 ) ;
#4280 = EDGE_LOOP ( 'NONE', ( #3114, #3803, #1360, #24 ) ) ;
#4281 = DIRECTION ( 'NONE',  ( 0.000000000000000000, 0.000000000000000000, 1.000000000000000000 ) ) ;
#4282 = LINE ( 'NONE', #4670, #5276 ) ;
#4283 = VECTOR ( 'NONE', #1779, 999.9999999999998863 ) ;
#4284 = ADVANCED_FACE ( 'NONE', ( #1025 ), #2278, .T. ) ;
#4285 = DIRECTION ( 'NONE',  ( 0.8660254037844387076, 0.000000000000000000, -0.5000000000000001110 ) ) ;
#4286 = ORIENTED_EDGE ( 'NONE', *, *, #4336, .F. ) ;
#4287 = VECTOR ( 'NONE', #4272, 1000.000000000000000 ) ;
#4288 = CARTESIAN_POINT ( 'NONE',  ( -32.46489119648840216, 0.000000000000000000, -6.941064073898908227 ) ) ;
#4289 = ORIENTED_EDGE ( 'NONE', *, *, #404, .T. ) ;
#4290 = ORIENTED_EDGE ( 'NONE', *, *, #3239, .F. ) ;
#4291 = CARTESIAN_POINT ( 'NONE',  ( -23.62893471789305622, 0.000000000000000000, 18.65812871223563008 ) ) ;
#4292 = CARTESIAN_POINT ( 'NONE',  ( -13.54297823929769251, -2.000000000000000000, 18.65812871223563008 ) ) ;
#4293 = VECTOR ( 'NONE', #5216, 1000.000000000000000 ) ;
#4294 = ORIENTED_EDGE ( 'NONE', *, *, #734, .F. ) ;
#4295 = DIRECTION ( 'NONE',  ( -0.5000000000000001110, 0.000000000000000000, -0.8660254037844387076 ) ) ;
#4296 = LINE ( 'NONE', #2211, #3651 ) ;
#4297 = AXIS2_PLACEMENT_3D ( 'NONE', #1566, #4142, #3255 ) ;
#4298 = EDGE_CURVE ( 'NONE', #1633, #3196, #3762, .T. ) ;
#4299 = VERTEX_POINT ( 'NONE', #3583 ) ;
#4300 = EDGE_CURVE ( 'NONE', #50, #971, #190, .T. ) ;
#4301 = EDGE_CURVE ( 'NONE', #5068, #4437, #2360, .T. ) ;
#4302 = DIRECTION ( 'NONE',  ( 0.000000000000000000, 0.000000000000000000, 1.000000000000000000 ) ) ;
#4303 = VERTEX_POINT ( 'NONE', #4214 ) ;
#4304 = FACE_OUTER_BOUND ( 'NONE', #3634, .T. ) ;
#4305 = ORIENTED_EDGE ( 'NONE', *, *, #2729, .T. ) ;
#4306 = ORIENTED_EDGE ( 'NONE', *, *, #5096, .T. ) ;
#4307 = DIRECTION ( 'NONE',  ( 0.000000000000000000, 0.000000000000000000, 1.000000000000000000 ) ) ;
#4308 = VECTOR ( 'NONE', #3635, 1000.000000000000114 ) ;
#4309 = CARTESIAN_POINT ( 'NONE',  ( -2.207021760702334578, -2.000000000000000000, 20.82319222169673267 ) ) ;
#4310 = ORIENTED_EDGE ( 'NONE', *, *, #5172, .F. ) ;
#4311 = CARTESIAN_POINT ( 'NONE',  ( 4.128934717893028683, -2.000000000000000000, -4.776000564437810070 ) ) ;
#4312 = CIRCLE ( 'NONE', #5288, 2.499999999999998668 ) ;
#4313 = DIRECTION ( 'NONE',  ( 0.8660254037844388186, 0.000000000000000000, 0.4999999999999997780 ) ) ;
#4314 = CARTESIAN_POINT ( 'NONE',  ( -22.37893471789305266, -5.000000000000000000, 20.82319222169673267 ) ) ;
#4315 = CARTESIAN_POINT ( 'NONE',  ( 12.96489119648838440, 0.000000000000000000, -6.941064073898906450 ) ) ;
#4316 = EDGE_LOOP ( 'NONE', ( #3404, #72, #2136, #4838 ) ) ;
#4317 = DIRECTION ( 'NONE',  ( -0.8660254037844387076, 0.000000000000000000, -0.5000000000000001110 ) ) ;
#4318 = LINE ( 'NONE', #5126, #3685 ) ;
#4319 = EDGE_CURVE ( 'NONE', #1319, #3418, #3849, .T. ) ;
#4320 = VERTEX_POINT ( 'NONE', #4631 ) ;
#4321 = LINE ( 'NONE', #3911, #4577 ) ;
#4322 = LINE ( 'NONE', #3440, #5146 ) ;
#4323 = ORIENTED_EDGE ( 'NONE', *, *, #65, .T. ) ;
#4324 = PLANE ( 'NONE',  #5006 ) ;
#4325 = ORIENTED_EDGE ( 'NONE', *, *, #532, .T. ) ;
#4326 = LINE ( 'NONE', #528, #4527 ) ;
#4327 = VERTEX_POINT ( 'NONE', #297 ) ;
#4328 = ORIENTED_EDGE ( 'NONE', *, *, #2027, .F. ) ;
#4329 = EDGE_CURVE ( 'NONE', #4380, #482, #5383, .T. ) ;
#4330 = PLANE ( 'NONE',  #384 ) ;
#4331 = FACE_BOUND ( 'NONE', #1792, .T. ) ;
#4332 = ORIENTED_EDGE ( 'NONE', *, *, #4940, .F. ) ;
#4333 = LINE ( 'NONE', #3956, #1909 ) ;
#4334 = LINE ( 'NONE', #4781, #1551 ) ;
#4335 = ADVANCED_FACE ( 'NONE', ( #2499 ), #381, .F. ) ;
#4336 = EDGE_CURVE ( 'NONE', #353, #5414, #2940, .T. ) ;
#4337 = DIRECTION ( 'NONE',  ( 0.000000000000000000, 1.000000000000000000, -0.000000000000000000 ) ) ;
#4338 = DIRECTION ( 'NONE',  ( 0.000000000000000000, 1.000000000000000000, -0.000000000000000000 ) ) ;
#4339 = DIRECTION ( 'NONE',  ( 0.000000000000000000, 1.000000000000000000, 0.000000000000000000 ) ) ;
#4340 = ORIENTED_EDGE ( 'NONE', *, *, #2510, .F. ) ;
#4341 = LINE ( 'NONE', #237, #1614 ) ;
#4342 = DIRECTION ( 'NONE',  ( 0.000000000000000000, 1.000000000000000000, -0.000000000000000000 ) ) ;
#4343 = VECTOR ( 'NONE', #3633, 1000.000000000000000 ) ;
#4344 = ORIENTED_EDGE ( 'NONE', *, *, #4397, .T. ) ;
#4345 = CARTESIAN_POINT ( 'NONE',  ( -39.49999999999996447, -2.000000000000000000, 28.00000000000000711 ) ) ;
#4346 = DIRECTION ( 'NONE',  ( 0.4999999999999997224, 0.000000000000000000, -0.8660254037844388186 ) ) ;
#4347 = VECTOR ( 'NONE', #338, 1000.000000000000227 ) ;
#4348 = AXIS2_PLACEMENT_3D ( 'NONE', #3052, #1799, #5186 ) ;
#4349 = VERTEX_POINT ( 'NONE', #4105 ) ;
#4350 = FACE_OUTER_BOUND ( 'NONE', #1567, .T. ) ;
#4351 = CARTESIAN_POINT ( 'NONE',  ( -3.457021760702332802, 0.000000000000000000, 18.65812871223563008 ) ) ;
#4352 = ORIENTED_EDGE ( 'NONE', *, *, #2838, .T. ) ;
#4353 = VECTOR ( 'NONE', #1958, 1000.000000000000000 ) ;
#4354 = ADVANCED_FACE ( 'NONE', ( #1999 ), #352, .T. ) ;
#4355 = DIRECTION ( 'NONE',  ( 0.4999999999999999445, 0.000000000000000000, 0.8660254037844387076 ) ) ;
#4356 = ORIENTED_EDGE ( 'NONE', *, *, #327, .T. ) ;
#4357 = VECTOR ( 'NONE', #683, 1000.000000000000000 ) ;
#4358 = EDGE_CURVE ( 'NONE', #845, #4036, #1637, .T. ) ;
#4359 = ORIENTED_EDGE ( 'NONE', *, *, #2195, .F. ) ;
#4360 = EDGE_CURVE ( 'NONE', #50, #562, #4997, .T. ) ;
#4361 = DIRECTION ( 'NONE',  ( 0.000000000000000000, 0.000000000000000000, 1.000000000000000000 ) ) ;
#4362 = VERTEX_POINT ( 'NONE', #1560 ) ;
#4363 = DIRECTION ( 'NONE',  ( 0.000000000000000000, 0.000000000000000000, 1.000000000000000000 ) ) ;
#4364 = EDGE_LOOP ( 'NONE', ( #1262, #1198, #2175, #3969 ) ) ;
#4365 = FACE_BOUND ( 'NONE', #2414, .T. ) ;
#4366 = DIRECTION ( 'NONE',  ( -0.5000000000000001110, 0.000000000000000000, -0.8660254037844387076 ) ) ;
#4367 = EDGE_CURVE ( 'NONE', #1651, #5179, #5025, .T. ) ;
#4368 = CARTESIAN_POINT ( 'NONE',  ( 3.611440405411193932, -2.000000000000000000, 2.085066090226442626 ) ) ;
#4369 = CARTESIAN_POINT ( 'NONE',  ( -1.632680918566407976E-15, -2.000000000000000000, 28.00000000000001066 ) ) ;
#4370 = CARTESIAN_POINT ( 'NONE',  ( -33.71489119648840926, 0.000000000000000000, 18.65812871223563008 ) ) ;
#4371 = ORIENTED_EDGE ( 'NONE', *, *, #2359, .F. ) ;
#4372 = CARTESIAN_POINT ( 'NONE',  ( 19.00000000000000355, 0.000000000000000000, -27.99999999999999645 ) ) ;
#4373 = CARTESIAN_POINT ( 'NONE',  ( -42.49999999999999289, -2.000000000000000000, 1.179611963664229771E-14 ) ) ;
#4374 = AXIS2_PLACEMENT_3D ( 'NONE', #4278, #3925, #5222 ) ;
#4375 = VERTEX_POINT ( 'NONE', #2525 ) ;
#4376 = DIRECTION ( 'NONE',  ( 0.000000000000000000, 0.000000000000000000, 1.000000000000000000 ) ) ;
#4377 = CARTESIAN_POINT ( 'NONE',  ( -27.37893471789305266, -2.000000000000000000, 20.82319222169673267 ) ) ;
#4378 = DIRECTION ( 'NONE',  ( 0.000000000000000000, 1.000000000000000000, -0.000000000000000000 ) ) ;
#4379 = AXIS2_PLACEMENT_3D ( 'NONE', #2356, #1080, #1022 ) ;
#4380 = VERTEX_POINT ( 'NONE', #2412 ) ;
#4381 = LINE ( 'NONE', #1859, #4384 ) ;
#4382 = PLANE ( 'NONE',  #1365 ) ;
#4383 = ORIENTED_EDGE ( 'NONE', *, *, #5066, .F. ) ;
#4384 = VECTOR ( 'NONE', #4443, 1000.000000000000000 ) ;
#4385 = ORIENTED_EDGE ( 'NONE', *, *, #3514, .T. ) ;
#4386 = VECTOR ( 'NONE', #869, 1000.000000000000000 ) ;
#4387 = VECTOR ( 'NONE', #4482, 1000.000000000000000 ) ;
#4388 = AXIS2_PLACEMENT_3D ( 'NONE', #854, #1738, #1687 ) ;
#4389 = EDGE_CURVE ( 'NONE', #5335, #1739, #1818, .T. ) ;
#4390 = ORIENTED_EDGE ( 'NONE', *, *, #319, .T. ) ;
#4391 = CYLINDRICAL_SURFACE ( 'NONE', #5257, 2.499999999999998668 ) ;
#4392 = VERTEX_POINT ( 'NONE', #4157 ) ;
#4393 = PLANE ( 'NONE',  #2172 ) ;
#4394 = ORIENTED_EDGE ( 'NONE', *, *, #2035, .T. ) ;
#4395 = LINE ( 'NONE', #1872, #2885 ) ;
#4396 = CARTESIAN_POINT ( 'NONE',  ( 7.921912957190708759, -5.000000000000000000, 13.88212814779782001 ) ) ;
#4397 = EDGE_CURVE ( 'NONE', #1539, #1585, #411, .T. ) ;
#4398 = DIRECTION ( 'NONE',  ( -0.5000000000000000000, 0.000000000000000000, 0.8660254037844385966 ) ) ;
#4399 = CARTESIAN_POINT ( 'NONE',  ( -3.457021760702332802, -5.000000000000000000, 18.65812871223563008 ) ) ;
#4400 = AXIS2_PLACEMENT_3D ( 'NONE', #5125, #4708, #2962 ) ;
#4401 = EDGE_CURVE ( 'NONE', #5409, #4222, #2082, .T. ) ;
#4402 = EDGE_CURVE ( 'NONE', #3085, #3646, #3748, .T. ) ;
#4403 = DIRECTION ( 'NONE',  ( -0.000000000000000000, 0.000000000000000000, 1.000000000000000000 ) ) ;
#4404 = ORIENTED_EDGE ( 'NONE', *, *, #1919, .F. ) ;
#4405 = CARTESIAN_POINT ( 'NONE',  ( -7.207021760702333246, 0.000000000000000000, 20.82319222169673267 ) ) ;
#4406 = DIRECTION ( 'NONE',  ( 0.000000000000000000, 1.000000000000000000, -0.000000000000000000 ) ) ;
#4407 = EDGE_CURVE ( 'NONE', #1059, #606, #2829, .T. ) ;
#4408 = ORIENTED_EDGE ( 'NONE', *, *, #3894, .F. ) ;
#4409 = PRODUCT_CONTEXT ( 'NONE', #3177, 'mechanical' ) ;
#4410 = DIRECTION ( 'NONE',  ( -0.5000000000000001110, 0.000000000000000000, -0.8660254037844387076 ) ) ;
#4411 = FACE_OUTER_BOUND ( 'NONE', #2209, .T. ) ;
#4412 = EDGE_LOOP ( 'NONE', ( #885, #1830, #2662, #1681 ) ) ;
#4413 = ADVANCED_FACE ( 'NONE', ( #746 ), #1188, .T. ) ;
#4414 = CARTESIAN_POINT ( 'NONE',  ( -36.21489119648840926, -5.000000000000000000, -9.106127583360004607 ) ) ;
#4415 = EDGE_CURVE ( 'NONE', #1735, #2061, #4652, .T. ) ;
#4416 = EDGE_CURVE ( 'NONE', #1947, #118, #5440, .T. ) ;
#4417 = LINE ( 'NONE', #1860, #2342 ) ;
#4418 = ORIENTED_EDGE ( 'NONE', *, *, #670, .F. ) ;
#4419 = ORIENTED_EDGE ( 'NONE', *, *, #386, .T. ) ;
#4420 = CARTESIAN_POINT ( 'NONE',  ( -36.00000000000000711, 0.000000000000000000, -24.99999999999999645 ) ) ;
#4421 = ORIENTED_EDGE ( 'NONE', *, *, #1418, .F. ) ;
#4422 = DIRECTION ( 'NONE',  ( 1.000000000000000000, 0.000000000000000000, 2.775557561562891351E-16 ) ) ;
#4423 = ORIENTED_EDGE ( 'NONE', *, *, #670, .T. ) ;
#4424 = FACE_BOUND ( 'NONE', #2481, .T. ) ;
#4425 = EDGE_CURVE ( 'NONE', #2139, #3509, #578, .T. ) ;
#4426 = DIRECTION ( 'NONE',  ( -0.000000000000000000, -1.000000000000000000, 0.000000000000000000 ) ) ;
#4427 = VECTOR ( 'NONE', #5086, 1000.000000000000000 ) ;
#4428 = EDGE_CURVE ( 'NONE', #2039, #1012, #3436, .T. ) ;
#4429 = LINE ( 'NONE', #1372, #1531 ) ;
#4430 = DIRECTION ( 'NONE',  ( 0.4999999999999997224, 0.000000000000000000, -0.8660254037844387076 ) ) ;
#4431 = LINE ( 'NONE', #1431, #1968 ) ;
#4432 = ORIENTED_EDGE ( 'NONE', *, *, #4360, .T. ) ;
#4433 = CARTESIAN_POINT ( 'NONE',  ( 0.000000000000000000, -2.000000000000000000, -21.35999999999977916 ) ) ;
#4434 = ADVANCED_FACE ( 'NONE', ( #964 ), #1795, .T. ) ;
#4435 = PLANE ( 'NONE',  #1109 ) ;
#4436 = EDGE_CURVE ( 'NONE', #118, #556, #1379, .T. ) ;
#4437 = VERTEX_POINT ( 'NONE', #1325 ) ;
#4438 = CARTESIAN_POINT ( 'NONE',  ( -27.42191295719072386, 0.000000000000000000, 13.88212814779782001 ) ) ;
#4439 = DIRECTION ( 'NONE',  ( -1.000000000000000000, 0.000000000000000000, 5.551115123125782702E-17 ) ) ;
#4440 = CARTESIAN_POINT ( 'NONE',  ( 9.171912957190707871, 0.000000000000000000, -16.04719165725891372 ) ) ;
#4441 = AXIS2_PLACEMENT_3D ( 'NONE', #4127, #323, #3712 ) ;
#4442 = ORIENTED_EDGE ( 'NONE', *, *, #3590, .T. ) ;
#4443 = DIRECTION ( 'NONE',  ( -1.000000000000000000, 0.000000000000000000, 5.551115123125782702E-17 ) ) ;
#4444 = LINE ( 'NONE', #4059, #4822 ) ;
#4445 = VECTOR ( 'NONE', #2583, 1000.000000000000000 ) ;
#4446 = ORIENTED_EDGE ( 'NONE', *, *, #3617, .T. ) ;
#4447 = VECTOR ( 'NONE', #3850, 1000.000000000000000 ) ;
#4448 = ORIENTED_EDGE ( 'NONE', *, *, #4761, .F. ) ;
#4449 = VECTOR ( 'NONE', #3972, 999.9999999999998863 ) ;
#4450 = AXIS2_PLACEMENT_3D ( 'NONE', #1514, #3203, #3652 ) ;
#4451 = CARTESIAN_POINT ( 'NONE',  ( -23.25000000000001421, 0.000000000000000000, 13.44999999999999218 ) ) ;
#4452 = ORIENTED_EDGE ( 'NONE', *, *, #4117, .T. ) ;
#4453 = DIRECTION ( 'NONE',  ( -0.5000000000000001110, 0.000000000000000000, -0.8660254037844387076 ) ) ;
#4454 = ORIENTED_EDGE ( 'NONE', *, *, #2276, .F. ) ;
#4455 = FACE_BOUND ( 'NONE', #2318, .T. ) ;
#4456 = LINE ( 'NONE', #5282, #2034 ) ;
#4457 = FACE_OUTER_BOUND ( 'NONE', #385, .T. ) ;
#4458 = DIRECTION ( 'NONE',  ( 0.4999999999999997224, 0.000000000000000000, -0.8660254037844388186 ) ) ;
#4459 = CARTESIAN_POINT ( 'NONE',  ( -28.67191295719072386, -5.000000000000000000, 16.04719165725891727 ) ) ;
#4460 = ORIENTED_EDGE ( 'NONE', *, *, #3861, .T. ) ;
#4461 = ADVANCED_FACE ( 'NONE', ( #2208 ), #2964, .T. ) ;
#4462 = DIRECTION ( 'NONE',  ( -0.8660254037844387076, 0.000000000000000000, -0.5000000000000001110 ) ) ;
#4463 = FACE_OUTER_BOUND ( 'NONE', #2292, .T. ) ;
#4464 = CARTESIAN_POINT ( 'NONE',  ( -31.17191295719072386, 0.000000000000000000, 11.71706463833672274 ) ) ;
#4465 = ORIENTED_EDGE ( 'NONE', *, *, #3544, .T. ) ;
#4466 = LINE ( 'NONE', #1107, #229 ) ;
#4467 = DIRECTION ( 'NONE',  ( 0.000000000000000000, 0.000000000000000000, 1.000000000000000000 ) ) ;
#4468 = CARTESIAN_POINT ( 'NONE',  ( -25.80090776435773847, -2.000000000000000000, 14.89616104308864308 ) ) ;
#4469 = VERTEX_POINT ( 'NONE', #4709 ) ;
#4470 = AXIS2_PLACEMENT_3D ( 'NONE', #2196, #3895, #4361 ) ;
#4471 = DIRECTION ( 'NONE',  ( 0.000000000000000000, 1.000000000000000000, -0.000000000000000000 ) ) ;
#4472 = DIRECTION ( 'NONE',  ( -1.000000000000000000, 0.000000000000000000, 0.000000000000000000 ) ) ;
#4473 = ORIENTED_EDGE ( 'NONE', *, *, #1812, .T. ) ;
#4474 = EDGE_CURVE ( 'NONE', #556, #1323, #2652, .T. ) ;
#4475 = VECTOR ( 'NONE', #667, 1000.000000000000000 ) ;
#4476 = EDGE_CURVE ( 'NONE', #5112, #1419, #2600, .T. ) ;
#4477 = EDGE_CURVE ( 'NONE', #689, #3879, #2155, .T. ) ;
#4478 = ORIENTED_EDGE ( 'NONE', *, *, #1260, .F. ) ;
#4479 = VECTOR ( 'NONE', #3187, 1000.000000000000227 ) ;
#4480 = LINE ( 'NONE', #2335, #2421 ) ;
#4481 = EDGE_LOOP ( 'NONE', ( #2637, #4344, #1618, #4994, #986, #188 ) ) ;
#4482 = DIRECTION ( 'NONE',  ( 0.000000000000000000, 1.000000000000000000, 0.000000000000000000 ) ) ;
#4483 = ORIENTED_EDGE ( 'NONE', *, *, #2248, .T. ) ;
#4484 = CARTESIAN_POINT ( 'NONE',  ( 13.00000000000000533, -2.000000000000000000, -19.75000000000000000 ) ) ;
#4485 = VECTOR ( 'NONE', #4471, 1000.000000000000000 ) ;
#4486 = VECTOR ( 'NONE', #2986, 1000.000000000000000 ) ;
#4487 = VECTOR ( 'NONE', #591, 1000.000000000000000 ) ;
#4488 = FACE_OUTER_BOUND ( 'NONE', #2030, .T. ) ;
#4489 = LINE ( 'NONE', #682, #219 ) ;
#4490 = LINE ( 'NONE', #176, #3915 ) ;
#4491 = CARTESIAN_POINT ( 'NONE',  ( -26.12893471789305266, -2.000000000000000000, 18.65812871223563363 ) ) ;
#4492 = DIRECTION ( 'NONE',  ( -0.8660254037844387076, 0.000000000000000000, -0.5000000000000001110 ) ) ;
#4493 = DIRECTION ( 'NONE',  ( 0.000000000000000000, 1.000000000000000000, -0.000000000000000000 ) ) ;
#4494 = ORIENTED_EDGE ( 'NONE', *, *, #1236, .T. ) ;
#4495 = DIRECTION ( 'NONE',  ( 0.000000000000000000, 1.000000000000000000, -0.000000000000000000 ) ) ;
#4496 = DIRECTION ( 'NONE',  ( 0.000000000000000000, 1.000000000000000000, 0.000000000000000000 ) ) ;
#4497 = LINE ( 'NONE', #2741, #1989 ) ;
#4498 = EDGE_LOOP ( 'NONE', ( #5003, #912, #1823, #2522 ) ) ;
#4499 = DIRECTION ( 'NONE',  ( -0.8660254037844387076, 0.000000000000000000, -0.5000000000000001110 ) ) ;
#4500 = ADVANCED_FACE ( 'NONE', ( #1264 ), #496, .T. ) ;
#4501 = CARTESIAN_POINT ( 'NONE',  ( 2.878934717893026018, 0.000000000000000000, 6.941064073898911779 ) ) ;
#4502 = VECTOR ( 'NONE', #2769, 1000.000000000000000 ) ;
#4503 = VERTEX_POINT ( 'NONE', #5490 ) ;
#4504 = EDGE_LOOP ( 'NONE', ( #4146, #4254 ) ) ;
#4505 = CARTESIAN_POINT ( 'NONE',  ( -31.17191295719072031, 0.000000000000000000, 2.165063509461099489 ) ) ;
#4506 = ORIENTED_EDGE ( 'NONE', *, *, #2840, .T. ) ;
#4507 = LINE ( 'NONE', #4862, #1605 ) ;
#4508 = ORIENTED_EDGE ( 'NONE', *, *, #1871, .F. ) ;
#4509 = DIRECTION ( 'NONE',  ( 0.4999999999999997224, -0.000000000000000000, -0.8660254037844387076 ) ) ;
#4510 = FACE_OUTER_BOUND ( 'NONE', #85, .T. ) ;
#4511 = CARTESIAN_POINT ( 'NONE',  ( 16.71489119648838440, -2.000000000000000000, 18.65812871223563008 ) ) ;
#4512 = LINE ( 'NONE', #4688, #1084 ) ;
#4513 = DIRECTION ( 'NONE',  ( -0.5000000000000001110, 0.000000000000000000, -0.8660254037844387076 ) ) ;
#4514 = LINE ( 'NONE', #3658, #1164 ) ;
#4515 = LINE ( 'NONE', #5462, #2613 ) ;
#4516 = FACE_OUTER_BOUND ( 'NONE', #1659, .T. ) ;
#4517 = ORIENTED_EDGE ( 'NONE', *, *, #1063, .F. ) ;
#4518 = DIRECTION ( 'NONE',  ( 0.000000000000000000, 1.000000000000000000, 0.000000000000000000 ) ) ;
#4519 = ORIENTED_EDGE ( 'NONE', *, *, #4188, .T. ) ;
#4520 = EDGE_LOOP ( 'NONE', ( #5449, #110, #5392, #2625 ) ) ;
#4521 = DIRECTION ( 'NONE',  ( 0.000000000000000000, 0.000000000000000000, 1.000000000000000000 ) ) ;
#4522 = CARTESIAN_POINT ( 'NONE',  ( 18.99999999999999645, -2.000000000000000000, -24.50000000000000355 ) ) ;
#4523 = ORIENTED_EDGE ( 'NONE', *, *, #2838, .F. ) ;
#4524 = EDGE_CURVE ( 'NONE', #5444, #4349, #312, .T. ) ;
#4525 = VECTOR ( 'NONE', #1010, 1000.000000000000000 ) ;
#4526 = ORIENTED_EDGE ( 'NONE', *, *, #3442, .T. ) ;
#4527 = VECTOR ( 'NONE', #3920, 1000.000000000000000 ) ;
#4528 = EDGE_CURVE ( 'NONE', #3827, #4008, #2703, .T. ) ;
#4529 = CARTESIAN_POINT ( 'NONE',  ( -3.457021760702332802, -5.000000000000000000, 22.98825573115782461 ) ) ;
#4530 = EDGE_LOOP ( 'NONE', ( #3530, #5380 ) ) ;
#4531 = LINE ( 'NONE', #2005, #1996 ) ;
#4532 = ORIENTED_EDGE ( 'NONE', *, *, #1858, .T. ) ;
#4533 = DIRECTION ( 'NONE',  ( 0.000000000000000000, 1.000000000000000000, 0.000000000000000000 ) ) ;
#4534 = EDGE_CURVE ( 'NONE', #2824, #749, #3883, .T. ) ;
#4535 = CIRCLE ( 'NONE', #2137, 1.000000000000000888 ) ;
#4536 = DIRECTION ( 'NONE',  ( 0.8660254037844388186, 0.000000000000000000, 0.4999999999999997780 ) ) ;
#4537 = AXIS2_PLACEMENT_3D ( 'NONE', #3491, #4820, #1465 ) ;
#4538 = CARTESIAN_POINT ( 'NONE',  ( 4.128934717893025130, -5.000000000000000000, 18.65812871223563363 ) ) ;
#4539 = EDGE_CURVE ( 'NONE', #3000, #4303, #435, .T. ) ;
#4540 = CARTESIAN_POINT ( 'NONE',  ( 7.878934717893026907, -5.000000000000000000, 20.82319222169673267 ) ) ;
#4541 = LINE ( 'NONE', #1547, #3622 ) ;
#4542 = EDGE_CURVE ( 'NONE', #2336, #3056, #846, .T. ) ;
#4543 = DIRECTION ( 'NONE',  ( 0.000000000000000000, 1.000000000000000000, 0.000000000000000000 ) ) ;
#4544 = LINE ( 'NONE', #5039, #36 ) ;
#4545 = DIRECTION ( 'NONE',  ( 0.4999999999999997224, 0.000000000000000000, -0.8660254037844388186 ) ) ;
#4546 = CARTESIAN_POINT ( 'NONE',  ( -32.42191295719072741, -2.000000000000000000, 3.196152700731393163E-15 ) ) ;
#4547 = ORIENTED_EDGE ( 'NONE', *, *, #3590, .F. ) ;
#4548 = ORIENTED_EDGE ( 'NONE', *, *, #3303, .T. ) ;
#4549 = DIRECTION ( 'NONE',  ( 0.8660254037844387076, 0.000000000000000000, -0.5000000000000001110 ) ) ;
#4550 = CARTESIAN_POINT ( 'NONE',  ( -42.49999999999999289, 0.000000000000000000, 1.179611963664229771E-14 ) ) ;
#4551 = VERTEX_POINT ( 'NONE', #3402 ) ;
#4552 = CARTESIAN_POINT ( 'NONE',  ( 7.878934717893026907, 0.000000000000000000, 20.82319222169673267 ) ) ;
#4553 = VECTOR ( 'NONE', #2588, 1000.000000000000114 ) ;
#4554 = ORIENTED_EDGE ( 'NONE', *, *, #1175, .T. ) ;
#4555 = FACE_OUTER_BOUND ( 'NONE', #1563, .T. ) ;
#4556 = ORIENTED_EDGE ( 'NONE', *, *, #1050, .F. ) ;
#4557 = FACE_BOUND ( 'NONE', #3641, .T. ) ;
#4558 = EDGE_LOOP ( 'NONE', ( #2548, #5366, #2543, #892, #4483, #2688 ) ) ;
#4559 = VECTOR ( 'NONE', #1443, 999.9999999999998863 ) ;
#4560 = CARTESIAN_POINT ( 'NONE',  ( 14.21489119648838262, 0.000000000000000000, -9.106127583360002831 ) ) ;
#4561 = PLANE ( 'NONE',  #2936 ) ;
#4562 = ORIENTED_EDGE ( 'NONE', *, *, #1276, .F. ) ;
#4563 = AXIS2_PLACEMENT_3D ( 'NONE', #1231, #4076, #4099 ) ;
#4564 = CARTESIAN_POINT ( 'NONE',  ( 12.92191295719070965, -5.000000000000000000, 13.88212814779782001 ) ) ;
#4565 = VECTOR ( 'NONE', #4509, 1000.000000000000114 ) ;
#4566 = VECTOR ( 'NONE', #4422, 1000.000000000000000 ) ;
#4567 = PLANE ( 'NONE',  #3922 ) ;
#4568 = DIRECTION ( 'NONE',  ( -0.5000000000000001110, 0.000000000000000000, 0.8660254037844387076 ) ) ;
#4569 = EDGE_CURVE ( 'NONE', #3000, #2251, #4318, .T. ) ;
#4570 = DIRECTION ( 'NONE',  ( 0.000000000000000000, 0.000000000000000000, 1.000000000000000000 ) ) ;
#4571 = PLANE ( 'NONE',  #4042 ) ;
#4572 = CARTESIAN_POINT ( 'NONE',  ( 6.628934717893026018, 0.000000000000000000, 4.776000564437813622 ) ) ;
#4573 = EDGE_CURVE ( 'NONE', #4320, #3928, #2994, .T. ) ;
#4574 = CARTESIAN_POINT ( 'NONE',  ( 12.92191295719070965, -5.000000000000000000, -13.88212814779781645 ) ) ;
#4575 = VERTEX_POINT ( 'NONE', #4292 ) ;
#4576 = EDGE_LOOP ( 'NONE', ( #4325, #3543, #4172, #5055 ) ) ;
#4577 = VECTOR ( 'NONE', #498, 1000.000000000000000 ) ;
#4578 = DIRECTION ( 'NONE',  ( -0.5000000000000001110, 0.000000000000000000, 0.8660254037844387076 ) ) ;
#4579 = CARTESIAN_POINT ( 'NONE',  ( -5.178671023185932316E-15, -2.000000000000000000, 18.65812871223563718 ) ) ;
#4580 = ORIENTED_EDGE ( 'NONE', *, *, #421, .T. ) ;
#4581 = DIRECTION ( 'NONE',  ( 0.4999999999999998890, -0.000000000000000000, 0.8660254037844387076 ) ) ;
#4582 = AXIS2_PLACEMENT_3D ( 'NONE', #3774, #4499, #270 ) ;
#4583 = EDGE_CURVE ( 'NONE', #5302, #2721, #3462, .T. ) ;
#4584 = ADVANCED_FACE ( 'NONE', ( #4267 ), #463, .T. ) ;
#4585 = ORIENTED_EDGE ( 'NONE', *, *, #775, .F. ) ;
#4586 = DIRECTION ( 'NONE',  ( 0.000000000000000000, 0.000000000000000000, 1.000000000000000000 ) ) ;
#4587 = ORIENTED_EDGE ( 'NONE', *, *, #2729, .F. ) ;
#4588 = CARTESIAN_POINT ( 'NONE',  ( -33.71489119648840926, -5.000000000000000000, 4.776000564437813622 ) ) ;
#4589 = EDGE_LOOP ( 'NONE', ( #865, #4690, #1672, #139, #1773, #3054 ) ) ;
#4590 = DIRECTION ( 'NONE',  ( 0.000000000000000000, 1.000000000000000000, -0.000000000000000000 ) ) ;
#4591 = EDGE_CURVE ( 'NONE', #3646, #2886, #3574, .T. ) ;
#4592 = DIRECTION ( 'NONE',  ( 0.000000000000000000, 0.000000000000000000, 1.000000000000000000 ) ) ;
#4593 = ORIENTED_EDGE ( 'NONE', *, *, #4476, .T. ) ;
#4594 = DIRECTION ( 'NONE',  ( 1.000000000000000000, 0.000000000000000000, 2.775557561562891351E-16 ) ) ;
#4595 = DIRECTION ( 'NONE',  ( 0.4999999999999998890, 0.000000000000000000, 0.8660254037844385966 ) ) ;
#4596 = FACE_OUTER_BOUND ( 'NONE', #3532, .T. ) ;
#4597 = EDGE_CURVE ( 'NONE', #1695, #2529, #2791, .T. ) ;
#4598 = FILL_AREA_STYLE ('',( #1986 ) ) ;
#4599 = EDGE_CURVE ( 'NONE', #5043, #2774, #2260, .T. ) ;
#4600 = DIRECTION ( 'NONE',  ( 0.000000000000000000, 0.000000000000000000, 1.000000000000000000 ) ) ;
#4601 = LINE ( 'NONE', #688, #627 ) ;
#4602 = DIRECTION ( 'NONE',  ( -0.5000000000000001110, 0.000000000000000000, -0.8660254037844387076 ) ) ;
#4603 = ORIENTED_EDGE ( 'NONE', *, *, #2779, .T. ) ;
#4604 = EDGE_CURVE ( 'NONE', #4362, #3004, #131, .T. ) ;
#4605 = ORIENTED_EDGE ( 'NONE', *, *, #2875, .F. ) ;
#4606 = LINE ( 'NONE', #2888, #507 ) ;
#4607 = CARTESIAN_POINT ( 'NONE',  ( -12.29297823929769073, -5.000000000000000000, 20.82319222169673267 ) ) ;
#4608 = ORIENTED_EDGE ( 'NONE', *, *, #1407, .F. ) ;
#4609 = DIRECTION ( 'NONE',  ( 0.000000000000000000, 1.000000000000000000, -0.000000000000000000 ) ) ;
#4610 = VERTEX_POINT ( 'NONE', #154 ) ;
#4611 = LINE ( 'NONE', #4140, #923 ) ;
#4612 = EDGE_LOOP ( 'NONE', ( #2011, #4836, #3112, #4832, #3910, #3580 ) ) ;
#4613 = LINE ( 'NONE', #1617, #4885 ) ;
#4614 = ORIENTED_EDGE ( 'NONE', *, *, #301, .F. ) ;
#4615 = CARTESIAN_POINT ( 'NONE',  ( -36.21489119648840926, 0.000000000000000000, 18.65812871223563363 ) ) ;
#4616 = EDGE_LOOP ( 'NONE', ( #192, #348, #3965, #2364 ) ) ;
#4617 = VECTOR ( 'NONE', #838, 1000.000000000000227 ) ;
#4618 = DIRECTION ( 'NONE',  ( 0.000000000000000000, 1.000000000000000000, -0.000000000000000000 ) ) ;
#4619 = VECTOR ( 'NONE', #4410, 999.9999999999998863 ) ;
#4620 = DIRECTION ( 'NONE',  ( -1.000000000000000000, 0.000000000000000000, 5.551115123125782702E-17 ) ) ;
#4621 = AXIS2_PLACEMENT_3D ( 'NONE', #4633, #1162, #2862 ) ;
#4622 = VECTOR ( 'NONE', #1400, 1000.000000000000114 ) ;
#4623 = CARTESIAN_POINT ( 'NONE',  ( 7.878934717893026907, -5.000000000000000000, 6.941064073898911779 ) ) ;
#4624 = DIRECTION ( 'NONE',  ( 0.000000000000000000, 1.000000000000000000, -0.000000000000000000 ) ) ;
#4625 = VECTOR ( 'NONE', #895, 1000.000000000000000 ) ;
#4626 = PLANE ( 'NONE',  #953 ) ;
#4627 = ORIENTED_EDGE ( 'NONE', *, *, #4367, .T. ) ;
#4628 = EDGE_CURVE ( 'NONE', #5130, #44, #3098, .T. ) ;
#4629 = EDGE_LOOP ( 'NONE', ( #325, #698, #5022, #5194, #2901, #1446 ) ) ;
#4630 = CARTESIAN_POINT ( 'NONE',  ( -32.46489119648840216, 0.000000000000000000, -6.941064073898908227 ) ) ;
#4631 = CARTESIAN_POINT ( 'NONE',  ( 14.21489119648838262, 0.000000000000000000, 18.65812871223563363 ) ) ;
#4632 = ORIENTED_EDGE ( 'NONE', *, *, #1578, .T. ) ;
#4633 = CARTESIAN_POINT ( 'NONE',  ( -33.71489119648840926, -5.000000000000000000, 4.776000564437813622 ) ) ;
#4634 = EDGE_LOOP ( 'NONE', ( #359, #299, #924, #3753, #4217, #1448 ) ) ;
#4635 = UNCERTAINTY_MEASURE_WITH_UNIT (LENGTH_MEASURE( 1.000000000000000082E-05 ), #580, 'distance_accuracy_value', 'NONE');
#4636 = DIRECTION ( 'NONE',  ( -5.551115123125782702E-17, 0.000000000000000000, -1.000000000000000000 ) ) ;
#4637 = EDGE_LOOP ( 'NONE', ( #3728, #4473, #5417, #3690 ) ) ;
#4638 = LINE ( 'NONE', #4686, #1155 ) ;
#4639 = EDGE_LOOP ( 'NONE', ( #3993, #29, #5477, #4067 ) ) ;
#4640 = ADVANCED_FACE ( 'NONE', ( #3546 ), #577, .T. ) ;
#4641 = ADVANCED_FACE ( 'NONE', ( #3154 ), #4850, .F. ) ;
#4642 = ORIENTED_EDGE ( 'NONE', *, *, #228, .T. ) ;
#4643 = CARTESIAN_POINT ( 'NONE',  ( -31.17191295719072386, -5.000000000000000000, 11.71706463833672274 ) ) ;
#4644 = ORIENTED_EDGE ( 'NONE', *, *, #400, .F. ) ;
#4645 = DIRECTION ( 'NONE',  ( -2.775557561562891351E-16, 0.000000000000000000, 1.000000000000000000 ) ) ;
#4646 = LINE ( 'NONE', #3456, #614 ) ;
#4647 = VECTOR ( 'NONE', #3127, 1000.000000000000227 ) ;
#4648 = VECTOR ( 'NONE', #4883, 999.9999999999998863 ) ;
#4649 = AXIS2_PLACEMENT_3D ( 'NONE', #3257, #2419, #1591 ) ;
#4650 = CARTESIAN_POINT ( 'NONE',  ( -36.21489119648840926, -2.000000000000000000, 18.65812871223563363 ) ) ;
#4651 = DIRECTION ( 'NONE',  ( 0.4999999999999997224, 0.000000000000000000, -0.8660254037844388186 ) ) ;
#4652 = CIRCLE ( 'NONE', #5094, 14.00000000000000000 ) ;
#4653 = VERTEX_POINT ( 'NONE', #1043 ) ;
#4654 = ORIENTED_EDGE ( 'NONE', *, *, #1649, .F. ) ;
#4655 = DIRECTION ( 'NONE',  ( 0.000000000000000000, 1.000000000000000000, -0.000000000000000000 ) ) ;
#4656 = CARTESIAN_POINT ( 'NONE',  ( 21.00000000000001066, 0.000000000000000000, -20.35999999999977916 ) ) ;
#4657 = ORIENTED_EDGE ( 'NONE', *, *, #500, .T. ) ;
#4658 = CARTESIAN_POINT ( 'NONE',  ( 7.878934717893028683, 0.000000000000000000, -6.941064073898906450 ) ) ;
#4659 = CARTESIAN_POINT ( 'NONE',  ( -23.25000000000001421, 0.000000000000000000, -11.99999999999999112 ) ) ;
#4660 = ORIENTED_EDGE ( 'NONE', *, *, #559, .T. ) ;
#4661 = CARTESIAN_POINT ( 'NONE',  ( -27.37893471789305266, -5.000000000000000000, 20.82319222169673267 ) ) ;
#4662 = ORIENTED_EDGE ( 'NONE', *, *, #3852, .T. ) ;
#4663 = CARTESIAN_POINT ( 'NONE',  ( -36.21489119648840926, -5.000000000000000000, 22.98825573115782817 ) ) ;
#4664 = ORIENTED_EDGE ( 'NONE', *, *, #5215, .T. ) ;
#4665 = EDGE_LOOP ( 'NONE', ( #2179, #1863 ) ) ;
#4666 = ADVANCED_FACE ( 'NONE', ( #5237 ), #4435, .T. ) ;
#4667 = CARTESIAN_POINT ( 'NONE',  ( 4.128934717893025130, 0.000000000000000000, 4.776000564437814511 ) ) ;
#4668 = VERTEX_POINT ( 'NONE', #2765 ) ;
#4669 = DIRECTION ( 'NONE',  ( 0.000000000000000000, 1.000000000000000000, 0.000000000000000000 ) ) ;
#4670 = CARTESIAN_POINT ( 'NONE',  ( -2.207021760702331914, -5.000000000000000000, 20.82319222169673267 ) ) ;
#4671 = LINE ( 'NONE', #1789, #4784 ) ;
#4672 = EDGE_LOOP ( 'NONE', ( #162, #5199, #1804, #1646 ) ) ;
#4673 = DIRECTION ( 'NONE',  ( -0.5000000000000001110, 0.000000000000000000, 0.8660254037844387076 ) ) ;
#4674 = VERTEX_POINT ( 'NONE', #1102 ) ;
#4675 = ORIENTED_EDGE ( 'NONE', *, *, #1919, .T. ) ;
#4676 = DIRECTION ( 'NONE',  ( -0.000000000000000000, -1.000000000000000000, 0.000000000000000000 ) ) ;
#4677 = CARTESIAN_POINT ( 'NONE',  ( 16.71489119648838440, 0.000000000000000000, 18.65812871223563008 ) ) ;
#4678 = ORIENTED_EDGE ( 'NONE', *, *, #1648, .F. ) ;
#4679 = CARTESIAN_POINT ( 'NONE',  ( -33.71489119648840926, 0.000000000000000000, -4.776000564437812734 ) ) ;
#4680 = FACE_OUTER_BOUND ( 'NONE', #5133, .T. ) ;
#4681 = ORIENTED_EDGE ( 'NONE', *, *, #457, .F. ) ;
#4682 = VECTOR ( 'NONE', #1034, 1000.000000000000000 ) ;
#4683 = LINE ( 'NONE', #947, #1103 ) ;
#4684 = ADVANCED_FACE ( 'NONE', ( #2680 ), #3937, .T. ) ;
#4685 = VERTEX_POINT ( 'NONE', #989 ) ;
#4686 = CARTESIAN_POINT ( 'NONE',  ( 14.21489119648838262, 0.000000000000000000, 18.65812871223563363 ) ) ;
#4687 = EDGE_LOOP ( 'NONE', ( #414, #5304, #4163, #5294 ) ) ;
#4688 = CARTESIAN_POINT ( 'NONE',  ( -1.325606448065400579E-15, -2.000000000000000000, 4.776000564437812734 ) ) ;
#4689 = EDGE_CURVE ( 'NONE', #5149, #5409, #181, .T. ) ;
#4690 = ORIENTED_EDGE ( 'NONE', *, *, #4301, .F. ) ;
#4691 = CYLINDRICAL_SURFACE ( 'NONE', #1714, 1.399999999999995026 ) ;
#4692 = DIRECTION ( 'NONE',  ( -5.551115123125782702E-17, 0.000000000000000000, -1.000000000000000000 ) ) ;
#4693 = ORIENTED_EDGE ( 'NONE', *, *, #3715, .F. ) ;
#4694 = CARTESIAN_POINT ( 'NONE',  ( 0.7499999999999867883, -5.000000000000000000, 13.44999999999999218 ) ) ;
#4695 = ADVANCED_FACE ( 'NONE', ( #4463 ), #2351, .T. ) ;
#4696 = DIRECTION ( 'NONE',  ( -0.5000000000000001110, 0.000000000000000000, 0.8660254037844387076 ) ) ;
#4697 = VECTOR ( 'NONE', #2565, 1000.000000000000000 ) ;
#4698 = VECTOR ( 'NONE', #921, 1000.000000000000000 ) ;
#4699 = PLANE ( 'NONE',  #1067 ) ;
#4700 = ORIENTED_EDGE ( 'NONE', *, *, #1389, .T. ) ;
#4701 = ADVANCED_FACE ( 'NONE', ( #1435 ), #3968, .T. ) ;
#4702 = VECTOR ( 'NONE', #2959, 1000.000000000000000 ) ;
#4703 = EDGE_CURVE ( 'NONE', #2529, #718, #3123, .T. ) ;
#4704 = PLANE ( 'NONE',  #2054 ) ;
#4705 = EDGE_LOOP ( 'NONE', ( #2884, #4220, #3397, #199, #5441, #1119 ) ) ;
#4706 = AXIS2_PLACEMENT_3D ( 'NONE', #2675, #1903, #1819 ) ;
#4707 = EDGE_LOOP ( 'NONE', ( #4332, #441, #2810, #1403, #489, #1536 ) ) ;
#4708 = DIRECTION ( 'NONE',  ( 0.8660254037844388186, 0.000000000000000000, 0.4999999999999997780 ) ) ;
#4709 = CARTESIAN_POINT ( 'NONE',  ( 0.7499999999999871214, -2.000000000000000000, 9.499999999999992895 ) ) ;
#4710 = MECHANICAL_DESIGN_GEOMETRIC_PRESENTATION_REPRESENTATION (  '', ( #3296 ), #5062 ) ;
#4711 = VERTEX_POINT ( 'NONE', #2735 ) ;
#4712 = CARTESIAN_POINT ( 'NONE',  ( 12.92191295719070965, -5.000000000000000000, 3.181541164974270327E-15 ) ) ;
#4713 = DIRECTION ( 'NONE',  ( 0.4999999999999999445, 0.000000000000000000, 0.8660254037844387076 ) ) ;
#4714 = ORIENTED_EDGE ( 'NONE', *, *, #5214, .F. ) ;
#4715 = CYLINDRICAL_SURFACE ( 'NONE', #4035, 1.000000000000000888 ) ;
#4716 = EDGE_LOOP ( 'NONE', ( #3478, #4593, #2778, #4448 ) ) ;
#4717 = CARTESIAN_POINT ( 'NONE',  ( -23.25000000000001421, -2.000000000000000000, 9.499999999999992895 ) ) ;
#4718 = ORIENTED_EDGE ( 'NONE', *, *, #2734, .T. ) ;
#4719 = ORIENTED_EDGE ( 'NONE', *, *, #1583, .T. ) ;
#4720 = FACE_OUTER_BOUND ( 'NONE', #3494, .T. ) ;
#4721 = LINE ( 'NONE', #1781, #4566 ) ;
#4722 = ORIENTED_EDGE ( 'NONE', *, *, #5275, .T. ) ;
#4723 = CARTESIAN_POINT ( 'NONE',  ( 0.7499999999999867883, -5.000000000000000000, -11.99999999999999112 ) ) ;
#4724 = LINE ( 'NONE', #4229, #1851 ) ;
#4725 = VECTOR ( 'NONE', #3752, 1000.000000000000000 ) ;
#4726 = DIRECTION ( 'NONE',  ( 0.000000000000000000, 1.000000000000000000, 0.000000000000000000 ) ) ;
#4727 = AXIS2_PLACEMENT_3D ( 'NONE', #52, #526, #1716 ) ;
#4728 = LINE ( 'NONE', #3818, #2756 ) ;
#4729 = EDGE_LOOP ( 'NONE', ( #14, #4419, #105, #4644 ) ) ;
#4730 = LINE ( 'NONE', #1764, #1208 ) ;
#4731 = DIRECTION ( 'NONE',  ( -1.000000000000000000, 0.000000000000000000, 5.551115123125782702E-17 ) ) ;
#4732 = AXIS2_PLACEMENT_3D ( 'NONE', #4373, #4023, #5315 ) ;
#4733 = ORIENTED_EDGE ( 'NONE', *, *, #1118, .F. ) ;
#4734 = CARTESIAN_POINT ( 'NONE',  ( 15.70257253518499496, -2.000000000000000000, -9.065884480158679537 ) ) ;
#4735 = CARTESIAN_POINT ( 'NONE',  ( 14.21489119648838262, -5.000000000000000000, -9.106127583360002831 ) ) ;
#4736 = AXIS2_PLACEMENT_3D ( 'NONE', #2697, #1454, #91 ) ;
#4737 = AXIS2_PLACEMENT_3D ( 'NONE', #1122, #2835, #4974 ) ;
#4738 = EDGE_CURVE ( 'NONE', #2247, #1946, #2709, .T. ) ;
#4739 = ORIENTED_EDGE ( 'NONE', *, *, #1236, .F. ) ;
#4740 = DIRECTION ( 'NONE',  ( 0.000000000000000000, 0.000000000000000000, -1.000000000000000000 ) ) ;
#4741 = EDGE_LOOP ( 'NONE', ( #2309, #2086, #2696, #5104, #4855, #3302 ) ) ;
#4742 = LINE ( 'NONE', #2638, #3815 ) ;
#4743 = ORIENTED_EDGE ( 'NONE', *, *, #3398, .F. ) ;
#4744 = ADVANCED_FACE ( 'NONE', ( #5292 ), #1910, .T. ) ;
#4745 = EDGE_CURVE ( 'NONE', #4711, #1156, #4544, .T. ) ;
#4746 = ORIENTED_EDGE ( 'NONE', *, *, #476, .T. ) ;
#4747 = FACE_OUTER_BOUND ( 'NONE', #2911, .T. ) ;
#4748 = VECTOR ( 'NONE', #3379, 1000.000000000000000 ) ;
#4749 = CARTESIAN_POINT ( 'NONE',  ( 6.628934717893026018, -5.000000000000000000, 18.65812871223563008 ) ) ;
#4750 = ORIENTED_EDGE ( 'NONE', *, *, #2274, .F. ) ;
#4751 = FACE_BOUND ( 'NONE', #2685, .T. ) ;
#4752 = VECTOR ( 'NONE', #3799, 1000.000000000000000 ) ;
#4753 = CARTESIAN_POINT ( 'NONE',  ( 6.628934717893027795, -2.000000000000000000, -9.106127583360004607 ) ) ;
#4754 = ADVANCED_FACE ( 'NONE', ( #767 ), #3343, .T. ) ;
#4755 = VECTOR ( 'NONE', #347, 1000.000000000000000 ) ;
#4756 = CARTESIAN_POINT ( 'NONE',  ( -37.46489119648840926, -5.000000000000000000, 6.941064073898911779 ) ) ;
#4757 = PLANE ( 'NONE',  #2219 ) ;
#4758 = LINE ( 'NONE', #1762, #3738 ) ;
#4759 = ORIENTED_EDGE ( 'NONE', *, *, #2510, .T. ) ;
#4760 = EDGE_CURVE ( 'NONE', #2194, #3282, #263, .T. ) ;
#4761 = EDGE_CURVE ( 'NONE', #5137, #3004, #3241, .T. ) ;
#4762 = CARTESIAN_POINT ( 'NONE',  ( 18.99999999999999645, 0.000000000000000000, -23.10000000000000497 ) ) ;
#4763 = CARTESIAN_POINT ( 'NONE',  ( 11.95257253518499496, -2.000000000000000000, 6.900820970697579604 ) ) ;
#4764 = EDGE_CURVE ( 'NONE', #2383, #2142, #1961, .T. ) ;
#4765 = VERTEX_POINT ( 'NONE', #3266 ) ;
#4766 = DIRECTION ( 'NONE',  ( -1.000000000000000000, 0.000000000000000000, 2.262682794752357637E-16 ) ) ;
#4767 = CARTESIAN_POINT ( 'NONE',  ( -39.00000000000000711, 0.000000000000000000, 25.90000000000001990 ) ) ;
#4768 = EDGE_CURVE ( 'NONE', #1705, #304, #4515, .T. ) ;
#4769 = VERTEX_POINT ( 'NONE', #3687 ) ;
#4770 = CARTESIAN_POINT ( 'NONE',  ( 16.00000000000001066, 0.000000000000000000, 0.000000000000000000 ) ) ;
#4771 = ORIENTED_EDGE ( 'NONE', *, *, #4843, .T. ) ;
#4772 = DIRECTION ( 'NONE',  ( 0.000000000000000000, 1.000000000000000000, 0.000000000000000000 ) ) ;
#4773 = VERTEX_POINT ( 'NONE', #1627 ) ;
#4774 = EDGE_LOOP ( 'NONE', ( #2436, #5028, #2303, #2590 ) ) ;
#4775 = PLANE ( 'NONE',  #740 ) ;
#4776 = VERTEX_POINT ( 'NONE', #738 ) ;
#4777 = FACE_BOUND ( 'NONE', #3821, .T. ) ;
#4778 = ORIENTED_EDGE ( 'NONE', *, *, #594, .T. ) ;
#4779 = EDGE_CURVE ( 'NONE', #1506, #390, #1550, .T. ) ;
#4780 = FACE_BOUND ( 'NONE', #3553, .T. ) ;
#4781 = CARTESIAN_POINT ( 'NONE',  ( -32.46489119648840216, -5.000000000000000000, -6.941064073898908227 ) ) ;
#4782 = CARTESIAN_POINT ( 'NONE',  ( 4.128934717893026907, 0.000000000000000000, 9.106127583360008160 ) ) ;
#4783 = DIRECTION ( 'NONE',  ( 0.000000000000000000, 1.000000000000000000, 0.000000000000000000 ) ) ;
#4784 = VECTOR ( 'NONE', #4624, 1000.000000000000000 ) ;
#4785 = LINE ( 'NONE', #1097, #1608 ) ;
#4786 = ORIENTED_EDGE ( 'NONE', *, *, #2734, .F. ) ;
#4787 = CARTESIAN_POINT ( 'NONE',  ( -14.55529690060108727, -2.000000000000000000, 8.403504583696960850 ) ) ;
#4788 = CARTESIAN_POINT ( 'NONE',  ( 21.00000000000001066, -2.000000000000000000, -20.35999999999977916 ) ) ;
#4789 = ORIENTED_EDGE ( 'NONE', *, *, #4261, .T. ) ;
#4790 = ADVANCED_FACE ( 'NONE', ( #4988 ), #321, .T. ) ;
#4791 = CARTESIAN_POINT ( 'NONE',  ( 19.00000000000000355, 0.000000000000000000, -24.99999999999999645 ) ) ;
#4792 = CARTESIAN_POINT ( 'NONE',  ( 12.92191295719070965, -5.000000000000000000, 3.181541164974270327E-15 ) ) ;
#4793 = LINE ( 'NONE', #5321, #4205 ) ;
#4794 = VECTOR ( 'NONE', #4590, 1000.000000000000000 ) ;
#4795 = EDGE_LOOP ( 'NONE', ( #637, #2240, #4116, #5495 ) ) ;
#4796 = CARTESIAN_POINT ( 'NONE',  ( -33.71489119648840926, -2.000000000000000000, -4.776000564437812734 ) ) ;
#4797 = DIRECTION ( 'NONE',  ( -0.000000000000000000, -1.000000000000000000, 0.000000000000000000 ) ) ;
#4798 = ORIENTED_EDGE ( 'NONE', *, *, #2557, .F. ) ;
#4799 = VECTOR ( 'NONE', #1599, 1000.000000000000000 ) ;
#4800 = ORIENTED_EDGE ( 'NONE', *, *, #80, .T. ) ;
#4801 = EDGE_CURVE ( 'NONE', #2095, #4469, #1192, .T. ) ;
#4802 = ORIENTED_EDGE ( 'NONE', *, *, #1796, .F. ) ;
#4803 = CARTESIAN_POINT ( 'NONE',  ( -39.00000000000000711, -2.000000000000000000, 24.50000000000002487 ) ) ;
#4804 = VERTEX_POINT ( 'NONE', #1207 ) ;
#4805 = ADVANCED_FACE ( 'NONE', ( #712 ), #4571, .T. ) ;
#4806 = EDGE_CURVE ( 'NONE', #1896, #1342, #687, .T. ) ;
#4807 = FACE_BOUND ( 'NONE', #195, .T. ) ;
#4808 = VERTEX_POINT ( 'NONE', #345 ) ;
#4809 = FACE_BOUND ( 'NONE', #4963, .T. ) ;
#4810 = CARTESIAN_POINT ( 'NONE',  ( -39.00000000000000711, 0.000000000000000000, 24.50000000000002487 ) ) ;
#4811 = ADVANCED_FACE ( 'NONE', ( #5375 ), #1574, .T. ) ;
#4812 = CARTESIAN_POINT ( 'NONE',  ( -39.49999999999998579, 0.000000000000000000, 25.00000000000000711 ) ) ;
#4813 = CYLINDRICAL_SURFACE ( 'NONE', #5232, 1.000000000000000888 ) ;
#4814 = ADVANCED_FACE ( 'NONE', ( #792 ), #4180, .T. ) ;
#4815 = DIRECTION ( 'NONE',  ( 0.8660254037844388186, 0.000000000000000000, 0.4999999999999997780 ) ) ;
#4816 = CIRCLE ( 'NONE', #4374, 1.449999999999999956 ) ;
#4817 = EDGE_LOOP ( 'NONE', ( #1481, #167, #1745, #1595 ) ) ;
#4818 = EDGE_CURVE ( 'NONE', #2061, #1735, #1640, .T. ) ;
#4819 = EDGE_CURVE ( 'NONE', #4668, #2934, #2087, .T. ) ;
#4820 = DIRECTION ( 'NONE',  ( 0.000000000000000000, 1.000000000000000000, -0.000000000000000000 ) ) ;
#4821 = CARTESIAN_POINT ( 'NONE',  ( 12.96489119648838440, -5.000000000000000000, 6.941064073898911779 ) ) ;
#4822 = VECTOR ( 'NONE', #4472, 1000.000000000000000 ) ;
#4823 = EDGE_LOOP ( 'NONE', ( #2715, #4306, #643, #3616 ) ) ;
#4824 = APPLICATION_PROTOCOL_DEFINITION ( 'draft international standard', 'automotive_design', 1998, #3177 ) ;
#4825 = CARTESIAN_POINT ( 'NONE',  ( -36.21489119648840926, -5.000000000000000000, 4.776000564437814511 ) ) ;
#4826 = DIRECTION ( 'NONE',  ( -1.000000000000000000, 0.000000000000000000, 5.551115123125782702E-17 ) ) ;
#4827 = ORIENTED_EDGE ( 'NONE', *, *, #1304, .T. ) ;
#4828 = LINE ( 'NONE', #2686, #1464 ) ;
#4829 = EDGE_CURVE ( 'NONE', #1577, #990, #2488, .T. ) ;
#4830 = CARTESIAN_POINT ( 'NONE',  ( -23.62893471789305622, -5.000000000000000000, 18.65812871223563008 ) ) ;
#4831 = AXIS2_PLACEMENT_3D ( 'NONE', #1600, #375, #1150 ) ;
#4832 = ORIENTED_EDGE ( 'NONE', *, *, #859, .F. ) ;
#4833 = VECTOR ( 'NONE', #2176, 999.9999999999998863 ) ;
#4834 = VECTOR ( 'NONE', #2574, 1000.000000000000114 ) ;
#4835 = EDGE_CURVE ( 'NONE', #1661, #2980, #821, .T. ) ;
#4836 = ORIENTED_EDGE ( 'NONE', *, *, #4026, .F. ) ;
#4837 = DIRECTION ( 'NONE',  ( 0.000000000000000000, 0.000000000000000000, 1.000000000000000000 ) ) ;
#4838 = ORIENTED_EDGE ( 'NONE', *, *, #3487, .T. ) ;
#4839 = DIRECTION ( 'NONE',  ( 0.000000000000000000, 1.000000000000000000, 0.000000000000000000 ) ) ;
#4840 = ORIENTED_EDGE ( 'NONE', *, *, #3846, .T. ) ;
#4841 = LINE ( 'NONE', #2255, #3948 ) ;
#4842 = DIRECTION ( 'NONE',  ( 0.000000000000000000, 1.000000000000000000, -0.000000000000000000 ) ) ;
#4843 = EDGE_CURVE ( 'NONE', #2025, #1642, #3793, .T. ) ;
#4844 = CARTESIAN_POINT ( 'NONE',  ( 17.00000000000001066, 0.000000000000000000, -20.35999999999977916 ) ) ;
#4845 = DIRECTION ( 'NONE',  ( 0.000000000000000000, 0.000000000000000000, 1.000000000000000000 ) ) ;
#4846 = VECTOR ( 'NONE', #2632, 1000.000000000000000 ) ;
#4847 = CARTESIAN_POINT ( 'NONE',  ( -39.00000000000000711, -2.000000000000000000, -24.50000000000000355 ) ) ;
#4848 = ORIENTED_EDGE ( 'NONE', *, *, #704, .F. ) ;
#4849 = DIRECTION ( 'NONE',  ( 0.000000000000000000, 1.000000000000000000, -0.000000000000000000 ) ) ;
#4850 = CYLINDRICAL_SURFACE ( 'NONE', #3679, 1.000000000000000888 ) ;
#4851 = ORIENTED_EDGE ( 'NONE', *, *, #3035, .F. ) ;
#4852 = CYLINDRICAL_SURFACE ( 'NONE', #685, 1.449999999999999956 ) ;
#4853 = DIRECTION ( 'NONE',  ( 0.4999999999999999445, 0.000000000000000000, 0.8660254037844387076 ) ) ;
#4854 = VECTOR ( 'NONE', #3290, 1000.000000000000000 ) ;
#4855 = ORIENTED_EDGE ( 'NONE', *, *, #235, .F. ) ;
#4856 = DIRECTION ( 'NONE',  ( 0.4999999999999997224, -0.000000000000000000, -0.8660254037844387076 ) ) ;
#4857 = DIRECTION ( 'NONE',  ( 0.000000000000000000, 1.000000000000000000, -0.000000000000000000 ) ) ;
#4858 = ORIENTED_EDGE ( 'NONE', *, *, #2913, .F. ) ;
#4859 = ORIENTED_EDGE ( 'NONE', *, *, #3992, .T. ) ;
#4860 = CARTESIAN_POINT ( 'NONE',  ( -37.46489119648840926, 0.000000000000000000, -6.941064073898908227 ) ) ;
#4861 = ORIENTED_EDGE ( 'NONE', *, *, #5386, .T. ) ;
#4862 = CARTESIAN_POINT ( 'NONE',  ( -26.57757253518500917, -2.000000000000000000, 15.34456865759586641 ) ) ;
#4863 = EDGE_LOOP ( 'NONE', ( #4722, #274 ) ) ;
#4864 = DIRECTION ( 'NONE',  ( 0.4999999999999997224, 0.000000000000000000, -0.8660254037844388186 ) ) ;
#4865 = EDGE_CURVE ( 'NONE', #2383, #4202, #402, .T. ) ;
#4866 = CARTESIAN_POINT ( 'NONE',  ( 11.67191295719070787, -5.000000000000000000, 11.71706463833672274 ) ) ;
#4867 = CARTESIAN_POINT ( 'NONE',  ( 11.67191295719070787, 0.000000000000000000, 16.04719165725891727 ) ) ;
#4868 = LINE ( 'NONE', #1934, #1866 ) ;
#4869 = DIRECTION ( 'NONE',  ( 0.000000000000000000, 0.000000000000000000, 1.000000000000000000 ) ) ;
#4870 = ORIENTED_EDGE ( 'NONE', *, *, #4738, .F. ) ;
#4871 = CARTESIAN_POINT ( 'NONE',  ( 21.00000000000001066, 0.000000000000000000, -16.35999999999977916 ) ) ;
#4872 = EDGE_CURVE ( 'NONE', #3357, #897, #5063, .T. ) ;
#4873 = DIRECTION ( 'NONE',  ( 0.000000000000000000, 0.000000000000000000, 1.000000000000000000 ) ) ;
#4874 = LINE ( 'NONE', #5317, #2753 ) ;
#4875 = EDGE_CURVE ( 'NONE', #1303, #1159, #5243, .T. ) ;
#4876 = ADVANCED_FACE ( 'NONE', ( #1534 ), #2358, .T. ) ;
#4877 = ORIENTED_EDGE ( 'NONE', *, *, #4761, .T. ) ;
#4878 = CARTESIAN_POINT ( 'NONE',  ( 0.7499999999999867883, -5.000000000000000000, 11.99999999999999112 ) ) ;
#4879 = DIRECTION ( 'NONE',  ( 0.000000000000000000, 1.000000000000000000, 0.000000000000000000 ) ) ;
#4880 = LINE ( 'NONE', #158, #1809 ) ;
#4881 = AXIS2_PLACEMENT_3D ( 'NONE', #3847, #2593, #3485 ) ;
#4882 = ORIENTED_EDGE ( 'NONE', *, *, #3811, .T. ) ;
#4883 = DIRECTION ( 'NONE',  ( -0.5000000000000001110, 0.000000000000000000, 0.8660254037844387076 ) ) ;
#4884 = LINE ( 'NONE', #2329, #3053 ) ;
#4885 = VECTOR ( 'NONE', #809, 1000.000000000000000 ) ;
#4886 = VERTEX_POINT ( 'NONE', #611 ) ;
#4887 = VECTOR ( 'NONE', #1382, 1000.000000000000114 ) ;
#4888 = VECTOR ( 'NONE', #2595, 1000.000000000000000 ) ;
#4889 = VERTEX_POINT ( 'NONE', #5325 ) ;
#4890 = VECTOR ( 'NONE', #3776, 1000.000000000000000 ) ;
#4891 = VECTOR ( 'NONE', #2708, 1000.000000000000114 ) ;
#4892 = DIRECTION ( 'NONE',  ( -0.5000000000000000000, 0.000000000000000000, 0.8660254037844385966 ) ) ;
#4893 = EDGE_LOOP ( 'NONE', ( #5424, #1757, #4662, #456 ) ) ;
#4894 = VECTOR ( 'NONE', #28, 1000.000000000000000 ) ;
#4895 = FACE_BOUND ( 'NONE', #17, .T. ) ;
#4896 = EDGE_LOOP ( 'NONE', ( #3819, #1087, #326, #5266 ) ) ;
#4897 = FACE_OUTER_BOUND ( 'NONE', #4823, .T. ) ;
#4898 = FACE_OUTER_BOUND ( 'NONE', #4364, .T. ) ;
#4899 = CARTESIAN_POINT ( 'NONE',  ( 16.00000000000000000, -2.000000000000000000, -22.74999999999999645 ) ) ;
#4900 = LINE ( 'NONE', #1096, #5364 ) ;
#4901 = DIRECTION ( 'NONE',  ( 0.000000000000000000, 1.000000000000000000, 0.000000000000000000 ) ) ;
#4902 = ORIENTED_EDGE ( 'NONE', *, *, #5479, .T. ) ;
#4903 = EDGE_CURVE ( 'NONE', #1743, #353, #137, .T. ) ;
#4904 = DIRECTION ( 'NONE',  ( -3.083952846180978250E-15, 0.000000000000000000, -1.000000000000000000 ) ) ;
#4905 = CARTESIAN_POINT ( 'NONE',  ( -23.25000000000001421, -5.000000000000000000, -9.499999999999992895 ) ) ;
#4906 = DIRECTION ( 'NONE',  ( -5.551115123125782702E-17, 0.000000000000000000, -1.000000000000000000 ) ) ;
#4907 = VERTEX_POINT ( 'NONE', #245 ) ;
#4908 = FACE_OUTER_BOUND ( 'NONE', #4316, .T. ) ;
#4909 = DIRECTION ( 'NONE',  ( -1.000000000000000000, 0.000000000000000000, 5.551115123125782702E-17 ) ) ;
#4910 = LINE ( 'NONE', #5296, #2524 ) ;
#4911 = VERTEX_POINT ( 'NONE', #1944 ) ;
#4912 = AXIS2_PLACEMENT_3D ( 'NONE', #1615, #2089, #1586 ) ;
#4913 = CARTESIAN_POINT ( 'NONE',  ( 11.67191295719070254, 0.000000000000000000, 16.04719165725891727 ) ) ;
#4914 = LINE ( 'NONE', #1970, #480 ) ;
#4915 = ORIENTED_EDGE ( 'NONE', *, *, #3428, .F. ) ;
#4916 = EDGE_CURVE ( 'NONE', #749, #2980, #584, .T. ) ;
#4917 = VECTOR ( 'NONE', #2341, 1000.000000000000000 ) ;
#4918 = ORIENTED_EDGE ( 'NONE', *, *, #2864, .T. ) ;
#4919 = AXIS2_PLACEMENT_3D ( 'NONE', #1522, #549, #2239 ) ;
#4920 = CARTESIAN_POINT ( 'NONE',  ( -33.71489119648840926, 0.000000000000000000, -9.106127583360004607 ) ) ;
#4921 = ORIENTED_EDGE ( 'NONE', *, *, #3316, .T. ) ;
#4922 = DIRECTION ( 'NONE',  ( 0.000000000000000000, 0.000000000000000000, 1.000000000000000000 ) ) ;
#4923 = ORIENTED_EDGE ( 'NONE', *, *, #4358, .T. ) ;
#4924 = EDGE_CURVE ( 'NONE', #4907, #3108, #4828, .T. ) ;
#4925 = LINE ( 'NONE', #2033, #3919 ) ;
#4926 = AXIS2_PLACEMENT_3D ( 'NONE', #1708, #3492, #3376 ) ;
#4927 = DIRECTION ( 'NONE',  ( 0.000000000000000000, 0.000000000000000000, 1.000000000000000000 ) ) ;
#4928 = PLANE ( 'NONE',  #5456 ) ;
#4929 = PLANE ( 'NONE',  #3145 ) ;
#4930 = CARTESIAN_POINT ( 'NONE',  ( 7.921912957190708759, -2.000000000000000000, 13.88212814779782001 ) ) ;
#4931 = PRODUCT_RELATED_PRODUCT_CATEGORY ( 'part', '', ( #2070 ) ) ;
#4932 = LINE ( 'NONE', #4098, #726 ) ;
#4933 = DIRECTION ( 'NONE',  ( 0.000000000000000000, 1.000000000000000000, -0.000000000000000000 ) ) ;
#4934 = CARTESIAN_POINT ( 'NONE',  ( -29.55090776435773137, -2.000000000000000000, 17.06122455254973858 ) ) ;
#4935 = ORIENTED_EDGE ( 'NONE', *, *, #945, .T. ) ;
#4936 = DIRECTION ( 'NONE',  ( 0.8660254037844388186, 0.000000000000000000, 0.4999999999999997780 ) ) ;
#4937 = VERTEX_POINT ( 'NONE', #1917 ) ;
#4938 = EDGE_CURVE ( 'NONE', #2061, #5352, #994, .T. ) ;
#4939 = ORIENTED_EDGE ( 'NONE', *, *, #3202, .T. ) ;
#4940 = EDGE_CURVE ( 'NONE', #839, #5384, #1503, .T. ) ;
#4941 = CARTESIAN_POINT ( 'NONE',  ( -37.46489119648840926, -5.000000000000000000, 6.941064073898911779 ) ) ;
#4942 = DIRECTION ( 'NONE',  ( 0.000000000000000000, 0.000000000000000000, 1.000000000000000000 ) ) ;
#4943 = AXIS2_PLACEMENT_3D ( 'NONE', #1576, #1680, #3269 ) ;
#4944 = VERTEX_POINT ( 'NONE', #4913 ) ;
#4945 = ADVANCED_FACE ( 'NONE', ( #160 ), #2328, .F. ) ;
#4946 = ORIENTED_EDGE ( 'NONE', *, *, #965, .T. ) ;
#4947 = FACE_OUTER_BOUND ( 'NONE', #3072, .T. ) ;
#4948 = ORIENTED_EDGE ( 'NONE', *, *, #2854, .T. ) ;
#4949 = ADVANCED_FACE ( 'NONE', ( #4350 ), #3130, .T. ) ;
#4950 = DIRECTION ( 'NONE',  ( 0.000000000000000000, 1.000000000000000000, -0.000000000000000000 ) ) ;
#4951 = ORIENTED_EDGE ( 'NONE', *, *, #1932, .F. ) ;
#4952 = DIRECTION ( 'NONE',  ( -1.000000000000000000, 0.000000000000000000, 5.551115123125782702E-17 ) ) ;
#4953 = EDGE_CURVE ( 'NONE', #5112, #3359, #3974, .T. ) ;
#4954 = FACE_OUTER_BOUND ( 'NONE', #4672, .T. ) ;
#4955 = LINE ( 'NONE', #4538, #3324 ) ;
#4956 = DIRECTION ( 'NONE',  ( -0.5000000000000000000, 0.000000000000000000, -0.8660254037844385966 ) ) ;
#4957 = CARTESIAN_POINT ( 'NONE',  ( -28.67191295719072386, 0.000000000000000000, -2.165063509461094604 ) ) ;
#4958 = VECTOR ( 'NONE', #1677, 1000.000000000000000 ) ;
#4959 = CARTESIAN_POINT ( 'NONE',  ( -32.46489119648840216, -5.000000000000000000, 20.82319222169673267 ) ) ;
#4960 = DIRECTION ( 'NONE',  ( 0.000000000000000000, 1.000000000000000000, 0.000000000000000000 ) ) ;
#4961 = PLANE ( 'NONE',  #3734 ) ;
#4962 = CARTESIAN_POINT ( 'NONE',  ( -32.42191295719072741, 0.000000000000000000, 13.88212814779782001 ) ) ;
#4963 = EDGE_LOOP ( 'NONE', ( #3777, #1189, #4693, #956, #4383, #4587 ) ) ;
#4964 = VERTEX_POINT ( 'NONE', #554 ) ;
#4965 = CARTESIAN_POINT ( 'NONE',  ( -7.207021760702333246, -5.000000000000000000, 20.82319222169673267 ) ) ;
#4966 = CARTESIAN_POINT ( 'NONE',  ( -28.67191295719072386, 0.000000000000000000, 16.04719165725891727 ) ) ;
#4967 = ORIENTED_EDGE ( 'NONE', *, *, #4903, .T. ) ;
#4968 = LINE ( 'NONE', #3750, #4178 ) ;
#4969 = CIRCLE ( 'NONE', #2045, 2.499999999999998668 ) ;
#4970 = ORIENTED_EDGE ( 'NONE', *, *, #5175, .F. ) ;
#4971 = VECTOR ( 'NONE', #2896, 1000.000000000000000 ) ;
#4972 = DIRECTION ( 'NONE',  ( -1.000000000000000000, 0.000000000000000000, 5.551115123125782702E-17 ) ) ;
#4973 = ORIENTED_EDGE ( 'NONE', *, *, #2059, .T. ) ;
#4974 = DIRECTION ( 'NONE',  ( 0.000000000000000000, 0.000000000000000000, 1.000000000000000000 ) ) ;
#4975 = ORIENTED_EDGE ( 'NONE', *, *, #2195, .T. ) ;
#4976 = CARTESIAN_POINT ( 'NONE',  ( 0.7499999999999867883, 0.000000000000000000, -10.54999999999999183 ) ) ;
#4977 = EDGE_CURVE ( 'NONE', #3856, #3511, #2169, .T. ) ;
#4978 = VECTOR ( 'NONE', #706, 999.9999999999998863 ) ;
#4979 = ADVANCED_FACE ( 'NONE', ( #1049 ), #1890, .T. ) ;
#4980 = DIRECTION ( 'NONE',  ( 0.000000000000000000, 0.000000000000000000, 1.000000000000000000 ) ) ;
#4981 = VERTEX_POINT ( 'NONE', #4796 ) ;
#4982 = CIRCLE ( 'NONE', #3567, 1.449999999999999956 ) ;
#4983 = CARTESIAN_POINT ( 'NONE',  ( 16.00000000000001066, -2.000000000000000000, 0.000000000000000000 ) ) ;
#4984 = CARTESIAN_POINT ( 'NONE',  ( 18.99999999999999645, -2.000000000000000000, -24.50000000000000355 ) ) ;
#4985 = LINE ( 'NONE', #2929, #2737 ) ;
#4986 = EDGE_CURVE ( 'NONE', #664, #749, #4381, .T. ) ;
#4987 = CARTESIAN_POINT ( 'NONE',  ( -23.25000000000001421, -5.000000000000000000, -11.99999999999999112 ) ) ;
#4988 = FACE_OUTER_BOUND ( 'NONE', #4226, .T. ) ;
#4989 = CARTESIAN_POINT ( 'NONE',  ( -16.04297823929769251, 0.000000000000000000, 22.98825573115782817 ) ) ;
#4990 = EDGE_CURVE ( 'NONE', #2663, #4103, #5454, .T. ) ;
#4991 = EDGE_CURVE ( 'NONE', #640, #2254, #1475, .T. ) ;
#4992 = ADVANCED_FACE ( 'NONE', ( #3614 ), #2440, .T. ) ;
#4993 = CARTESIAN_POINT ( 'NONE',  ( -5.957021760702333246, -5.000000000000000000, 18.65812871223563363 ) ) ;
#4994 = ORIENTED_EDGE ( 'NONE', *, *, #1289, .T. ) ;
#4995 = ORIENTED_EDGE ( 'NONE', *, *, #4164, .T. ) ;
#4996 = LINE ( 'NONE', #2022, #3159 ) ;
#4997 = LINE ( 'NONE', #4579, #1902 ) ;
#4998 = ORIENTED_EDGE ( 'NONE', *, *, #5046, .F. ) ;
#4999 = CARTESIAN_POINT ( 'NONE',  ( -39.00000000000000711, 0.000000000000000000, -24.50000000000000355 ) ) ;
#5000 = VERTEX_POINT ( 'NONE', #2497 ) ;
#5001 = ADVANCED_FACE ( 'NONE', ( #2384 ), #2081, .T. ) ;
#5002 = FACE_OUTER_BOUND ( 'NONE', #1719, .T. ) ;
#5003 = ORIENTED_EDGE ( 'NONE', *, *, #3366, .F. ) ;
#5004 = CARTESIAN_POINT ( 'NONE',  ( 0.7499999999999871214, -5.000000000000000000, -14.49999999999999112 ) ) ;
#5005 = ORIENTED_EDGE ( 'NONE', *, *, #5347, .F. ) ;
#5006 = AXIS2_PLACEMENT_3D ( 'NONE', #2214, #5327, #3131 ) ;
#5007 = DIRECTION ( 'NONE',  ( -0.8660254037844387076, 0.000000000000000000, 0.4999999999999999445 ) ) ;
#5008 = EDGE_CURVE ( 'NONE', #1226, #363, #4133, .T. ) ;
#5009 = CARTESIAN_POINT ( 'NONE',  ( 9.171912957190707871, -5.000000000000000000, -16.04719165725891372 ) ) ;
#5010 = VERTEX_POINT ( 'NONE', #1580 ) ;
#5011 = AXIS2_PLACEMENT_3D ( 'NONE', #1406, #5260, #4873 ) ;
#5012 = DIRECTION ( 'NONE',  ( 0.000000000000000000, 1.000000000000000000, -0.000000000000000000 ) ) ;
#5013 = EDGE_CURVE ( 'NONE', #5335, #3286, #3717, .T. ) ;
#5014 = AXIS2_PLACEMENT_3D ( 'NONE', #2955, #4645, #847 ) ;
#5015 = VECTOR ( 'NONE', #5250, 1000.000000000000227 ) ;
#5016 = DIRECTION ( 'NONE',  ( -0.000000000000000000, -1.000000000000000000, 0.000000000000000000 ) ) ;
#5017 = CARTESIAN_POINT ( 'NONE',  ( -31.10423730601228698, -2.000000000000000000, 17.95803978156419234 ) ) ;
#5018 = DIRECTION ( 'NONE',  ( 0.4999999999999997224, 0.000000000000000000, -0.8660254037844388186 ) ) ;
#5019 = DIRECTION ( 'NONE',  ( -0.000000000000000000, -1.000000000000000000, 0.000000000000000000 ) ) ;
#5020 = CARTESIAN_POINT ( 'NONE',  ( 6.628934717893026018, -5.000000000000000000, 4.776000564437813622 ) ) ;
#5021 = CARTESIAN_POINT ( 'NONE',  ( -33.71489119648840926, 0.000000000000000000, 4.776000564437813622 ) ) ;
#5022 = ORIENTED_EDGE ( 'NONE', *, *, #2915, .F. ) ;
#5023 = ORIENTED_EDGE ( 'NONE', *, *, #1399, .T. ) ;
#5024 = FACE_OUTER_BOUND ( 'NONE', #4729, .T. ) ;
#5025 = LINE ( 'NONE', #4187, #4123 ) ;
#5026 = DIRECTION ( 'NONE',  ( -0.000000000000000000, -1.000000000000000000, 0.000000000000000000 ) ) ;
#5027 = VECTOR ( 'NONE', #4269, 1000.000000000000000 ) ;
#5028 = ORIENTED_EDGE ( 'NONE', *, *, #1213, .T. ) ;
#5029 = CARTESIAN_POINT ( 'NONE',  ( 6.628934717893026018, -2.000000000000000000, 18.65812871223563008 ) ) ;
#5030 = VERTEX_POINT ( 'NONE', #1136 ) ;
#5031 = DIRECTION ( 'NONE',  ( -0.000000000000000000, -1.000000000000000000, 0.000000000000000000 ) ) ;
#5032 = ORIENTED_EDGE ( 'NONE', *, *, #2259, .T. ) ;
#5033 = DIRECTION ( 'NONE',  ( 0.8660254037844388186, 0.000000000000000000, 0.4999999999999997780 ) ) ;
#5034 = CARTESIAN_POINT ( 'NONE',  ( 11.67191295719070787, 0.000000000000000000, -2.165063509461094604 ) ) ;
#5035 = ORIENTED_EDGE ( 'NONE', *, *, #603, .F. ) ;
#5036 = EDGE_CURVE ( 'NONE', #1159, #4273, #2859, .T. ) ;
#5037 = CARTESIAN_POINT ( 'NONE',  ( -5.957021760702331470, 0.000000000000000000, 22.98825573115782817 ) ) ;
#5038 = CARTESIAN_POINT ( 'NONE',  ( -23.25000000000001421, -2.000000000000000000, -9.499999999999992895 ) ) ;
#5039 = CARTESIAN_POINT ( 'NONE',  ( 11.67191295719070787, -5.000000000000000000, 11.71706463833672274 ) ) ;
#5040 = PLANE ( 'NONE',  #446 ) ;
#5041 = DIRECTION ( 'NONE',  ( -1.000000000000000000, 0.000000000000000000, 5.551115123125782702E-17 ) ) ;
#5042 = ORIENTED_EDGE ( 'NONE', *, *, #2949, .F. ) ;
#5043 = VERTEX_POINT ( 'NONE', #774 ) ;
#5044 = LINE ( 'NONE', #5489, #3424 ) ;
#5045 = ADVANCED_FACE ( 'NONE', ( #3327 ), #3247, .T. ) ;
#5046 = EDGE_CURVE ( 'NONE', #3670, #977, #1187, .T. ) ;
#5047 = DIRECTION ( 'NONE',  ( -0.000000000000000000, -1.000000000000000000, 0.000000000000000000 ) ) ;
#5048 = ORIENTED_EDGE ( 'NONE', *, *, #4604, .T. ) ;
#5049 = CARTESIAN_POINT ( 'NONE',  ( 11.67191295719070787, -5.000000000000000000, -11.71706463833671918 ) ) ;
#5050 = ORIENTED_EDGE ( 'NONE', *, *, #4425, .F. ) ;
#5051 = DIRECTION ( 'NONE',  ( -0.5000000000000000000, 0.000000000000000000, 0.8660254037844385966 ) ) ;
#5052 = ORIENTED_EDGE ( 'NONE', *, *, #5382, .F. ) ;
#5053 = CARTESIAN_POINT ( 'NONE',  ( -27.42191295719072741, -5.000000000000000000, -13.88212814779781645 ) ) ;
#5054 = VERTEX_POINT ( 'NONE', #721 ) ;
#5055 = ORIENTED_EDGE ( 'NONE', *, *, #3961, .F. ) ;
#5056 = CARTESIAN_POINT ( 'NONE',  ( 16.00000000000001066, -2.000000000000000000, -20.35999999999977916 ) ) ;
#5057 = ORIENTED_EDGE ( 'NONE', *, *, #5373, .F. ) ;
#5058 = PLANE ( 'NONE',  #5014 ) ;
#5059 = VECTOR ( 'NONE', #2898, 1000.000000000000000 ) ;
#5060 = VECTOR ( 'NONE', #2242, 1000.000000000000227 ) ;
#5061 = DIRECTION ( 'NONE',  ( 0.000000000000000000, 1.000000000000000000, -0.000000000000000000 ) ) ;
#5062 =( GEOMETRIC_REPRESENTATION_CONTEXT ( 3 ) GLOBAL_UNCERTAINTY_ASSIGNED_CONTEXT ( ( #2974 ) ) GLOBAL_UNIT_ASSIGNED_CONTEXT ( ( #737, #2821, #4177 ) ) REPRESENTATION_CONTEXT ( 'NONE', 'WORKASPACE' ) );
#5063 = LINE ( 'NONE', #2772, #2347 ) ;
#5064 = LINE ( 'NONE', #516, #1516 ) ;
#5065 = AXIS2_PLACEMENT_3D ( 'NONE', #1493, #3988, #1878 ) ;
#5066 = EDGE_CURVE ( 'NONE', #2895, #1177, #4996, .T. ) ;
#5067 = DIRECTION ( 'NONE',  ( 0.4999999999999997224, -0.000000000000000000, -0.8660254037844387076 ) ) ;
#5068 = VERTEX_POINT ( 'NONE', #328 ) ;
#5069 = VERTEX_POINT ( 'NONE', #1607 ) ;
#5070 = CARTESIAN_POINT ( 'NONE',  ( -37.46489119648840926, -5.000000000000000000, -6.941064073898908227 ) ) ;
#5071 = DIRECTION ( 'NONE',  ( 0.8660254037844387076, 0.000000000000000000, -0.5000000000000001110 ) ) ;
#5072 = ORIENTED_EDGE ( 'NONE', *, *, #843, .F. ) ;
#5073 = CARTESIAN_POINT ( 'NONE',  ( -0.8463678702262135145, -2.000000000000000000, 0.4886507177085546716 ) ) ;
#5074 = CARTESIAN_POINT ( 'NONE',  ( 9.171912957190709648, 0.000000000000000000, -11.71706463833671918 ) ) ;
#5075 = EDGE_LOOP ( 'NONE', ( #4605, #5475 ) ) ;
#5076 = PRODUCT_DEFINITION_CONTEXT ( 'detailed design', #1261, 'design' ) ;
#5077 = PLANE ( 'NONE',  #1182 ) ;
#5078 = ORIENTED_EDGE ( 'NONE', *, *, #1065, .T. ) ;
#5079 = CARTESIAN_POINT ( 'NONE',  ( 0.000000000000000000, 0.000000000000000000, -15.35999999999977739 ) ) ;
#5080 = VERTEX_POINT ( 'NONE', #2803 ) ;
#5081 = ORIENTED_EDGE ( 'NONE', *, *, #4801, .F. ) ;
#5082 = AXIS2_PLACEMENT_3D ( 'NONE', #1538, #3226, #1507 ) ;
#5083 = LINE ( 'NONE', #370, #3860 ) ;
#5084 = ORIENTED_EDGE ( 'NONE', *, *, #2443, .T. ) ;
#5085 = DIRECTION ( 'NONE',  ( 0.000000000000000000, 1.000000000000000000, 0.000000000000000000 ) ) ;
#5086 = DIRECTION ( 'NONE',  ( -1.541976423090493661E-15, 0.000000000000000000, 1.000000000000000000 ) ) ;
#5087 = CIRCLE ( 'NONE', #840, 2.999999999999999112 ) ;
#5088 = VECTOR ( 'NONE', #1849, 1000.000000000000000 ) ;
#5089 = AXIS2_PLACEMENT_3D ( 'NONE', #1126, #341, #3654 ) ;
#5090 = DIRECTION ( 'NONE',  ( 0.000000000000000000, 0.000000000000000000, 1.000000000000000000 ) ) ;
#5091 = ORIENTED_EDGE ( 'NONE', *, *, #4196, .F. ) ;
#5092 = VECTOR ( 'NONE', #5279, 1000.000000000000000 ) ;
#5093 = CARTESIAN_POINT ( 'NONE',  ( 23.00000000000000355, -2.000000000000000000, 25.00000000000001066 ) ) ;
#5094 = AXIS2_PLACEMENT_3D ( 'NONE', #1215, #2024, #2889 ) ;
#5095 = VERTEX_POINT ( 'NONE', #1998 ) ;
#5096 = EDGE_CURVE ( 'NONE', #4189, #1319, #4083, .T. ) ;
#5097 = ORIENTED_EDGE ( 'NONE', *, *, #1862, .F. ) ;
#5098 = FACE_OUTER_BOUND ( 'NONE', #4687, .T. ) ;
#5099 = DIRECTION ( 'NONE',  ( 0.000000000000000000, 1.000000000000000000, -0.000000000000000000 ) ) ;
#5100 = EDGE_LOOP ( 'NONE', ( #4432, #3468, #879, #2827 ) ) ;
#5101 = EDGE_CURVE ( 'NONE', #470, #3390, #3298, .T. ) ;
#5102 = LINE ( 'NONE', #886, #3606 ) ;
#5103 = CARTESIAN_POINT ( 'NONE',  ( 11.67191295719070787, 0.000000000000000000, 2.165063509461098601 ) ) ;
#5104 = ORIENTED_EDGE ( 'NONE', *, *, #1277, .F. ) ;
#5105 = FACE_OUTER_BOUND ( 'NONE', #432, .T. ) ;
#5106 = ORIENTED_EDGE ( 'NONE', *, *, #5046, .T. ) ;
#5107 = EDGE_CURVE ( 'NONE', #2025, #3547, #4606, .T. ) ;
#5108 = LINE ( 'NONE', #4588, #4445 ) ;
#5109 = ORIENTED_EDGE ( 'NONE', *, *, #773, .F. ) ;
#5110 = VECTOR ( 'NONE', #2127, 1000.000000000000000 ) ;
#5111 = DIRECTION ( 'NONE',  ( 0.000000000000000000, 0.000000000000000000, 1.000000000000000000 ) ) ;
#5112 = VERTEX_POINT ( 'NONE', #5356 ) ;
#5113 = EDGE_CURVE ( 'NONE', #4653, #1237, #1157, .T. ) ;
#5114 = DIRECTION ( 'NONE',  ( 0.000000000000000000, 0.000000000000000000, 1.000000000000000000 ) ) ;
#5115 = ADVANCED_FACE ( 'NONE', ( #5024 ), #798, .T. ) ;
#5116 = CARTESIAN_POINT ( 'NONE',  ( 9.171912957190709648, -5.000000000000000000, -11.71706463833671918 ) ) ;
#5117 = ORIENTED_EDGE ( 'NONE', *, *, #3251, .T. ) ;
#5118 = DIRECTION ( 'NONE',  ( 0.000000000000000000, 1.000000000000000000, 0.000000000000000000 ) ) ;
#5119 = PLANE ( 'NONE',  #875 ) ;
#5120 = DIRECTION ( 'NONE',  ( -1.000000000000000000, 0.000000000000000000, 5.551115123125782702E-17 ) ) ;
#5121 = ORIENTED_EDGE ( 'NONE', *, *, #815, .F. ) ;
#5122 = CARTESIAN_POINT ( 'NONE',  ( 1.276104540435131672E-15, -2.000000000000000000, 22.98825573115782817 ) ) ;
#5123 = ORIENTED_EDGE ( 'NONE', *, *, #1592, .T. ) ;
#5124 = ORIENTED_EDGE ( 'NONE', *, *, #881, .T. ) ;
#5125 = CARTESIAN_POINT ( 'NONE',  ( -31.17191295719073096, -5.000000000000000000, -16.04719165725891372 ) ) ;
#5126 = CARTESIAN_POINT ( 'NONE',  ( -28.67191295719073096, -5.000000000000000000, -11.71706463833671918 ) ) ;
#5127 = ORIENTED_EDGE ( 'NONE', *, *, #680, .F. ) ;
#5128 = DIRECTION ( 'NONE',  ( 6.938893903907510001E-15, 0.000000000000000000, -1.000000000000000000 ) ) ;
#5129 = PLANE ( 'NONE',  #2755 ) ;
#5130 = VERTEX_POINT ( 'NONE', #694 ) ;
#5131 = AXIS2_PLACEMENT_3D ( 'NONE', #4396, #649, #537 ) ;
#5132 = DIRECTION ( 'NONE',  ( -0.000000000000000000, -1.000000000000000000, 0.000000000000000000 ) ) ;
#5133 = EDGE_LOOP ( 'NONE', ( #1044, #2324, #3980, #2954 ) ) ;
#5134 = LINE ( 'NONE', #1938, #4698 ) ;
#5135 = ORIENTED_EDGE ( 'NONE', *, *, #4779, .F. ) ;
#5136 = CARTESIAN_POINT ( 'NONE',  ( 6.628934717893026018, -2.000000000000000000, 4.776000564437813622 ) ) ;
#5137 = VERTEX_POINT ( 'NONE', #1969 ) ;
#5138 = LINE ( 'NONE', #2225, #8 ) ;
#5139 = CARTESIAN_POINT ( 'NONE',  ( 7.878934717893026907, 0.000000000000000000, 6.941064073898911779 ) ) ;
#5140 = ORIENTED_EDGE ( 'NONE', *, *, #4218, .T. ) ;
#5141 = CARTESIAN_POINT ( 'NONE',  ( 0.7499999999999867883, -5.000000000000000000, -11.99999999999999112 ) ) ;
#5142 = DIRECTION ( 'NONE',  ( -1.000000000000000000, 0.000000000000000000, 5.551115123125782702E-17 ) ) ;
#5143 = VECTOR ( 'NONE', #4259, 1000.000000000000227 ) ;
#5144 = CIRCLE ( 'NONE', #2575, 2.999999999999995559 ) ;
#5145 = PLANE ( 'NONE',  #1422 ) ;
#5146 = VECTOR ( 'NONE', #1328, 1000.000000000000000 ) ;
#5147 = ADVANCED_FACE ( 'NONE', ( #3667 ), #1559, .T. ) ;
#5148 = FACE_OUTER_BOUND ( 'NONE', #619, .T. ) ;
#5149 = VERTEX_POINT ( 'NONE', #296 ) ;
#5150 = VECTOR ( 'NONE', #1473, 1000.000000000000000 ) ;
#5151 = AXIS2_PLACEMENT_3D ( 'NONE', #364, #5033, #2482 ) ;
#5152 = DIRECTION ( 'NONE',  ( 0.000000000000000000, 0.000000000000000000, 1.000000000000000000 ) ) ;
#5153 = ADVANCED_FACE ( 'NONE', ( #5098 ), #2598, .T. ) ;
#5154 = CARTESIAN_POINT ( 'NONE',  ( -31.10423730601229764, -2.000000000000000000, -17.95803978156418879 ) ) ;
#5155 = EDGE_CURVE ( 'NONE', #5302, #3905, #1707, .T. ) ;
#5156 = ORIENTED_EDGE ( 'NONE', *, *, #75, .F. ) ;
#5157 = DIRECTION ( 'NONE',  ( 1.000000000000000000, 0.000000000000000000, 2.775557561562891351E-16 ) ) ;
#5158 = CARTESIAN_POINT ( 'NONE',  ( -23.25000000000001421, 0.000000000000000000, -13.44999999999999218 ) ) ;
#5159 = VERTEX_POINT ( 'NONE', #4291 ) ;
#5160 = DIRECTION ( 'NONE',  ( 0.000000000000000000, 1.000000000000000000, 0.000000000000000000 ) ) ;
#5161 = ORIENTED_EDGE ( 'NONE', *, *, #186, .F. ) ;
#5162 = LINE ( 'NONE', #2192, #1426 ) ;
#5163 = VERTEX_POINT ( 'NONE', #461 ) ;
#5164 = ORIENTED_EDGE ( 'NONE', *, *, #4986, .F. ) ;
#5165 = CARTESIAN_POINT ( 'NONE',  ( 11.67191295719070787, -5.000000000000000000, -2.165063509461094604 ) ) ;
#5166 = CARTESIAN_POINT ( 'NONE',  ( -2.207021760702331914, 0.000000000000000000, 20.82319222169673267 ) ) ;
#5167 = ORIENTED_EDGE ( 'NONE', *, *, #126, .F. ) ;
#5168 = ADVANCED_FACE ( 'NONE', ( #3881 ), #2629, .T. ) ;
#5169 = FACE_BOUND ( 'NONE', #4741, .T. ) ;
#5170 = EDGE_CURVE ( 'NONE', #4610, #3842, #2546, .T. ) ;
#5171 = CARTESIAN_POINT ( 'NONE',  ( -18.30529690060108194, -2.000000000000000000, 10.56856809315805634 ) ) ;
#5172 = EDGE_CURVE ( 'NONE', #4765, #2805, #410, .T. ) ;
#5173 = CIRCLE ( 'NONE', #2690, 14.00000000000000000 ) ;
#5174 = CARTESIAN_POINT ( 'NONE',  ( -23.25000000000001421, -5.000000000000000000, 14.49999999999999112 ) ) ;
#5175 = EDGE_CURVE ( 'NONE', #3196, #249, #1324, .T. ) ;
#5176 = PLANE ( 'NONE',  #3907 ) ;
#5177 = CIRCLE ( 'NONE', #2785, 1.449999999999999956 ) ;
#5178 = CARTESIAN_POINT ( 'NONE',  ( -35.99999999999992895, -2.000000000000000000, 1.110223024625149977E-13 ) ) ;
#5179 = VERTEX_POINT ( 'NONE', #2154 ) ;
#5180 = VECTOR ( 'NONE', #3272, 1000.000000000000000 ) ;
#5181 = PLANE ( 'NONE',  #4015 ) ;
#5182 = CARTESIAN_POINT ( 'NONE',  ( -6.504277471251329148E-16, -2.000000000000000000, -11.71706463833671918 ) ) ;
#5183 = VECTOR ( 'NONE', #3855, 1000.000000000000000 ) ;
#5184 = VERTEX_POINT ( 'NONE', #2993 ) ;
#5185 = CARTESIAN_POINT ( 'NONE',  ( -4.468798519635905815E-15, -2.000000000000000000, -19.74999999999999645 ) ) ;
#5186 = DIRECTION ( 'NONE',  ( 1.000000000000000000, 0.000000000000000000, 2.775557561562891351E-16 ) ) ;
#5187 = VECTOR ( 'NONE', #2483, 1000.000000000000000 ) ;
#5188 = VERTEX_POINT ( 'NONE', #3375 ) ;
#5189 = EDGE_CURVE ( 'NONE', #834, #1927, #4312, .T. ) ;
#5190 = CARTESIAN_POINT ( 'NONE',  ( -5.178671023185929949E-15, -2.000000000000000000, 18.65812871223563008 ) ) ;
#5191 = EDGE_LOOP ( 'NONE', ( #3104, #999, #1847, #2066 ) ) ;
#5192 = CARTESIAN_POINT ( 'NONE',  ( -36.21489119648840926, 0.000000000000000000, 4.776000564437814511 ) ) ;
#5193 = VERTEX_POINT ( 'NONE', #2184 ) ;
#5194 = ORIENTED_EDGE ( 'NONE', *, *, #3619, .F. ) ;
#5195 = CARTESIAN_POINT ( 'NONE',  ( -16.04297823929769251, -2.000000000000000000, 22.98825573115782817 ) ) ;
#5196 = EDGE_LOOP ( 'NONE', ( #4245, #1995, #4090, #3432 ) ) ;
#5197 = VECTOR ( 'NONE', #2603, 999.9999999999998863 ) ;
#5198 = FACE_BOUND ( 'NONE', #615, .T. ) ;
#5199 = ORIENTED_EDGE ( 'NONE', *, *, #493, .T. ) ;
#5200 = FACE_BOUND ( 'NONE', #4139, .T. ) ;
#5201 = DIRECTION ( 'NONE',  ( 1.000000000000000000, 0.000000000000000000, 2.775557561562891351E-16 ) ) ;
#5202 = EDGE_CURVE ( 'NONE', #1748, #1194, #1683, .T. ) ;
#5203 = DIRECTION ( 'NONE',  ( 0.000000000000000000, 0.000000000000000000, 1.000000000000000000 ) ) ;
#5204 = DIRECTION ( 'NONE',  ( -0.5000000000000001110, 0.000000000000000000, 0.8660254037844387076 ) ) ;
#5205 = LINE ( 'NONE', #2649, #4447 ) ;
#5206 = ORIENTED_EDGE ( 'NONE', *, *, #4231, .T. ) ;
#5207 = DIRECTION ( 'NONE',  ( 1.000000000000000000, 0.000000000000000000, 2.775557561562891351E-16 ) ) ;
#5208 = DIRECTION ( 'NONE',  ( -5.551115123125782702E-17, 0.000000000000000000, -1.000000000000000000 ) ) ;
#5209 = ORIENTED_EDGE ( 'NONE', *, *, #404, .F. ) ;
#5210 = LINE ( 'NONE', #1471, #2710 ) ;
#5211 = PLANE ( 'NONE',  #542 ) ;
#5212 = LINE ( 'NONE', #1411, #3401 ) ;
#5213 = ORIENTED_EDGE ( 'NONE', *, *, #1812, .F. ) ;
#5214 = EDGE_CURVE ( 'NONE', #3031, #4804, #103, .T. ) ;
#5215 = EDGE_CURVE ( 'NONE', #44, #1115, #3874, .T. ) ;
#5216 = DIRECTION ( 'NONE',  ( -1.000000000000000000, 0.000000000000000000, 5.551115123125782702E-17 ) ) ;
#5217 = LINE ( 'NONE', #3615, #31 ) ;
#5218 = ORIENTED_EDGE ( 'NONE', *, *, #2088, .F. ) ;
#5219 = ORIENTED_EDGE ( 'NONE', *, *, #3179, .F. ) ;
#5220 = EDGE_CURVE ( 'NONE', #890, #5095, #519, .T. ) ;
#5221 = EDGE_LOOP ( 'NONE', ( #356, #3412, #3865, #1682, #4562, #3798 ) ) ;
#5222 = DIRECTION ( 'NONE',  ( 0.000000000000000000, 0.000000000000000000, 1.000000000000000000 ) ) ;
#5223 = ORIENTED_EDGE ( 'NONE', *, *, #1418, .T. ) ;
#5224 = EDGE_CURVE ( 'NONE', #2336, #4668, #73, .T. ) ;
#5225 = DIRECTION ( 'NONE',  ( -0.8660254037844387076, 0.000000000000000000, -0.5000000000000001110 ) ) ;
#5226 = EDGE_LOOP ( 'NONE', ( #3256, #182, #1494, #5388, #3695, #2521 ) ) ;
#5227 = EDGE_CURVE ( 'NONE', #2386, #4964, #3854, .T. ) ;
#5228 = FACE_BOUND ( 'NONE', #1478, .T. ) ;
#5229 = CARTESIAN_POINT ( 'NONE',  ( -32.42191295719072741, 0.000000000000000000, -13.88212814779781645 ) ) ;
#5230 = CARTESIAN_POINT ( 'NONE',  ( -3.457021760702332802, 0.000000000000000000, 22.98825573115782461 ) ) ;
#5231 = DIRECTION ( 'NONE',  ( 0.4999999999999999445, 0.000000000000000000, 0.8660254037844387076 ) ) ;
#5232 = AXIS2_PLACEMENT_3D ( 'NONE', #1492, #4783, #4845 ) ;
#5233 = DIRECTION ( 'NONE',  ( -0.5000000000000001110, 0.000000000000000000, -0.8660254037844387076 ) ) ;
#5234 = EDGE_LOOP ( 'NONE', ( #5251, #3362, #5072, #4290 ) ) ;
#5235 = AXIS2_PLACEMENT_3D ( 'NONE', #2931, #3688, #2909 ) ;
#5236 = CARTESIAN_POINT ( 'NONE',  ( 6.628934717893027795, -2.000000000000000000, -4.776000564437810958 ) ) ;
#5237 = FACE_OUTER_BOUND ( 'NONE', #2246, .T. ) ;
#5238 = ORIENTED_EDGE ( 'NONE', *, *, #4218, .F. ) ;
#5239 = CARTESIAN_POINT ( 'NONE',  ( -11.25000000000001421, -2.000000000000000000, 7.286453133402096100E-15 ) ) ;
#5240 = DIRECTION ( 'NONE',  ( 0.000000000000000000, 0.000000000000000000, 1.000000000000000000 ) ) ;
#5241 = AXIS2_PLACEMENT_3D ( 'NONE', #1434, #3153, #1071 ) ;
#5242 = VERTEX_POINT ( 'NONE', #2109 ) ;
#5243 = LINE ( 'NONE', #1414, #4485 ) ;
#5244 = LINE ( 'NONE', #1891, #5450 ) ;
#5245 = ORIENTED_EDGE ( 'NONE', *, *, #3136, .T. ) ;
#5246 = EDGE_CURVE ( 'NONE', #2824, #1661, #4730, .T. ) ;
#5247 = ORIENTED_EDGE ( 'NONE', *, *, #1449, .F. ) ;
#5248 = DIRECTION ( 'NONE',  ( 0.000000000000000000, 0.000000000000000000, -1.000000000000000000 ) ) ;
#5249 = ORIENTED_EDGE ( 'NONE', *, *, #5189, .F. ) ;
#5250 = DIRECTION ( 'NONE',  ( -0.5000000000000000000, 0.000000000000000000, 0.8660254037844385966 ) ) ;
#5251 = ORIENTED_EDGE ( 'NONE', *, *, #1072, .T. ) ;
#5252 = DIRECTION ( 'NONE',  ( 0.000000000000000000, 1.000000000000000000, 0.000000000000000000 ) ) ;
#5253 = DIRECTION ( 'NONE',  ( 1.000000000000000000, 0.000000000000000000, 2.775557561562891351E-16 ) ) ;
#5254 = CARTESIAN_POINT ( 'NONE',  ( 12.92191295719070965, -5.000000000000000000, -13.88212814779781645 ) ) ;
#5255 = LINE ( 'NONE', #150, #175 ) ;
#5256 = LINE ( 'NONE', #2904, #988 ) ;
#5257 = AXIS2_PLACEMENT_3D ( 'NONE', #3588, #2809, #5334 ) ;
#5258 = ORIENTED_EDGE ( 'NONE', *, *, #1629, .F. ) ;
#5259 = CARTESIAN_POINT ( 'NONE',  ( -28.67191295719072386, -5.000000000000000000, 2.165063509461098601 ) ) ;
#5260 = DIRECTION ( 'NONE',  ( -0.000000000000000000, -1.000000000000000000, 0.000000000000000000 ) ) ;
#5261 = AXIS2_PLACEMENT_3D ( 'NONE', #3555, #4797, #4001 ) ;
#5262 = ORIENTED_EDGE ( 'NONE', *, *, #3817, .F. ) ;
#5263 = LINE ( 'NONE', #2297, #3782 ) ;
#5264 = CARTESIAN_POINT ( 'NONE',  ( -36.00000000000000000, -2.000000000000000000, -22.74999999999998934 ) ) ;
#5265 = CARTESIAN_POINT ( 'NONE',  ( -33.71489119648840926, -5.000000000000000000, 22.98825573115782461 ) ) ;
#5266 = ORIENTED_EDGE ( 'NONE', *, *, #2035, .F. ) ;
#5267 = DIRECTION ( 'NONE',  ( 0.000000000000000000, 0.000000000000000000, 1.000000000000000000 ) ) ;
#5268 = CARTESIAN_POINT ( 'NONE',  ( 0.7499999999999867883, -5.000000000000000000, 13.44999999999999218 ) ) ;
#5269 = AXIS2_PLACEMENT_3D ( 'NONE', #4186, #1112, #2411 ) ;
#5270 = EDGE_CURVE ( 'NONE', #234, #2920, #3460, .T. ) ;
#5271 = ORIENTED_EDGE ( 'NONE', *, *, #597, .T. ) ;
#5272 = AXIS2_PLACEMENT_3D ( 'NONE', #5141, #5085, #3391 ) ;
#5273 = AXIS2_PLACEMENT_3D ( 'NONE', #4749, #1423, #144 ) ;
#5274 = ORIENTED_EDGE ( 'NONE', *, *, #3896, .F. ) ;
#5275 = EDGE_CURVE ( 'NONE', #4103, #2663, #4056, .T. ) ;
#5276 = VECTOR ( 'NONE', #92, 1000.000000000000000 ) ;
#5277 = LINE ( 'NONE', #166, #295 ) ;
#5278 = EDGE_LOOP ( 'NONE', ( #1699, #5420, #1377, #2801, #5084, #4053 ) ) ;
#5279 = DIRECTION ( 'NONE',  ( 1.000000000000000000, 0.000000000000000000, 2.775557561562891351E-16 ) ) ;
#5280 = ORIENTED_EDGE ( 'NONE', *, *, #522, .T. ) ;
#5281 = CARTESIAN_POINT ( 'NONE',  ( -23.25000000000001421, -5.000000000000000000, 11.99999999999999112 ) ) ;
#5282 = CARTESIAN_POINT ( 'NONE',  ( 9.171912957190707871, 0.000000000000000000, 11.71706463833672274 ) ) ;
#5283 = EDGE_CURVE ( 'NONE', #1633, #5290, #1353, .T. ) ;
#5284 = EDGE_CURVE ( 'NONE', #2721, #3989, #5044, .T. ) ;
#5285 = EDGE_CURVE ( 'NONE', #2270, #5069, #1327, .T. ) ;
#5286 = LINE ( 'NONE', #1491, #273 ) ;
#5287 = DIRECTION ( 'NONE',  ( -0.000000000000000000, -1.000000000000000000, 0.000000000000000000 ) ) ;
#5288 = AXIS2_PLACEMENT_3D ( 'NONE', #495, #4676, #4266 ) ;
#5289 = CARTESIAN_POINT ( 'NONE',  ( 18.99999999999999645, 0.000000000000000000, -25.90000000000000213 ) ) ;
#5290 = VERTEX_POINT ( 'NONE', #1711 ) ;
#5291 = DIRECTION ( 'NONE',  ( -0.000000000000000000, -1.000000000000000000, 0.000000000000000000 ) ) ;
#5292 = FACE_OUTER_BOUND ( 'NONE', #3608, .T. ) ;
#5293 = DIRECTION ( 'NONE',  ( 0.000000000000000000, 1.000000000000000000, 0.000000000000000000 ) ) ;
#5294 = ORIENTED_EDGE ( 'NONE', *, *, #2763, .F. ) ;
#5295 = LINE ( 'NONE', #5320, #2224 ) ;
#5296 = CARTESIAN_POINT ( 'NONE',  ( -15.33196167142835620, -2.000000000000000000, -8.851912198204185955 ) ) ;
#5297 = VECTOR ( 'NONE', #2905, 1000.000000000000227 ) ;
#5298 = ORIENTED_EDGE ( 'NONE', *, *, #1412, .F. ) ;
#5299 = DIRECTION ( 'NONE',  ( 0.4999999999999999445, 0.000000000000000000, 0.8660254037844387076 ) ) ;
#5300 = CARTESIAN_POINT ( 'NONE',  ( 16.00000000000001066, -2.000000000000000000, -16.35999999999977916 ) ) ;
#5301 = EDGE_LOOP ( 'NONE', ( #1057, #1827, #3527, #2273 ) ) ;
#5302 = VERTEX_POINT ( 'NONE', #2577 ) ;
#5303 = CARTESIAN_POINT ( 'NONE',  ( 14.21489119648838440, -5.000000000000000000, 22.98825573115782817 ) ) ;
#5304 = ORIENTED_EDGE ( 'NONE', *, *, #1063, .T. ) ;
#5305 = CARTESIAN_POINT ( 'NONE',  ( -36.00000000000000711, -2.000000000000000000, -24.99999999999999645 ) ) ;
#5306 = VERTEX_POINT ( 'NONE', #523 ) ;
#5307 = CARTESIAN_POINT ( 'NONE',  ( 18.99999999999999645, -2.000000000000000000, -24.50000000000000355 ) ) ;
#5308 = EDGE_CURVE ( 'NONE', #1743, #1585, #2241, .T. ) ;
#5309 = DIRECTION ( 'NONE',  ( 0.4999999999999998890, 0.000000000000000000, 0.8660254037844385966 ) ) ;
#5310 = CARTESIAN_POINT ( 'NONE',  ( -32.46489119648840216, -2.000000000000000000, -6.941064073898908227 ) ) ;
#5311 = DIRECTION ( 'NONE',  ( 0.8660254037844387076, 0.000000000000000000, -0.5000000000000001110 ) ) ;
#5312 = CARTESIAN_POINT ( 'NONE',  ( 0.000000000000000000, -5.000000000000000000, 0.000000000000000000 ) ) ;
#5313 = VERTEX_POINT ( 'NONE', #4243 ) ;
#5314 = DIRECTION ( 'NONE',  ( 0.000000000000000000, 0.000000000000000000, 1.000000000000000000 ) ) ;
#5315 = DIRECTION ( 'NONE',  ( 2.775557561562893816E-16, 0.000000000000000000, 1.000000000000000000 ) ) ;
#5316 = EDGE_CURVE ( 'NONE', #897, #5193, #437, .T. ) ;
#5317 = CARTESIAN_POINT ( 'NONE',  ( -7.207021760702333246, -5.000000000000000000, 20.82319222169673267 ) ) ;
#5318 = ORIENTED_EDGE ( 'NONE', *, *, #1931, .T. ) ;
#5319 = CARTESIAN_POINT ( 'NONE',  ( 12.92191295719070609, -2.000000000000000000, -13.88212814779781645 ) ) ;
#5320 = CARTESIAN_POINT ( 'NONE',  ( 14.21489119648838440, 0.000000000000000000, -4.776000564437810070 ) ) ;
#5321 = CARTESIAN_POINT ( 'NONE',  ( 7.921912957190708759, -5.000000000000000000, 3.196152700731393163E-15 ) ) ;
#5322 = VECTOR ( 'NONE', #4338, 1000.000000000000000 ) ;
#5323 = ORIENTED_EDGE ( 'NONE', *, *, #2763, .T. ) ;
#5324 = EDGE_CURVE ( 'NONE', #3459, #2300, #3857, .T. ) ;
#5325 = CARTESIAN_POINT ( 'NONE',  ( 16.00000000000000000, 0.000000000000000000, -22.74999999999999645 ) ) ;
#5326 = EDGE_CURVE ( 'NONE', #1194, #2973, #1741, .T. ) ;
#5327 = DIRECTION ( 'NONE',  ( -0.8660254037844387076, 0.000000000000000000, 0.4999999999999999445 ) ) ;
#5328 = VECTOR ( 'NONE', #891, 1000.000000000000000 ) ;
#5329 = ORIENTED_EDGE ( 'NONE', *, *, #2036, .F. ) ;
#5330 = VECTOR ( 'NONE', #1500, 1000.000000000000114 ) ;
#5331 = ORIENTED_EDGE ( 'NONE', *, *, #4415, .F. ) ;
#5332 = AXIS2_PLACEMENT_3D ( 'NONE', #5470, #2445, #3722 ) ;
#5333 = VECTOR ( 'NONE', #4398, 1000.000000000000227 ) ;
#5334 = DIRECTION ( 'NONE',  ( 0.000000000000000000, 0.000000000000000000, 1.000000000000000000 ) ) ;
#5335 = VERTEX_POINT ( 'NONE', #1266 ) ;
#5336 = AXIS2_PLACEMENT_3D ( 'NONE', #1720, #3417, #4595 ) ;
#5337 = DIRECTION ( 'NONE',  ( 0.000000000000000000, 1.000000000000000000, -0.000000000000000000 ) ) ;
#5338 = ORIENTED_EDGE ( 'NONE', *, *, #313, .T. ) ;
#5339 = FACE_OUTER_BOUND ( 'NONE', #5453, .T. ) ;
#5340 = DIRECTION ( 'NONE',  ( 1.000000000000000000, 0.000000000000000000, 2.775557561562891351E-16 ) ) ;
#5341 = EDGE_CURVE ( 'NONE', #2529, #5472, #3940, .T. ) ;
#5342 = LINE ( 'NONE', #4174, #933 ) ;
#5343 = EDGE_CURVE ( 'NONE', #335, #152, #3026, .T. ) ;
#5344 = FACE_OUTER_BOUND ( 'NONE', #1077, .T. ) ;
#5345 = DIRECTION ( 'NONE',  ( -0.5000000000000000000, 0.000000000000000000, -0.8660254037844385966 ) ) ;
#5346 = CARTESIAN_POINT ( 'NONE',  ( 6.628934717893026018, -2.000000000000000000, 9.106127583360008160 ) ) ;
#5347 = EDGE_CURVE ( 'NONE', #1553, #5466, #106, .T. ) ;
#5348 = DIRECTION ( 'NONE',  ( -0.5000000000000001110, 0.000000000000000000, 0.8660254037844387076 ) ) ;
#5349 = DIRECTION ( 'NONE',  ( -0.8660254037844387076, 0.000000000000000000, -0.5000000000000001110 ) ) ;
#5350 = ORIENTED_EDGE ( 'NONE', *, *, #20, .F. ) ;
#5351 = LINE ( 'NONE', #2825, #2815 ) ;
#5352 = VERTEX_POINT ( 'NONE', #1381 ) ;
#5353 = VERTEX_POINT ( 'NONE', #4658 ) ;
#5354 = EDGE_CURVE ( 'NONE', #897, #5313, #3465, .T. ) ;
#5355 = VECTOR ( 'NONE', #81, 1000.000000000000000 ) ;
#5356 = CARTESIAN_POINT ( 'NONE',  ( -33.71489119648840926, -2.000000000000000000, 9.106127583360008160 ) ) ;
#5357 = DIRECTION ( 'NONE',  ( 1.000000000000000000, 0.000000000000000000, 2.775557561562891351E-16 ) ) ;
#5358 = VERTEX_POINT ( 'NONE', #3495 ) ;
#5359 = VECTOR ( 'NONE', #3171, 1000.000000000000000 ) ;
#5360 = ORIENTED_EDGE ( 'NONE', *, *, #3897, .T. ) ;
#5361 = AXIS2_PLACEMENT_3D ( 'NONE', #2716, #189, #2743 ) ;
#5362 = LINE ( 'NONE', #5303, #3129 ) ;
#5363 = EDGE_LOOP ( 'NONE', ( #5106, #4442, #1279, #1856 ) ) ;
#5364 = VECTOR ( 'NONE', #2788, 1000.000000000000000 ) ;
#5365 = FACE_OUTER_BOUND ( 'NONE', #2873, .T. ) ;
#5366 = ORIENTED_EDGE ( 'NONE', *, *, #2389, .T. ) ;
#5367 = DIRECTION ( 'NONE',  ( -5.551115123125782702E-17, 0.000000000000000000, -1.000000000000000000 ) ) ;
#5368 = AXIS2_PLACEMENT_3D ( 'NONE', #3908, #104, #16 ) ;
#5369 = FACE_OUTER_BOUND ( 'NONE', #4212, .T. ) ;
#5370 = DIRECTION ( 'NONE',  ( -0.8660254037844387076, 0.000000000000000000, 0.4999999999999999445 ) ) ;
#5371 = DIRECTION ( 'NONE',  ( -0.5000000000000001110, 0.000000000000000000, 0.8660254037844387076 ) ) ;
#5372 = PLANE ( 'NONE',  #2722 ) ;
#5373 = EDGE_CURVE ( 'NONE', #5242, #1939, #5102, .T. ) ;
#5374 = SURFACE_SIDE_STYLE ('',( #791 ) ) ;
#5375 = FACE_OUTER_BOUND ( 'NONE', #3325, .T. ) ;
#5376 =( GEOMETRIC_REPRESENTATION_CONTEXT ( 3 ) GLOBAL_UNCERTAINTY_ASSIGNED_CONTEXT ( ( #4635 ) ) GLOBAL_UNIT_ASSIGNED_CONTEXT ( ( #580, #3125, #2768 ) ) REPRESENTATION_CONTEXT ( 'NONE', 'WORKASPACE' ) );
#5377 = DIRECTION ( 'NONE',  ( -2.775557561562891351E-16, 0.000000000000000000, 1.000000000000000000 ) ) ;
#5378 = FACE_OUTER_BOUND ( 'NONE', #855, .T. ) ;
#5379 = ORIENTED_EDGE ( 'NONE', *, *, #1450, .T. ) ;
#5380 = ORIENTED_EDGE ( 'NONE', *, *, #4319, .F. ) ;
#5381 = CARTESIAN_POINT ( 'NONE',  ( -23.25000000000001421, -5.000000000000000000, 11.99999999999999112 ) ) ;
#5382 = EDGE_CURVE ( 'NONE', #1505, #5409, #4321, .T. ) ;
#5383 = LINE ( 'NONE', #3273, #3134 ) ;
#5384 = VERTEX_POINT ( 'NONE', #1301 ) ;
#5385 = DIRECTION ( 'NONE',  ( 0.000000000000000000, 0.000000000000000000, 1.000000000000000000 ) ) ;
#5386 = EDGE_CURVE ( 'NONE', #4937, #3133, #3076, .T. ) ;
#5387 = EDGE_CURVE ( 'NONE', #2721, #4130, #134, .T. ) ;
#5388 = ORIENTED_EDGE ( 'NONE', *, *, #1118, .T. ) ;
#5389 = LINE ( 'NONE', #835, #1546 ) ;
#5390 = EDGE_LOOP ( 'NONE', ( #2795, #3355, #2167, #1326 ) ) ;
#5391 = FACE_BOUND ( 'NONE', #3490, .T. ) ;
#5392 = ORIENTED_EDGE ( 'NONE', *, *, #1490, .F. ) ;
#5393 = LINE ( 'NONE', #678, #4565 ) ;
#5394 = ADVANCED_FACE ( 'NONE', ( #2187 ), #2996, .T. ) ;
#5395 = ADVANCED_FACE ( 'NONE', ( #18 ), #1356, .F. ) ;
#5396 = ADVANCED_FACE ( 'NONE', ( #2132 ), #3405, .T. ) ;
#5397 = EDGE_CURVE ( 'NONE', #2247, #1577, #3156, .T. ) ;
#5398 = CARTESIAN_POINT ( 'NONE',  ( -36.21489119648840926, -2.000000000000000000, 9.106127583360008160 ) ) ;
#5399 = ORIENTED_EDGE ( 'NONE', *, *, #1867, .T. ) ;
#5400 = CARTESIAN_POINT ( 'NONE',  ( 9.171912957190709648, 0.000000000000000000, -11.71706463833671918 ) ) ;
#5401 = CARTESIAN_POINT ( 'NONE',  ( 5.164769947065751765, -2.000000000000000000, 2.981881319240899497 ) ) ;
#5402 = CARTESIAN_POINT ( 'NONE',  ( 6.628934717893027795, -5.000000000000000000, -4.776000564437810958 ) ) ;
#5403 = VECTOR ( 'NONE', #4366, 999.9999999999998863 ) ;
#5404 = CARTESIAN_POINT ( 'NONE',  ( -5.957021760702333246, 0.000000000000000000, 18.65812871223563363 ) ) ;
#5405 = DIRECTION ( 'NONE',  ( 0.000000000000000000, 1.000000000000000000, -0.000000000000000000 ) ) ;
#5406 = PLANE ( 'NONE',  #4258 ) ;
#5407 = ADVANCED_FACE ( 'NONE', ( #4908 ), #2797, .F. ) ;
#5408 = LINE ( 'NONE', #1603, #1660 ) ;
#5409 = VERTEX_POINT ( 'NONE', #4438 ) ;
#5410 = EDGE_LOOP ( 'NONE', ( #2106, #1806, #4454, #3374 ) ) ;
#5411 = DIRECTION ( 'NONE',  ( 0.000000000000000000, 1.000000000000000000, 0.000000000000000000 ) ) ;
#5412 = DIRECTION ( 'NONE',  ( -0.000000000000000000, -1.000000000000000000, 0.000000000000000000 ) ) ;
#5413 = EDGE_CURVE ( 'NONE', #2410, #1539, #607, .T. ) ;
#5414 = VERTEX_POINT ( 'NONE', #2739 ) ;
#5415 = DIRECTION ( 'NONE',  ( 0.000000000000000000, 0.000000000000000000, 1.000000000000000000 ) ) ;
#5416 = CIRCLE ( 'NONE', #3019, 1.399999999999995026 ) ;
#5417 = ORIENTED_EDGE ( 'NONE', *, *, #943, .F. ) ;
#5418 = VECTOR ( 'NONE', #5293, 1000.000000000000000 ) ;
#5419 = CARTESIAN_POINT ( 'NONE',  ( -39.50000000000000000, -2.000000000000000000, -25.00000000000000000 ) ) ;
#5420 = ORIENTED_EDGE ( 'NONE', *, *, #5008, .T. ) ;
#5421 = EDGE_CURVE ( 'NONE', #3511, #3856, #3517, .T. ) ;
#5422 = EDGE_CURVE ( 'NONE', #4036, #825, #4466, .T. ) ;
#5423 = DIRECTION ( 'NONE',  ( 0.000000000000000000, 0.000000000000000000, 1.000000000000000000 ) ) ;
#5424 = ORIENTED_EDGE ( 'NONE', *, *, #4125, .F. ) ;
#5425 = DIRECTION ( 'NONE',  ( 0.4999999999999997224, -0.000000000000000000, -0.8660254037844387076 ) ) ;
#5426 = CIRCLE ( 'NONE', #4706, 1.399999999999998579 ) ;
#5427 = CARTESIAN_POINT ( 'NONE',  ( -23.25000000000001421, 0.000000000000000000, 11.99999999999999112 ) ) ;
#5428 = ORIENTED_EDGE ( 'NONE', *, *, #734, .T. ) ;
#5429 = VECTOR ( 'NONE', #2733, 1000.000000000000000 ) ;
#5430 = DIRECTION ( 'NONE',  ( -5.551115123125782702E-17, 0.000000000000000000, -1.000000000000000000 ) ) ;
#5431 = DIRECTION ( 'NONE',  ( -0.8660254037844387076, 0.000000000000000000, -0.5000000000000001110 ) ) ;
#5432 = DIRECTION ( 'NONE',  ( -1.000000000000000000, 0.000000000000000000, 5.551115123125782702E-17 ) ) ;
#5433 = LINE ( 'NONE', #2879, #3116 ) ;
#5434 = CARTESIAN_POINT ( 'NONE',  ( 0.7499999999999867883, 0.000000000000000000, -11.99999999999999112 ) ) ;
#5435 = FACE_OUTER_BOUND ( 'NONE', #169, .T. ) ;
#5436 = FACE_OUTER_BOUND ( 'NONE', #4896, .T. ) ;
#5437 = VERTEX_POINT ( 'NONE', #660 ) ;
#5438 = VERTEX_POINT ( 'NONE', #3216 ) ;
#5439 = DIRECTION ( 'NONE',  ( 0.8660254037844387076, 0.000000000000000000, -0.5000000000000001110 ) ) ;
#5440 = LINE ( 'NONE', #799, #3863 ) ;
#5441 = ORIENTED_EDGE ( 'NONE', *, *, #3437, .T. ) ;
#5442 = LINE ( 'NONE', #5074, #3653 ) ;
#5443 = VECTOR ( 'NONE', #3192, 1000.000000000000227 ) ;
#5444 = VERTEX_POINT ( 'NONE', #690 ) ;
#5445 = EDGE_CURVE ( 'NONE', #5069, #4242, #5263, .T. ) ;
#5446 = CARTESIAN_POINT ( 'NONE',  ( -31.17191295719072031, -5.000000000000000000, 2.165063509461099489 ) ) ;
#5447 = ORIENTED_EDGE ( 'NONE', *, *, #1525, .F. ) ;
#5448 = LINE ( 'NONE', #2093, #804 ) ;
#5449 = ORIENTED_EDGE ( 'NONE', *, *, #2274, .T. ) ;
#5450 = VECTOR ( 'NONE', #2302, 1000.000000000000000 ) ;
#5451 = CARTESIAN_POINT ( 'NONE',  ( -36.21489119648840926, 0.000000000000000000, 22.98825573115782817 ) ) ;
#5452 = DIRECTION ( 'NONE',  ( 0.4999999999999997224, -0.000000000000000000, -0.8660254037844387076 ) ) ;
#5453 = EDGE_LOOP ( 'NONE', ( #836, #4771, #1191, #5135 ) ) ;
#5454 = CIRCLE ( 'NONE', #3059, 1.449999999999999956 ) ;
#5455 = CARTESIAN_POINT ( 'NONE',  ( 22.00000000000001421, -2.000000000000000000, 0.000000000000000000 ) ) ;
#5456 = AXIS2_PLACEMENT_3D ( 'NONE', #1982, #5430, #3312 ) ;
#5457 = AXIS2_PLACEMENT_3D ( 'NONE', #3389, #5480, #4592 ) ;
#5458 = EDGE_CURVE ( 'NONE', #4469, #2095, #2983, .T. ) ;
#5459 = DIRECTION ( 'NONE',  ( -0.8660254037844387076, 0.000000000000000000, -0.5000000000000001110 ) ) ;
#5460 = ADVANCED_FACE ( 'NONE', ( #183 ), #632, .T. ) ;
#5461 = EDGE_CURVE ( 'NONE', #640, #1237, #5210, .T. ) ;
#5462 = CARTESIAN_POINT ( 'NONE',  ( 7.361440405411196153, -2.000000000000000000, 4.250129599687541671 ) ) ;
#5463 = DIRECTION ( 'NONE',  ( 1.000000000000000000, 0.000000000000000000, 2.775557561562891351E-16 ) ) ;
#5464 = DIRECTION ( 'NONE',  ( -0.8660254037844387076, 0.000000000000000000, 0.4999999999999999445 ) ) ;
#5465 = ORIENTED_EDGE ( 'NONE', *, *, #4599, .T. ) ;
#5466 = VERTEX_POINT ( 'NONE', #5319 ) ;
#5467 = DIRECTION ( 'NONE',  ( 0.000000000000000000, 1.000000000000000000, 0.000000000000000000 ) ) ;
#5468 = CARTESIAN_POINT ( 'NONE',  ( -39.50000000000000000, -2.000000000000000000, -25.00000000000000000 ) ) ;
#5469 = EDGE_LOOP ( 'NONE', ( #478, #2951, #5262, #4086 ) ) ;
#5470 = CARTESIAN_POINT ( 'NONE',  ( -39.00000000000000711, 0.000000000000000000, 24.50000000000002487 ) ) ;
#5471 = VECTOR ( 'NONE', #4655, 1000.000000000000000 ) ;
#5472 = VERTEX_POINT ( 'NONE', #3100 ) ;
#5473 = FACE_OUTER_BOUND ( 'NONE', #863, .T. ) ;
#5474 = VECTOR ( 'NONE', #4439, 1000.000000000000000 ) ;
#5475 = ORIENTED_EDGE ( 'NONE', *, *, #3415, .F. ) ;
#5476 = DIRECTION ( 'NONE',  ( 0.4999999999999999445, 0.000000000000000000, 0.8660254037844387076 ) ) ;
#5477 = ORIENTED_EDGE ( 'NONE', *, *, #3649, .T. ) ;
#5478 = ORIENTED_EDGE ( 'NONE', *, *, #5107, .T. ) ;
#5479 = EDGE_CURVE ( 'NONE', #3481, #26, #1479, .T. ) ;
#5480 = DIRECTION ( 'NONE',  ( 0.000000000000000000, 1.000000000000000000, -0.000000000000000000 ) ) ;
#5481 = ORIENTED_EDGE ( 'NONE', *, *, #1755, .T. ) ;
#5482 = DIRECTION ( 'NONE',  ( -1.000000000000000000, 0.000000000000000000, 5.551115123125782702E-17 ) ) ;
#5483 = LINE ( 'NONE', #3844, #3274 ) ;
#5484 = CARTESIAN_POINT ( 'NONE',  ( -1.325606448065403932E-15, -2.000000000000000000, 4.776000564437823392 ) ) ;
#5485 = DIRECTION ( 'NONE',  ( 0.4999999999999997224, 0.000000000000000000, -0.8660254037844387076 ) ) ;
#5486 = CARTESIAN_POINT ( 'NONE',  ( 6.718099488720304713, -2.000000000000000000, -3.878696548255355037 ) ) ;
#5487 = ORIENTED_EDGE ( 'NONE', *, *, #2428, .F. ) ;
#5488 = ORIENTED_EDGE ( 'NONE', *, *, #1820, .F. ) ;
#5489 = CARTESIAN_POINT ( 'NONE',  ( 2.527458127055125635E-15, -2.000000000000000000, -9.106127583359995725 ) ) ;
#5490 = CARTESIAN_POINT ( 'NONE',  ( 4.128934717893026907, 0.000000000000000000, -9.106127583360002831 ) ) ;
#5491 = ORIENTED_EDGE ( 'NONE', *, *, #4875, .F. ) ;
#5492 = LINE ( 'NONE', #3380, #3472 ) ;
#5493 = EDGE_LOOP ( 'NONE', ( #1338, #3254, #4082, #143 ) ) ;
#5494 = DIRECTION ( 'NONE',  ( -0.5000000000000000000, 0.000000000000000000, -0.8660254037844385966 ) ) ;
#5495 = ORIENTED_EDGE ( 'NONE', *, *, #3398, .T. ) ;
#5496 = CARTESIAN_POINT ( 'NONE',  ( -39.00000000000000711, -2.000000000000000000, 24.50000000000002487 ) ) ;
#5497 = ORIENTED_EDGE ( 'NONE', *, *, #696, .T. ) ;
ENDSEC;
END-ISO-10303-21;
